season,award,player,player_id,age,winner
2025,nba clutch_poy,Jalen Brunson,brunsja01,28,True
2025,nba clutch_poy,Nikola Jokić,jokicni01,29,False
2025,nba clutch_poy,Anthony Edwards,edwaran01,23,False
2025,nba clutch_poy,Trae Young,youngtr01,26,False
2025,nba clutch_poy,Stephen Curry,curryst01,36,False
2025,nba clutch_poy,Darius Garland,garlada01,25,False
2025,nba clutch_poy,LeBron James,jamesle01,40,False
2025,nba clutch_poy,Shai Gilgeous-Alexander,gilgesh01,26,False
2025,nba clutch_poy,Donovan Mitchell,mitchdo01,28,False
2025,nba clutch_poy,Kyrie Irving,irvinky01,32,False
2025,nba clutch_poy,Tyrese Maxey,maxeyty01,24,False
2025,nba clutch_poy,Jayson Tatum,tatumja01,26,False
2025,nba dpoy,Evan Mobley,mobleev01,23,True
2025,nba dpoy,Dyson Daniels,daniedy01,21,False
2025,nba dpoy,Draymond Green,greendr01,34,False
2025,nba dpoy,Luguentz Dort,dortlu01,25,False
2025,nba dpoy,Amen Thompson,thompam01,22,False
2025,nba dpoy,Ivica Zubac,zubaciv01,27,False
2025,nba dpoy,Jaren Jackson Jr.,jacksja02,25,False
2025,nba dpoy,Giannis Antetokounmpo,antetgi01,30,False
2025,nba dpoy,Toumani Camara,camarto01,24,False
2025,nba dpoy,Bam Adebayo,adebaba01,27,False
2025,nba dpoy,Shai Gilgeous-Alexander,gilgesh01,26,False
2025,nba dpoy,Derrick White,whitede01,30,False
2025,nba dpoy,Rudy Gobert,goberru01,32,False
2025,nba mip,Dyson Daniels,daniedy01,21,True
2025,nba mip,Ivica Zubac,zubaciv01,27,False
2025,nba mip,Cade Cunningham,cunnica01,23,False
2025,nba mip,Christian Braun,braunch01,23,False
2025,nba mip,Austin Reaves,reaveau01,26,False
2025,nba mip,Evan Mobley,mobleev01,23,False
2025,nba mip,Amen Thompson,thompam01,22,False
2025,nba mip,Deni Avdija,avdijde01,24,False
2025,nba mip,Tyler Herro,herroty01,25,False
2025,nba mip,Josh Giddey,giddejo01,22,False
2025,nba mip,Payton Pritchard,pritcpa01,27,False
2025,nba mip,Toumani Camara,camarto01,24,False
2025,nba mip,OG Anunoby,anunoog01,27,False
2025,nba mip,Jalen Williams,willija06,23,False
2025,nba mvp,Shai Gilgeous-Alexander,gilgesh01,26,True
2025,nba mvp,Nikola Jokić,jokicni01,29,False
2025,nba mvp,Giannis Antetokounmpo,antetgi01,30,False
2025,nba mvp,Jayson Tatum,tatumja01,26,False
2025,nba mvp,Donovan Mitchell,mitchdo01,28,False
2025,nba mvp,LeBron James,jamesle01,40,False
2025,nba mvp,Cade Cunningham,cunnica01,23,False
2025,nba mvp,Anthony Edwards,edwaran01,23,False
2025,nba mvp,Stephen Curry,curryst01,36,False
2025,nba mvp,Jalen Brunson,brunsja01,28,False
2025,nba mvp,James Harden,hardeja01,35,False
2025,nba mvp,Evan Mobley,mobleev01,23,False
2025,nba roy,Stephon Castle,castlst01,20,True
2025,nba roy,Zaccharie Risacher,risacza01,19,False
2025,nba roy,Jaylen Wells,wellsja01,21,False
2025,nba roy,Alex Sarr,sarral01,19,False
2025,nba roy,Zach Edey,edeyza01,22,False
2025,nba roy,Kel'el Ware,wareke01,20,False
2025,nba roy,Matas Buzelis,buzelma01,20,False
2025,nba roy,Jared McCain,mccaija01,20,False
2025,nba smoy,Payton Pritchard,pritcpa01,27,True
2025,nba smoy,Malik Beasley,beaslma01,28,False
2025,nba smoy,Ty Jerome,jeromty01,27,False
2025,nba smoy,De'Andre Hunter,huntede01,27,False
2025,nba smoy,Naz Reid,reidna01,25,False
2025,nba smoy,Nickeil Alexander-Walker,alexani01,26,False
2025,nba smoy,Russell Westbrook,westbru01,36,False
2025,nba smoy,Alex Caruso,carusal01,30,False
2024,nba clutch_poy,Stephen Curry,curryst01,35,True
2024,nba clutch_poy,DeMar DeRozan,derozde01,34,False
2024,nba clutch_poy,Shai Gilgeous-Alexander,gilgesh01,25,False
2024,nba clutch_poy,Nikola Jokić,jokicni01,28,False
2024,nba clutch_poy,Jalen Brunson,brunsja01,27,False
2024,nba clutch_poy,Luka Dončić,doncilu01,24,False
2024,nba clutch_poy,Kyrie Irving,irvinky01,31,False
2024,nba clutch_poy,Anthony Edwards,edwaran01,22,False
2024,nba clutch_poy,Jayson Tatum,tatumja01,25,False
2024,nba clutch_poy,LeBron James,jamesle01,39,False
2024,nba clutch_poy,Damian Lillard,lillada01,33,False
2024,nba clutch_poy,Giannis Antetokounmpo,antetgi01,29,False
2024,nba clutch_poy,De'Aaron Fox,foxde01,26,False
2024,nba clutch_poy,Malik Monk,monkma01,25,False
2024,nba clutch_poy,Jalen Williams,willija06,22,False
2024,nba dpoy,Rudy Gobert,goberru01,31,True
2024,nba dpoy,Victor Wembanyama,wembavi01,20,False
2024,nba dpoy,Bam Adebayo,adebaba01,26,False
2024,nba dpoy,Anthony Davis,davisan02,30,False
2024,nba dpoy,Herbert Jones,joneshe01,25,False
2024,nba dpoy,Jrue Holiday,holidjr01,33,False
2024,nba dpoy,Shai Gilgeous-Alexander,gilgesh01,25,False
2024,nba dpoy,Derrick White,whitede01,29,False
2024,nba dpoy,Giannis Antetokounmpo,antetgi01,29,False
2024,nba dpoy,Jarrett Allen,allenja01,25,False
2024,nba dpoy,Alex Caruso,carusal01,29,False
2024,nba dpoy,Domantas Sabonis,sabondo01,27,False
2024,nba dpoy,Jalen Suggs,suggsja01,22,False
2024,nba mip,Tyrese Maxey,maxeyty01,23,True
2024,nba mip,Coby White,whiteco01,23,False
2024,nba mip,Alperen Şengün,sengual01,21,False
2024,nba mip,Jalen Williams,willija06,22,False
2024,nba mip,Jalen Brunson,brunsja01,27,False
2024,nba mip,Deni Avdija,avdijde01,23,False
2024,nba mip,Cam Thomas,thomaca02,22,False
2024,nba mip,Jalen Suggs,suggsja01,22,False
2024,nba mip,Tyrese Haliburton,halibty01,23,False
2024,nba mip,Grayson Allen,allengr01,28,False
2024,nba mip,Duncan Robinson,robindu01,29,False
2024,nba mip,Shai Gilgeous-Alexander,gilgesh01,25,False
2024,nba mip,Devin Vassell,vassede01,23,False
2024,nba mip,Aaron Nesmith,nesmiaa01,24,False
2024,nba mvp,Nikola Jokić,jokicni01,28,True
2024,nba mvp,Shai Gilgeous-Alexander,gilgesh01,25,False
2024,nba mvp,Luka Dončić,doncilu01,24,False
2024,nba mvp,Giannis Antetokounmpo,antetgi01,29,False
2024,nba mvp,Jalen Brunson,brunsja01,27,False
2024,nba mvp,Jayson Tatum,tatumja01,25,False
2024,nba mvp,Anthony Edwards,edwaran01,22,False
2024,nba mvp,Domantas Sabonis,sabondo01,27,False
2024,nba mvp,Kevin Durant,duranke01,35,False
2024,nba roy,Victor Wembanyama,wembavi01,20,True
2024,nba roy,Chet Holmgren,holmgch01,21,False
2024,nba roy,Brandon Miller,millebr02,21,False
2024,nba roy,Jaime Jaquez Jr.,jaqueja01,22,False
2024,nba roy,Brandin Podziemski,podzibr01,20,False
2024,nba roy,Dereck Lively II,livelde01,19,False
2024,nba smoy,Naz Reid,reidna01,24,True
2024,nba smoy,Malik Monk,monkma01,25,False
2024,nba smoy,Bobby Portis,portibo01,28,False
2024,nba smoy,Norman Powell,powelno01,30,False
2024,nba smoy,Bogdan Bogdanović,bogdabo01,31,False
2024,nba smoy,Jose Alvarado,alvarjo01,25,False
2024,nba smoy,T.J. McConnell,mccontj01,31,False
2024,nba smoy,Russell Westbrook,westbru01,35,False
2024,nba smoy,Bojan Bogdanović,bogdabo02,34,False
2024,nba smoy,Tim Hardaway Jr.,hardati02,31,False
2024,nba smoy,Jonathan Isaac,isaacjo01,26,False
2024,nba smoy,Jaime Jaquez Jr.,jaqueja01,22,False
2023,nba clutch_poy,De'Aaron Fox,foxde01,25,True
2023,nba clutch_poy,Jimmy Butler,butleji01,33,False
2023,nba clutch_poy,DeMar DeRozan,derozde01,33,False
2023,nba clutch_poy,Jalen Brunson,brunsja01,26,False
2023,nba clutch_poy,Joel Embiid,embiijo01,28,False
2023,nba clutch_poy,Donovan Mitchell,mitchdo01,26,False
2023,nba clutch_poy,Shai Gilgeous-Alexander,gilgesh01,24,False
2023,nba clutch_poy,Luka Dončić,doncilu01,23,False
2023,nba clutch_poy,Stephen Curry,curryst01,34,False
2023,nba clutch_poy,Damian Lillard,lillada01,32,False
2023,nba clutch_poy,Jayson Tatum,tatumja01,24,False
2023,nba clutch_poy,Kyrie Irving,irvinky01,30,False
2023,nba clutch_poy,Nikola Jokić,jokicni01,27,False
2023,nba clutch_poy,Julius Randle,randlju01,28,False
2023,nba dpoy,Jaren Jackson Jr.,jacksja02,23,True
2023,nba dpoy,Brook Lopez,lopezbr01,34,False
2023,nba dpoy,Evan Mobley,mobleev01,21,False
2023,nba dpoy,Draymond Green,greendr01,32,False
2023,nba dpoy,Bam Adebayo,adebaba01,25,False
2023,nba dpoy,Giannis Antetokounmpo,antetgi01,28,False
2023,nba dpoy,OG Anunoby,anunoog01,25,False
2023,nba dpoy,Jrue Holiday,holidjr01,32,False
2023,nba dpoy,Joel Embiid,embiijo01,28,False
2023,nba dpoy,Nic Claxton,claxtni01,23,False
2023,nba dpoy,Alex Caruso,carusal01,28,False
2023,nba dpoy,Jimmy Butler,butleji01,33,False
2023,nba mip,Lauri Markkanen,markkla01,25,True
2023,nba mip,Shai Gilgeous-Alexander,gilgesh01,24,False
2023,nba mip,Jalen Brunson,brunsja01,26,False
2023,nba mip,Mikal Bridges,bridgmi01,26,False
2023,nba mip,Nic Claxton,claxtni01,23,False
2023,nba mip,Tyrese Haliburton,halibty01,22,False
2023,nba mip,Trey Murphy III,murphtr02,22,False
2023,nba mip,De'Aaron Fox,foxde01,25,False
2023,nba mip,Kevon Looney,looneke01,26,False
2023,nba mip,Austin Reaves,reaveau01,24,False
2023,nba mip,Aaron Gordon,gordoaa01,27,False
2023,nba mip,Jaren Jackson Jr.,jacksja02,23,False
2023,nba mip,Malik Monk,monkma01,24,False
2023,nba mvp,Joel Embiid,embiijo01,28,True
2023,nba mvp,Nikola Jokić,jokicni01,27,False
2023,nba mvp,Giannis Antetokounmpo,antetgi01,28,False
2023,nba mvp,Jayson Tatum,tatumja01,24,False
2023,nba mvp,Shai Gilgeous-Alexander,gilgesh01,24,False
2023,nba mvp,Donovan Mitchell,mitchdo01,26,False
2023,nba mvp,Domantas Sabonis,sabondo01,26,False
2023,nba mvp,Luka Dončić,doncilu01,23,False
2023,nba mvp,Stephen Curry,curryst01,34,False
2023,nba mvp,Jimmy Butler,butleji01,33,False
2023,nba mvp,De'Aaron Fox,foxde01,25,False
2023,nba mvp,Jalen Brunson,brunsja01,26,False
2023,nba mvp,Ja Morant,moranja01,23,False
2023,nba roy,Paolo Banchero,banchpa01,20,True
2023,nba roy,Jalen Williams,willija06,21,False
2023,nba roy,Walker Kessler,kesslwa01,21,False
2023,nba roy,Bennedict Mathurin,mathube01,20,False
2023,nba roy,Keegan Murray,murrake02,22,False
2023,nba roy,Jaden Ivey,iveyja01,20,False
2023,nba smoy,Malcolm Brogdon,brogdma01,30,True
2023,nba smoy,Immanuel Quickley,quickim01,23,False
2023,nba smoy,Bobby Portis,portibo01,27,False
2023,nba smoy,Norman Powell,powelno01,29,False
2023,nba smoy,Malik Monk,monkma01,24,False
2023,nba smoy,Tyus Jones,jonesty01,26,False
2023,nba smoy,Austin Reaves,reaveau01,24,False
2023,nba smoy,Bennedict Mathurin,mathube01,20,False
2023,nba smoy,Russell Westbrook,westbru01,34,False
2023,nba smoy,Christian Wood,woodch01,27,False
2022,nba dpoy,Marcus Smart,smartma01,27,True
2022,nba dpoy,Mikal Bridges,bridgmi01,25,False
2022,nba dpoy,Rudy Gobert,goberru01,29,False
2022,nba dpoy,Bam Adebayo,adebaba01,24,False
2022,nba dpoy,Jaren Jackson Jr.,jacksja02,22,False
2022,nba dpoy,Giannis Antetokounmpo,antetgi01,27,False
2022,nba dpoy,Robert Williams,williro04,24,False
2022,nba dpoy,Jrue Holiday,holidjr01,31,False
2022,nba dpoy,Al Horford,horfoal01,35,False
2022,nba dpoy,Draymond Green,greendr01,31,False
2022,nba dpoy,Matisse Thybulle,thybuma01,24,False
2022,nba mip,Ja Morant,moranja01,22,True
2022,nba mip,Dejounte Murray,murrade01,25,False
2022,nba mip,Darius Garland,garlada01,22,False
2022,nba mip,Jordan Poole,poolejo01,22,False
2022,nba mip,Desmond Bane,banede01,23,False
2022,nba mip,Tyrese Maxey,maxeyty01,21,False
2022,nba mip,Miles Bridges,bridgmi02,23,False
2022,nba mip,Anfernee Simons,simonan01,22,False
2022,nba mip,Robert Williams,williro04,24,False
2022,nba mip,Jaren Jackson Jr.,jacksja02,22,False
2022,nba mip,Jalen Brunson,brunsja01,25,False
2022,nba mip,Max Strus,strusma01,25,False
2022,nba mvp,Nikola Jokić,jokicni01,26,True
2022,nba mvp,Joel Embiid,embiijo01,27,False
2022,nba mvp,Giannis Antetokounmpo,antetgi01,27,False
2022,nba mvp,Devin Booker,bookede01,25,False
2022,nba mvp,Luka Dončić,doncilu01,22,False
2022,nba mvp,Jayson Tatum,tatumja01,23,False
2022,nba mvp,Ja Morant,moranja01,22,False
2022,nba mvp,Stephen Curry,curryst01,33,False
2022,nba mvp,Chris Paul,paulch01,36,False
2022,nba mvp,DeMar DeRozan,derozde01,32,False
2022,nba mvp,Kevin Durant,duranke01,33,False
2022,nba mvp,LeBron James,jamesle01,37,False
2022,nba roy,Scottie Barnes,barnesc01,20,True
2022,nba roy,Evan Mobley,mobleev01,20,False
2022,nba roy,Cade Cunningham,cunnica01,20,False
2022,nba roy,Jalen Green,greenja05,19,False
2022,nba roy,Franz Wagner,wagnefr01,20,False
2022,nba roy,Herbert Jones,joneshe01,23,False
2022,nba smoy,Tyler Herro,herroty01,22,True
2022,nba smoy,Kevin Love,loveke01,33,False
2022,nba smoy,Cameron Johnson,johnsca02,25,False
2022,nba smoy,Jordan Clarkson,clarkjo01,29,False
2022,nba smoy,Luke Kennard,kennalu01,25,False
2022,nba smoy,Bogdan Bogdanović,bogdabo01,29,False
2022,nba smoy,Kelly Oubre Jr.,oubreke01,26,False
2022,nba smoy,De'Anthony Melton,meltode01,23,False
2022,nba smoy,Montrezl Harrell,harremo01,28,False
2022,nba smoy,Immanuel Quickley,quickim01,22,False
2022,nba smoy,Brandon Clarke,clarkbr01,25,False
2022,nba smoy,Tyus Jones,jonesty01,25,False
2022,nba smoy,Maxi Kleber,klebima01,30,False
2021,nba dpoy,Rudy Gobert,goberru01,28,True
2021,nba dpoy,Ben Simmons,simmobe01,24,False
2021,nba dpoy,Draymond Green,greendr01,30,False
2021,nba dpoy,Bam Adebayo,adebaba01,23,False
2021,nba dpoy,Giannis Antetokounmpo,antetgi01,26,False
2021,nba dpoy,Clint Capela,capelca01,26,False
2021,nba dpoy,Joel Embiid,embiijo01,26,False
2021,nba dpoy,Jrue Holiday,holidjr01,30,False
2021,nba dpoy,Myles Turner,turnemy01,24,False
2021,nba dpoy,Jimmy Butler,butleji01,31,False
2021,nba dpoy,Kentavious Caldwell-Pope,caldwke01,27,False
2021,nba dpoy,Matisse Thybulle,thybuma01,23,False
2021,nba mip,Julius Randle,randlju01,26,True
2021,nba mip,Jerami Grant,grantje01,26,False
2021,nba mip,Michael Porter Jr.,portemi01,22,False
2021,nba mip,Christian Wood,woodch01,25,False
2021,nba mip,Zach LaVine,lavinza01,25,False
2021,nba mip,Chris Boucher,bouchch01,28,False
2021,nba mip,Jaylen Brown,brownja02,24,False
2021,nba mip,Mikal Bridges,bridgmi01,24,False
2021,nba mip,Zion Williamson,willizi01,20,False
2021,nba mip,Clint Capela,capelca01,26,False
2021,nba mip,Jordan Clarkson,clarkjo01,28,False
2021,nba mip,Luguentz Dort,dortlu01,21,False
2021,nba mip,Darius Garland,garlada01,21,False
2021,nba mip,Jordan Poole,poolejo01,21,False
2021,nba mip,Nikola Vučević,vucevni01,30,False
2021,nba mip,Kyle Anderson,anderky01,27,False
2021,nba mip,RJ Barrett,barrerj01,20,False
2021,nba mip,Miles Bridges,bridgmi02,22,False
2021,nba mip,Lonzo Ball,balllo01,23,False
2021,nba mip,Bojan Bogdanović,bogdabo02,31,False
2021,nba mip,Shai Gilgeous-Alexander,gilgesh01,22,False
2021,nba mip,Richaun Holmes,holmeri01,27,False
2021,nba mip,T.J. McConnell,mccontj01,28,False
2021,nba mip,Terry Rozier,roziete01,26,False
2021,nba mip,Andrew Wiggins,wiggian01,25,False
2021,nba mvp,Nikola Jokić,jokicni01,25,True
2021,nba mvp,Joel Embiid,embiijo01,26,False
2021,nba mvp,Stephen Curry,curryst01,32,False
2021,nba mvp,Giannis Antetokounmpo,antetgi01,26,False
2021,nba mvp,Chris Paul,paulch01,35,False
2021,nba mvp,Luka Dončić,doncilu01,21,False
2021,nba mvp,Damian Lillard,lillada01,30,False
2021,nba mvp,Julius Randle,randlju01,26,False
2021,nba mvp,Derrick Rose,rosede01,32,False
2021,nba mvp,Rudy Gobert,goberru01,28,False
2021,nba mvp,Russell Westbrook,westbru01,32,False
2021,nba mvp,Ben Simmons,simmobe01,24,False
2021,nba mvp,James Harden,hardeja01,31,False
2021,nba mvp,LeBron James,jamesle01,36,False
2021,nba mvp,Kawhi Leonard,leonaka01,29,False
2021,nba roy,LaMelo Ball,ballla01,19,True
2021,nba roy,Anthony Edwards,edwaran01,19,False
2021,nba roy,Tyrese Haliburton,halibty01,20,False
2021,nba roy,Saddiq Bey,beysa01,21,False
2021,nba smoy,Jordan Clarkson,clarkjo01,28,True
2021,nba smoy,Joe Ingles,inglejo01,33,False
2021,nba smoy,Derrick Rose,rosede01,32,False
2021,nba smoy,Jalen Brunson,brunsja01,24,False
2021,nba smoy,Tim Hardaway Jr.,hardati02,28,False
2021,nba smoy,Montrezl Harrell,harremo01,27,False
2021,nba smoy,Carmelo Anthony,anthoca01,36,False
2021,nba smoy,Chris Boucher,bouchch01,28,False
2021,nba smoy,Bobby Portis,portibo01,25,False
2021,nba smoy,Enes Freedom,kanteen01,28,False
2021,nba smoy,T.J. McConnell,mccontj01,28,False
2021,nba smoy,Miles Bridges,bridgmi02,22,False
2021,nba smoy,Shake Milton,miltosh01,24,False
2021,nba smoy,Thaddeus Young,youngth01,32,False
2021,nba smoy,Facundo Campazzo,campafa01,29,False
2020,nba dpoy,Giannis Antetokounmpo,antetgi01,25,True
2020,nba dpoy,Anthony Davis,davisan02,26,False
2020,nba dpoy,Rudy Gobert,goberru01,27,False
2020,nba dpoy,Ben Simmons,simmobe01,23,False
2020,nba dpoy,Bam Adebayo,adebaba01,22,False
2020,nba dpoy,Patrick Beverley,beverpa01,31,False
2020,nba dpoy,Marcus Smart,smartma01,25,False
2020,nba dpoy,Andre Drummond,drumman01,26,False
2020,nba dpoy,Kawhi Leonard,leonaka01,28,False
2020,nba dpoy,Brook Lopez,lopezbr01,31,False
2020,nba dpoy,Hassan Whiteside,whiteha01,30,False
2020,nba dpoy,Jarrett Allen,allenja01,21,False
2020,nba mip,Brandon Ingram,ingrabr01,22,True
2020,nba mip,Bam Adebayo,adebaba01,22,False
2020,nba mip,Luka Dončić,doncilu01,20,False
2020,nba mip,Jayson Tatum,tatumja01,21,False
2020,nba mip,Devonte' Graham,grahade01,24,False
2020,nba mip,Shai Gilgeous-Alexander,gilgesh01,21,False
2020,nba mip,Pascal Siakam,siakapa01,25,False
2020,nba mip,Christian Wood,woodch01,24,False
2020,nba mip,Trae Young,youngtr01,21,False
2020,nba mip,Fred VanVleet,vanvlfr01,25,False
2020,nba mip,Dāvis Bertāns,bertada01,27,False
2020,nba mip,Jaylen Brown,brownja02,23,False
2020,nba mip,Markelle Fultz,fultzma01,21,False
2020,nba mip,Spencer Dinwiddie,dinwisp01,26,False
2020,nba mip,Duncan Robinson,robindu01,25,False
2020,nba mvp,Giannis Antetokounmpo,antetgi01,25,True
2020,nba mvp,LeBron James,jamesle01,35,False
2020,nba mvp,James Harden,hardeja01,30,False
2020,nba mvp,Luka Dončić,doncilu01,20,False
2020,nba mvp,Kawhi Leonard,leonaka01,28,False
2020,nba mvp,Anthony Davis,davisan02,26,False
2020,nba mvp,Chris Paul,paulch01,34,False
2020,nba mvp,Damian Lillard,lillada01,29,False
2020,nba mvp,Nikola Jokić,jokicni01,24,False
2020,nba mvp,Pascal Siakam,siakapa01,25,False
2020,nba mvp,Jimmy Butler,butleji01,30,False
2020,nba mvp,Jayson Tatum,tatumja01,21,False
2020,nba roy,Ja Morant,moranja01,20,True
2020,nba roy,Kendrick Nunn,nunnke01,24,False
2020,nba roy,Zion Williamson,willizi01,19,False
2020,nba roy,Brandon Clarke,clarkbr01,23,False
2020,nba roy,Coby White,whiteco01,19,False
2020,nba roy,Terence Davis,daviste02,22,False
2020,nba roy,Eric Paschall,pascher01,23,False
2020,nba roy,RJ Barrett,barrerj01,19,False
2020,nba smoy,Montrezl Harrell,harremo01,26,True
2020,nba smoy,Dennis Schröder,schrode01,26,False
2020,nba smoy,Lou Williams,willilo02,33,False
2020,nba smoy,George Hill,hillge01,33,False
2020,nba smoy,Christian Wood,woodch01,24,False
2020,nba smoy,Goran Dragić,dragigo01,33,False
2020,nba smoy,Derrick Rose,rosede01,31,False
2020,nba smoy,Dāvis Bertāns,bertada01,27,False
2020,nba smoy,Dwight Howard,howardw01,34,False
2019,nba dpoy,Rudy Gobert,goberru01,26,True
2019,nba dpoy,Giannis Antetokounmpo,antetgi01,24,False
2019,nba dpoy,Paul George,georgpa01,28,False
2019,nba dpoy,Joel Embiid,embiijo01,24,False
2019,nba dpoy,Myles Turner,turnemy01,22,False
2019,nba dpoy,Draymond Green,greendr01,28,False
2019,nba dpoy,Kawhi Leonard,leonaka01,27,False
2019,nba dpoy,Marcus Smart,smartma01,24,False
2019,nba dpoy,Jarrett Allen,allenja01,20,False
2019,nba dpoy,Patrick Beverley,beverpa01,30,False
2019,nba mip,Pascal Siakam,siakapa01,24,True
2019,nba mip,D'Angelo Russell,russeda01,22,False
2019,nba mip,De'Aaron Fox,foxde01,21,False
2019,nba mip,Buddy Hield,hieldbu01,26,False
2019,nba mip,Nikola Vučević,vucevni01,28,False
2019,nba mip,Domantas Sabonis,sabondo01,22,False
2019,nba mip,Montrezl Harrell,harremo01,25,False
2019,nba mip,Derrick Rose,rosede01,30,False
2019,nba mip,John Collins,collijo01,21,False
2019,nba mip,Giannis Antetokounmpo,antetgi01,24,False
2019,nba mip,Malik Beasley,beaslma01,22,False
2019,nba mip,Danilo Gallinari,gallida01,30,False
2019,nba mip,Paul George,georgpa01,28,False
2019,nba mip,Bojan Bogdanović,bogdabo02,29,False
2019,nba mip,Thomas Bryant,bryanth01,21,False
2019,nba mip,Willie Cauley-Stein,caulewi01,25,False
2019,nba mip,Spencer Dinwiddie,dinwisp01,25,False
2019,nba mip,Bryn Forbes,forbebr01,25,False
2019,nba mip,Jerami Grant,grantje01,24,False
2019,nba mip,Zach LaVine,lavinza01,23,False
2019,nba mip,Josh Richardson,richajo01,25,False
2019,nba mip,Derrick White,whitede01,24,False
2019,nba mvp,Giannis Antetokounmpo,antetgi01,24,True
2019,nba mvp,James Harden,hardeja01,29,False
2019,nba mvp,Paul George,georgpa01,28,False
2019,nba mvp,Nikola Jokić,jokicni01,23,False
2019,nba mvp,Stephen Curry,curryst01,30,False
2019,nba mvp,Damian Lillard,lillada01,28,False
2019,nba mvp,Joel Embiid,embiijo01,24,False
2019,nba mvp,Kevin Durant,duranke01,30,False
2019,nba mvp,Kawhi Leonard,leonaka01,27,False
2019,nba mvp,Russell Westbrook,westbru01,30,False
2019,nba mvp,Rudy Gobert,goberru01,26,False
2019,nba mvp,LeBron James,jamesle01,34,False
2019,nba roy,Luka Dončić,doncilu01,19,True
2019,nba roy,Trae Young,youngtr01,20,False
2019,nba roy,Deandre Ayton,aytonde01,20,False
2019,nba roy,Jaren Jackson Jr.,jacksja02,19,False
2019,nba roy,Collin Sexton,sextoco01,20,False
2019,nba roy,Shai Gilgeous-Alexander,gilgesh01,20,False
2019,nba roy,Marvin Bagley III,baglema01,19,False
2019,nba roy,Josh Okogie,okogijo01,20,False
2019,nba roy,Mitchell Robinson,robinmi01,20,False
2019,nba smoy,Lou Williams,willilo02,32,True
2019,nba smoy,Domantas Sabonis,sabondo01,22,False
2019,nba smoy,Montrezl Harrell,harremo01,25,False
2019,nba smoy,Spencer Dinwiddie,dinwisp01,25,False
2019,nba smoy,Terrence Ross,rosste01,27,False
2019,nba smoy,Derrick Rose,rosede01,30,False
2019,nba smoy,Dwyane Wade,wadedw01,37,False
2019,nba smoy,Dennis Schröder,schrode01,25,False
2019,nba smoy,Monte Morris,morrimo01,23,False
2019,nba smoy,Andre Iguodala,iguodan01,35,False
2019,nba smoy,Malik Beasley,beaslma01,22,False
2019,nba smoy,Dāvis Bertāns,bertada01,26,False
2019,nba smoy,Jae Crowder,crowdja01,28,False
2019,nba smoy,Ed Davis,davised01,29,False
2018,nba dpoy,Rudy Gobert,goberru01,25,True
2018,nba dpoy,Joel Embiid,embiijo01,23,False
2018,nba dpoy,Anthony Davis,davisan02,24,False
2018,nba dpoy,Paul George,georgpa01,27,False
2018,nba dpoy,Al Horford,horfoal01,31,False
2018,nba dpoy,Draymond Green,greendr01,27,False
2018,nba dpoy,Jrue Holiday,holidjr01,27,False
2018,nba dpoy,Robert Covington,covinro01,27,False
2018,nba dpoy,Kevin Durant,duranke01,29,False
2018,nba dpoy,Jaylen Brown,brownja02,21,False
2018,nba dpoy,Klay Thompson,thompkl01,27,False
2018,nba dpoy,Steven Adams,adamsst01,24,False
2018,nba dpoy,Jimmy Butler,butleji01,28,False
2018,nba dpoy,Clint Capela,capelca01,23,False
2018,nba dpoy,Andre Drummond,drumman01,24,False
2018,nba dpoy,Jusuf Nurkić,nurkiju01,23,False
2018,nba dpoy,Victor Oladipo,oladivi01,25,False
2018,nba mip,Victor Oladipo,oladivi01,25,True
2018,nba mip,Clint Capela,capelca01,23,False
2018,nba mip,Spencer Dinwiddie,dinwisp01,24,False
2018,nba mip,Andre Drummond,drumman01,24,False
2018,nba mip,Julius Randle,randlju01,23,False
2018,nba mip,Steven Adams,adamsst01,24,False
2018,nba mip,Jaylen Brown,brownja02,21,False
2018,nba mip,Jamal Murray,murraja01,20,False
2018,nba mip,DeMar DeRozan,derozde01,28,False
2018,nba mip,Terry Rozier,roziete01,23,False
2018,nba mip,Lou Williams,willilo02,31,False
2018,nba mip,Giannis Antetokounmpo,antetgi01,23,False
2018,nba mip,Nikola Jokić,jokicni01,22,False
2018,nba mip,E'Twaun Moore,mooreet01,28,False
2018,nba mip,Domantas Sabonis,sabondo01,21,False
2018,nba mip,Fred VanVleet,vanvlfr01,23,False
2018,nba mip,Tyreke Evans,evansty01,28,False
2018,nba mip,Brandon Ingram,ingrabr01,20,False
2018,nba mip,Dejounte Murray,murrade01,21,False
2018,nba mip,Tobias Harris,harrito02,25,False
2018,nba mip,Joe Ingles,inglejo01,30,False
2018,nba mip,Dario Šarić,saricda01,23,False
2018,nba mip,Kris Dunn,dunnkr01,23,False
2018,nba mip,Aaron Gordon,gordoaa01,22,False
2018,nba mip,Montrezl Harrell,harremo01,24,False
2018,nba mip,Kristaps Porziņģis,porzikr01,22,False
2018,nba mip,Taurean Prince,princta02,23,False
2018,nba mip,Josh Richardson,richajo01,24,False
2018,nba mip,Ricky Rubio,rubiori01,27,False
2018,nba mip,Pascal Siakam,siakapa01,23,False
2018,nba mip,Karl-Anthony Towns,townska01,22,False
2018,nba mip,T.J. Warren,warretj01,24,False
2018,nba mvp,James Harden,hardeja01,28,True
2018,nba mvp,LeBron James,jamesle01,33,False
2018,nba mvp,Anthony Davis,davisan02,24,False
2018,nba mvp,Damian Lillard,lillada01,27,False
2018,nba mvp,Russell Westbrook,westbru01,29,False
2018,nba mvp,Giannis Antetokounmpo,antetgi01,23,False
2018,nba mvp,Kevin Durant,duranke01,29,False
2018,nba mvp,DeMar DeRozan,derozde01,28,False
2018,nba mvp,LaMarcus Aldridge,aldrila01,32,False
2018,nba mvp,Jimmy Butler,butleji01,28,False
2018,nba mvp,Stephen Curry,curryst01,29,False
2018,nba mvp,Joel Embiid,embiijo01,23,False
2018,nba mvp,Victor Oladipo,oladivi01,25,False
2018,nba roy,Ben Simmons,simmobe01,21,True
2018,nba roy,Donovan Mitchell,mitchdo01,21,False
2018,nba roy,Jayson Tatum,tatumja01,19,False
2018,nba roy,Kyle Kuzma,kuzmaky01,22,False
2018,nba roy,Dennis Smith Jr.,smithde03,20,False
2018,nba smoy,Lou Williams,willilo02,31,True
2018,nba smoy,Eric Gordon,gordoer01,29,False
2018,nba smoy,Fred VanVleet,vanvlfr01,23,False
2018,nba smoy,Will Barton,bartowi01,27,False
2018,nba smoy,Wayne Ellington,ellinwa01,30,False
2018,nba smoy,Kelly Olynyk,olynyke01,26,False
2018,nba smoy,Jordan Clarkson,clarkjo01,25,False
2018,nba smoy,Nikola Mirotić,mirotni01,26,False
2018,nba smoy,Kyle Kuzma,kuzmaky01,22,False
2018,nba smoy,Terry Rozier,roziete01,23,False
2018,nba smoy,Dwyane Wade,wadedw01,36,False
2018,nba smoy,J.J. Barea,bareajo01,33,False
2018,nba smoy,Marco Belinelli,belinma01,31,False
2018,nba smoy,Rodney Hood,hoodro01,25,False
2018,nba smoy,Luc Mbah a Moute,mbahalu01,31,False
2018,nba smoy,Jakob Poeltl,poeltja01,22,False
2018,nba smoy,Tomáš Satoranský,satorto01,26,False
2017,nba dpoy,Draymond Green,greendr01,26,True
2017,nba dpoy,Rudy Gobert,goberru01,24,False
2017,nba dpoy,Kawhi Leonard,leonaka01,25,False
2017,nba dpoy,Robert Covington,covinro01,26,False
2017,nba dpoy,LeBron James,jamesle01,32,False
2017,nba dpoy,Andre Roberson,roberan03,25,False
2017,nba dpoy,Hassan Whiteside,whiteha01,27,False
2017,nba dpoy,LaMarcus Aldridge,aldrila01,31,False
2017,nba dpoy,Patrick Beverley,beverpa01,28,False
2017,nba mip,Giannis Antetokounmpo,antetgi01,22,True
2017,nba mip,Nikola Jokić,jokicni01,21,False
2017,nba mip,Rudy Gobert,goberru01,24,False
2017,nba mip,Otto Porter Jr.,porteot01,23,False
2017,nba mip,Isaiah Thomas,thomais02,27,False
2017,nba mip,James Johnson,johnsja01,29,False
2017,nba mip,Bradley Beal,bealbr01,23,False
2017,nba mip,Devin Booker,bookede01,20,False
2017,nba mip,Tim Hardaway Jr.,hardati02,24,False
2017,nba mip,Mike Conley,conlemi01,29,False
2017,nba mip,Dion Waiters,waitedi01,25,False
2017,nba mip,Gordon Hayward,haywago01,26,False
2017,nba mip,Jusuf Nurkić,nurkiju01,22,False
2017,nba mip,Kristaps Porziņģis,porzikr01,21,False
2017,nba mip,Dennis Schröder,schrode01,23,False
2017,nba mip,Harrison Barnes,barneha02,24,False
2017,nba mip,Seth Curry,curryse01,26,False
2017,nba mip,Gary Harris,harriga01,22,False
2017,nba mip,Myles Turner,turnemy01,20,False
2017,nba mip,Avery Bradley,bradlav01,26,False
2017,nba mip,Clint Capela,capelca01,22,False
2017,nba mip,DeMar DeRozan,derozde01,27,False
2017,nba mip,Joe Ingles,inglejo01,29,False
2017,nba mip,John Wall,walljo01,26,False
2017,nba mip,Hassan Whiteside,whiteha01,27,False
2017,nba mvp,Russell Westbrook,westbru01,28,True
2017,nba mvp,James Harden,hardeja01,27,False
2017,nba mvp,Kawhi Leonard,leonaka01,25,False
2017,nba mvp,LeBron James,jamesle01,32,False
2017,nba mvp,Isaiah Thomas,thomais02,27,False
2017,nba mvp,Stephen Curry,curryst01,28,False
2017,nba mvp,Giannis Antetokounmpo,antetgi01,22,False
2017,nba mvp,John Wall,walljo01,26,False
2017,nba mvp,Anthony Davis,davisan02,23,False
2017,nba mvp,Kevin Durant,duranke01,28,False
2017,nba mvp,DeMar DeRozan,derozde01,27,False
2017,nba roy,Malcolm Brogdon,brogdma01,24,True
2017,nba roy,Dario Šarić,saricda01,22,False
2017,nba roy,Joel Embiid,embiijo01,22,False
2017,nba roy,Buddy Hield,hieldbu01,24,False
2017,nba roy,Willy Hernangómez,hernawi01,22,False
2017,nba roy,Jamal Murray,murraja01,19,False
2017,nba roy,Marquese Chriss,chrisma01,19,False
2017,nba roy,Jaylen Brown,brownja02,20,False
2017,nba roy,Yogi Ferrell,ferreyo01,23,False
2017,nba roy,Rodney McGruder,mcgruro01,25,False
2017,nba smoy,Eric Gordon,gordoer01,28,True
2017,nba smoy,Andre Iguodala,iguodan01,33,False
2017,nba smoy,Lou Williams,willilo02,30,False
2017,nba smoy,Zach Randolph,randoza01,35,False
2017,nba smoy,James Johnson,johnsja01,29,False
2017,nba smoy,Greg Monroe,monrogr01,26,False
2017,nba smoy,Jamal Crawford,crawfja01,36,False
2017,nba smoy,Enes Freedom,kanteen01,24,False
2017,nba smoy,Patty Mills,millspa02,28,False
2017,nba smoy,Tim Hardaway Jr.,hardati02,24,False
2017,nba smoy,Malcolm Brogdon,brogdma01,24,False
2017,nba smoy,Vince Carter,cartevi01,40,False
2017,nba smoy,Tyler Johnson,johnsty01,24,False
2016,nba dpoy,Kawhi Leonard,leonaka01,24,True
2016,nba dpoy,Draymond Green,greendr01,25,False
2016,nba dpoy,Hassan Whiteside,whiteha01,26,False
2016,nba dpoy,DeAndre Jordan,jordade01,27,False
2016,nba dpoy,Paul Millsap,millspa01,30,False
2016,nba dpoy,Avery Bradley,bradlav01,25,False
2016,nba dpoy,Rudy Gobert,goberru01,23,False
2016,nba dpoy,Tony Allen,allento01,34,False
2016,nba dpoy,Anthony Davis,davisan02,22,False
2016,nba dpoy,Andre Drummond,drumman01,22,False
2016,nba dpoy,Jimmy Butler,butleji01,26,False
2016,nba dpoy,LeBron James,jamesle01,31,False
2016,nba dpoy,Trevor Ariza,arizatr01,30,False
2016,nba dpoy,Jae Crowder,crowdja01,25,False
2016,nba dpoy,Al Horford,horfoal01,29,False
2016,nba dpoy,Kyle Lowry,lowryky01,29,False
2016,nba dpoy,Chris Paul,paulch01,30,False
2016,nba mip,CJ McCollum,mccolcj01,24,True
2016,nba mip,Kemba Walker,walkeke02,25,False
2016,nba mip,Giannis Antetokounmpo,antetgi01,21,False
2016,nba mip,Stephen Curry,curryst01,27,False
2016,nba mip,Will Barton,bartowi01,25,False
2016,nba mip,Jae Crowder,crowdja01,25,False
2016,nba mip,Draymond Green,greendr01,25,False
2016,nba mip,Isaiah Thomas,thomais02,26,False
2016,nba mip,Hassan Whiteside,whiteha01,26,False
2016,nba mip,Kawhi Leonard,leonaka01,24,False
2016,nba mip,Andre Drummond,drumman01,22,False
2016,nba mip,Gary Harris,harriga01,21,False
2016,nba mip,Kent Bazemore,bazemke01,26,False
2016,nba mip,Evan Fournier,fournev01,23,False
2016,nba mip,Rodney Hood,hoodro01,23,False
2016,nba mip,Reggie Jackson,jacksre01,25,False
2016,nba mip,Ian Mahinmi,mahinia01,29,False
2016,nba mip,Russell Westbrook,westbru01,27,False
2016,nba mip,Zach LaVine,lavinza01,20,False
2016,nba mip,Kyle Lowry,lowryky01,29,False
2016,nba mvp,Stephen Curry,curryst01,27,True
2016,nba mvp,Kawhi Leonard,leonaka01,24,False
2016,nba mvp,LeBron James,jamesle01,31,False
2016,nba mvp,Russell Westbrook,westbru01,27,False
2016,nba mvp,Kevin Durant,duranke01,27,False
2016,nba mvp,Chris Paul,paulch01,30,False
2016,nba mvp,Draymond Green,greendr01,25,False
2016,nba mvp,Damian Lillard,lillada01,25,False
2016,nba mvp,James Harden,hardeja01,26,False
2016,nba mvp,Kyle Lowry,lowryky01,29,False
2016,nba roy,Karl-Anthony Towns,townska01,20,True
2016,nba roy,Kristaps Porziņģis,porzikr01,20,False
2016,nba roy,Nikola Jokić,jokicni01,20,False
2016,nba roy,Devin Booker,bookede01,19,False
2016,nba roy,Jahlil Okafor,okafoja01,20,False
2016,nba roy,Justise Winslow,winslju01,19,False
2016,nba roy,Emmanuel Mudiay,mudiaem01,19,False
2016,nba roy,Myles Turner,turnemy01,19,False
2016,nba roy,D'Angelo Russell,russeda01,19,False
2016,nba smoy,Jamal Crawford,crawfja01,35,True
2016,nba smoy,Andre Iguodala,iguodan01,32,False
2016,nba smoy,Enes Freedom,kanteen01,23,False
2016,nba smoy,Will Barton,bartowi01,25,False
2016,nba smoy,Evan Turner,turneev01,27,False
2016,nba smoy,Ryan Anderson,anderry01,27,False
2016,nba smoy,Jeremy Lin,linje01,27,False
2016,nba smoy,Ed Davis,davised01,26,False
2016,nba smoy,Dennis Schröder,schrode01,22,False
2016,nba smoy,Tristan Thompson,thomptr01,24,False
2016,nba smoy,Shaun Livingston,livinsh01,30,False
2016,nba smoy,J.J. Barea,bareajo01,31,False
2016,nba smoy,Boris Diaw,diawbo01,33,False
2016,nba smoy,Zach LaVine,lavinza01,20,False
2016,nba smoy,Darren Collison,collida01,28,False
2016,nba smoy,Allen Crabbe,crabbal01,23,False
2016,nba smoy,Jrue Holiday,holidjr01,25,False
2016,nba smoy,Patrick Patterson,pattepa01,26,False
2016,nba smoy,Mirza Teletović,teletmi01,30,False
2015,nba dpoy,Kawhi Leonard,leonaka01,23,True
2015,nba dpoy,Draymond Green,greendr01,24,False
2015,nba dpoy,DeAndre Jordan,jordade01,26,False
2015,nba dpoy,Anthony Davis,davisan02,21,False
2015,nba dpoy,Rudy Gobert,goberru01,22,False
2015,nba dpoy,Andrew Bogut,bogutan01,30,False
2015,nba dpoy,Tony Allen,allento01,33,False
2015,nba dpoy,Tim Duncan,duncati01,38,False
2015,nba dpoy,Michael Kidd-Gilchrist,kiddgmi01,21,False
2015,nba dpoy,Jimmy Butler,butleji01,25,False
2015,nba dpoy,Marc Gasol,gasolma01,30,False
2015,nba dpoy,Joakim Noah,noahjo01,29,False
2015,nba dpoy,Trevor Ariza,arizatr01,29,False
2015,nba dpoy,LeBron James,jamesle01,30,False
2015,nba dpoy,Patrick Beverley,beverpa01,26,False
2015,nba dpoy,DeMarre Carroll,carrode01,28,False
2015,nba dpoy,Nerlens Noel,noelne01,20,False
2015,nba dpoy,Chris Paul,paulch01,29,False
2015,nba dpoy,Hassan Whiteside,whiteha01,25,False
2015,nba mip,Jimmy Butler,butleji01,25,True
2015,nba mip,Draymond Green,greendr01,24,False
2015,nba mip,Rudy Gobert,goberru01,22,False
2015,nba mip,Hassan Whiteside,whiteha01,25,False
2015,nba mip,Klay Thompson,thompkl01,24,False
2015,nba mip,Anthony Davis,davisan02,21,False
2015,nba mip,Giannis Antetokounmpo,antetgi01,20,False
2015,nba mip,Donatas Motiejūnas,motiedo01,24,False
2015,nba mip,Dennis Schröder,schrode01,21,False
2015,nba mip,DeMarre Carroll,carrode01,28,False
2015,nba mip,Tyler Zeller,zellety01,25,False
2015,nba mip,DeMarcus Cousins,couside01,24,False
2015,nba mip,Khris Middleton,middlkh01,23,False
2015,nba mip,Jae Crowder,crowdja01,24,False
2015,nba mip,Kyrie Irving,irvinky01,22,False
2015,nba mip,DeAndre Jordan,jordade01,26,False
2015,nba mip,Victor Oladipo,oladivi01,22,False
2015,nba mip,Kentavious Caldwell-Pope,caldwke01,21,False
2015,nba mip,Nikola Vučević,vucevni01,24,False
2015,nba mip,Robert Covington,covinro01,24,False
2015,nba mip,Tyreke Evans,evansty01,25,False
2015,nba mip,Derrick Favors,favorde01,23,False
2015,nba mip,Enes Freedom,kanteen01,22,False
2015,nba mip,Marc Gasol,gasolma01,30,False
2015,nba mip,Tobias Harris,harrito02,22,False
2015,nba mip,Gordon Hayward,haywago01,24,False
2015,nba mip,George Hill,hillge01,28,False
2015,nba mip,Brandon Knight,knighbr03,23,False
2015,nba mip,Kawhi Leonard,leonaka01,23,False
2015,nba mip,Meyers Leonard,leoname01,22,False
2015,nba mvp,Stephen Curry,curryst01,26,True
2015,nba mvp,James Harden,hardeja01,25,False
2015,nba mvp,LeBron James,jamesle01,30,False
2015,nba mvp,Russell Westbrook,westbru01,26,False
2015,nba mvp,Anthony Davis,davisan02,21,False
2015,nba mvp,Chris Paul,paulch01,29,False
2015,nba mvp,LaMarcus Aldridge,aldrila01,29,False
2015,nba mvp,Marc Gasol,gasolma01,30,False
2015,nba mvp,Blake Griffin,griffbl01,25,False
2015,nba mvp,Tim Duncan,duncati01,38,False
2015,nba mvp,Kawhi Leonard,leonaka01,23,False
2015,nba mvp,Klay Thompson,thompkl01,24,False
2015,nba roy,Andrew Wiggins,wiggian01,19,True
2015,nba roy,Nikola Mirotić,mirotni01,23,False
2015,nba roy,Nerlens Noel,noelne01,20,False
2015,nba roy,Elfrid Payton,paytoel01,20,False
2015,nba roy,Marcus Smart,smartma01,20,False
2015,nba roy,Jusuf Nurkić,nurkiju01,20,False
2015,nba roy,Jordan Clarkson,clarkjo01,22,False
2015,nba smoy,Lou Williams,willilo02,28,True
2015,nba smoy,Isaiah Thomas,thomais02,25,False
2015,nba smoy,Jamal Crawford,crawfja01,34,False
2015,nba smoy,Andre Iguodala,iguodan01,31,False
2015,nba smoy,Tristan Thompson,thomptr01,23,False
2015,nba smoy,Nikola Mirotić,mirotni01,23,False
2015,nba smoy,Marreese Speights,speigma01,27,False
2015,nba smoy,Corey Brewer,breweco01,28,False
2015,nba smoy,Manu Ginóbili,ginobma01,37,False
2015,nba smoy,Taj Gibson,gibsota01,29,False
2015,nba smoy,Aaron Brooks,brookaa01,30,False
2015,nba smoy,Chris Kaman,kamanch01,32,False
2015,nba smoy,Anthony Morrow,morroan01,29,False
2015,nba smoy,Dennis Schröder,schrode01,21,False
2014,nba dpoy,Joakim Noah,noahjo01,28,True
2014,nba dpoy,Roy Hibbert,hibbero01,27,False
2014,nba dpoy,DeAndre Jordan,jordade01,25,False
2014,nba dpoy,Serge Ibaka,ibakase01,24,False
2014,nba dpoy,Andre Iguodala,iguodan01,30,False
2014,nba dpoy,LeBron James,jamesle01,29,False
2014,nba dpoy,Paul George,georgpa01,23,False
2014,nba dpoy,Anthony Davis,davisan02,20,False
2014,nba dpoy,Dwight Howard,howardw01,28,False
2014,nba dpoy,Andrew Bogut,bogutan01,29,False
2014,nba dpoy,Kawhi Leonard,leonaka01,22,False
2014,nba dpoy,P.J. Tucker,tuckepj01,28,False
2014,nba dpoy,Tim Duncan,duncati01,37,False
2014,nba dpoy,Chris Paul,paulch01,28,False
2014,nba dpoy,Trevor Ariza,arizatr01,28,False
2014,nba dpoy,Marc Gasol,gasolma01,29,False
2014,nba dpoy,Patrick Beverley,beverpa01,25,False
2014,nba mip,Goran Dragić,dragigo01,27,True
2014,nba mip,Lance Stephenson,stephla01,23,False
2014,nba mip,Anthony Davis,davisan02,20,False
2014,nba mip,Gerald Green,greenge01,28,False
2014,nba mip,DeAndre Jordan,jordade01,25,False
2014,nba mip,Kyle Lowry,lowryky01,27,False
2014,nba mip,Blake Griffin,griffbl01,24,False
2014,nba mip,DeMar DeRozan,derozde01,24,False
2014,nba mip,Patty Mills,millspa02,25,False
2014,nba mip,Markieff Morris,morrima02,24,False
2014,nba mip,Isaiah Thomas,thomais02,24,False
2014,nba mip,Shaun Livingston,livinsh01,28,False
2014,nba mip,D.J. Augustin,augusdj01,26,False
2014,nba mip,Reggie Jackson,jacksre01,23,False
2014,nba mip,Robin Lopez,lopezro01,25,False
2014,nba mip,Klay Thompson,thompkl01,23,False
2014,nba mip,Kevin Durant,duranke01,25,False
2014,nba mip,DeMarcus Cousins,couside01,23,False
2014,nba mip,Al Jefferson,jeffeal01,29,False
2014,nba mip,Bradley Beal,bealbr01,20,False
2014,nba mip,Mike Conley,conlemi01,26,False
2014,nba mip,Andre Drummond,drumman01,20,False
2014,nba mip,Taj Gibson,gibsota01,28,False
2014,nba mip,LeBron James,jamesle01,29,False
2014,nba mip,Terrence Jones,joneste01,22,False
2014,nba mip,Jodie Meeks,meeksjo01,26,False
2014,nba mip,LaMarcus Aldridge,aldrila01,28,False
2014,nba mip,Alec Burks,burksal01,22,False
2014,nba mip,Paul Millsap,millspa01,28,False
2014,nba mip,Chandler Parsons,parsoch01,25,False
2014,nba mip,John Wall,walljo01,23,False
2014,nba mvp,Kevin Durant,duranke01,25,True
2014,nba mvp,LeBron James,jamesle01,29,False
2014,nba mvp,Blake Griffin,griffbl01,24,False
2014,nba mvp,Joakim Noah,noahjo01,28,False
2014,nba mvp,James Harden,hardeja01,24,False
2014,nba mvp,Stephen Curry,curryst01,25,False
2014,nba mvp,Chris Paul,paulch01,28,False
2014,nba mvp,Al Jefferson,jeffeal01,29,False
2014,nba mvp,Paul George,georgpa01,23,False
2014,nba mvp,LaMarcus Aldridge,aldrila01,28,False
2014,nba mvp,Kevin Love,loveke01,25,False
2014,nba mvp,Tim Duncan,duncati01,37,False
2014,nba mvp,Tony Parker,parketo01,31,False
2014,nba mvp,Dirk Nowitzki,nowitdi01,35,False
2014,nba mvp,Carmelo Anthony,anthoca01,29,False
2014,nba mvp,Goran Dragić,dragigo01,27,False
2014,nba mvp,Mike Conley,conlemi01,26,False
2014,nba roy,Michael Carter-Williams,cartemi01,22,True
2014,nba roy,Victor Oladipo,oladivi01,21,False
2014,nba roy,Trey Burke,burketr01,21,False
2014,nba roy,Mason Plumlee,plumlma01,23,False
2014,nba roy,Tim Hardaway Jr.,hardati02,21,False
2014,nba roy,Gorgui Dieng,dienggo01,24,False
2014,nba roy,Steven Adams,adamsst01,20,False
2014,nba roy,Giannis Antetokounmpo,antetgi01,19,False
2014,nba roy,Nick Calathes,calatni01,24,False
2014,nba smoy,Jamal Crawford,crawfja01,33,True
2014,nba smoy,Taj Gibson,gibsota01,28,False
2014,nba smoy,Manu Ginóbili,ginobma01,36,False
2014,nba smoy,Markieff Morris,morrima02,24,False
2014,nba smoy,Reggie Jackson,jacksre01,23,False
2014,nba smoy,Vince Carter,cartevi01,37,False
2014,nba smoy,D.J. Augustin,augusdj01,26,False
2014,nba smoy,Enes Freedom,kanteen01,21,False
2014,nba smoy,Dion Waiters,waitedi01,22,False
2014,nba smoy,Nick Young,youngni01,28,False
2014,nba smoy,Chris Andersen,anderch01,35,False
2014,nba smoy,Marco Belinelli,belinma01,27,False
2014,nba smoy,Andray Blatche,blatcan01,27,False
2014,nba smoy,Tim Hardaway Jr.,hardati02,21,False
2014,nba smoy,Patty Mills,millspa02,25,False
2014,nba smoy,Timofey Mozgov,mozgoti01,27,False
2014,nba smoy,Greivis Vásquez,vasqugr01,27,False
2014,nba smoy,Mo Williams,willima01,31,False
2013,nba dpoy,Marc Gasol,gasolma01,28,True
2013,nba dpoy,LeBron James,jamesle01,28,False
2013,nba dpoy,Serge Ibaka,ibakase01,23,False
2013,nba dpoy,Joakim Noah,noahjo01,27,False
2013,nba dpoy,Tony Allen,allento01,31,False
2013,nba dpoy,Tim Duncan,duncati01,36,False
2013,nba dpoy,Larry Sanders,sandela01,24,False
2013,nba dpoy,Paul George,georgpa01,22,False
2013,nba dpoy,Andre Iguodala,iguodan01,29,False
2013,nba dpoy,Roy Hibbert,hibbero01,26,False
2013,nba dpoy,Chris Paul,paulch01,27,False
2013,nba dpoy,Avery Bradley,bradlav01,22,False
2013,nba dpoy,Tyson Chandler,chandty01,30,False
2013,nba dpoy,Dwight Howard,howardw01,27,False
2013,nba dpoy,Luol Deng,denglu01,27,False
2013,nba dpoy,Dwyane Wade,wadedw01,31,False
2013,nba dpoy,Trevor Ariza,arizatr01,27,False
2013,nba dpoy,Jimmy Butler,butleji01,23,False
2013,nba dpoy,Kenneth Faried,farieke01,23,False
2013,nba dpoy,Russell Westbrook,westbru01,24,False
2013,nba dpoy,Mike Conley,conlemi01,25,False
2013,nba mip,Paul George,georgpa01,22,True
2013,nba mip,Greivis Vásquez,vasqugr01,26,False
2013,nba mip,Larry Sanders,sandela01,24,False
2013,nba mip,Nikola Vučević,vucevni01,22,False
2013,nba mip,Jrue Holiday,holidjr01,22,False
2013,nba mip,Ömer Aşık,asikom01,26,False
2013,nba mip,James Harden,hardeja01,23,False
2013,nba mip,Stephen Curry,curryst01,24,False
2013,nba mip,Serge Ibaka,ibakase01,23,False
2013,nba mip,Chandler Parsons,parsoch01,24,False
2013,nba mip,Kemba Walker,walkeke02,22,False
2013,nba mip,J.R. Smith,smithjr01,27,False
2013,nba mip,Klay Thompson,thompkl01,22,False
2013,nba mip,Jimmy Butler,butleji01,23,False
2013,nba mip,Ryan Anderson,anderry01,24,False
2013,nba mip,Carmelo Anthony,anthoca01,28,False
2013,nba mip,Andray Blatche,blatcan01,26,False
2013,nba mip,Mike Conley,conlemi01,25,False
2013,nba mip,Kawhi Leonard,leonaka01,21,False
2013,nba mip,Kevin Durant,duranke01,24,False
2013,nba mip,Arron Afflalo,afflaar01,27,False
2013,nba mip,Earl Clark,clarkea01,25,False
2013,nba mip,Kenneth Faried,farieke01,23,False
2013,nba mip,Greg Monroe,monrogr01,22,False
2013,nba mip,Joakim Noah,noahjo01,27,False
2013,nba mip,Tristan Thompson,thomptr01,21,False
2013,nba mip,Tobias Harris,harrito02,20,False
2013,nba mip,Jarrett Jack,jackja01,29,False
2013,nba mip,Ty Lawson,lawsoty01,25,False
2013,nba mip,Brook Lopez,lopezbr01,24,False
2013,nba mip,Robin Lopez,lopezro01,24,False
2013,nba mip,Lance Stephenson,stephla01,22,False
2013,nba mip,Jeff Teague,teaguje01,24,False
2013,nba mvp,LeBron James,jamesle01,28,True
2013,nba mvp,Kevin Durant,duranke01,24,False
2013,nba mvp,Carmelo Anthony,anthoca01,28,False
2013,nba mvp,Chris Paul,paulch01,27,False
2013,nba mvp,Kobe Bryant,bryanko01,34,False
2013,nba mvp,Tony Parker,parketo01,30,False
2013,nba mvp,Tim Duncan,duncati01,36,False
2013,nba mvp,James Harden,hardeja01,23,False
2013,nba mvp,Russell Westbrook,westbru01,24,False
2013,nba mvp,Dwyane Wade,wadedw01,31,False
2013,nba mvp,Stephen Curry,curryst01,24,False
2013,nba mvp,Kevin Garnett,garneke01,36,False
2013,nba mvp,Marc Gasol,gasolma01,28,False
2013,nba mvp,Ty Lawson,lawsoty01,25,False
2013,nba mvp,David Lee,leeda02,29,False
2013,nba mvp,Joakim Noah,noahjo01,27,False
2013,nba roy,Damian Lillard,lillada01,22,True
2013,nba roy,Anthony Davis,davisan02,19,False
2013,nba roy,Bradley Beal,bealbr01,19,False
2013,nba roy,Andre Drummond,drumman01,19,False
2013,nba roy,Dion Waiters,waitedi01,21,False
2013,nba roy,Harrison Barnes,barneha02,20,False
2013,nba roy,Chris Copeland,copelch01,28,False
2013,nba roy,Michael Kidd-Gilchrist,kiddgmi01,19,False
2013,nba roy,Jonas Valančiūnas,valanjo01,20,False
2013,nba roy,John Jenkins,jenkijo01,21,False
2013,nba smoy,J.R. Smith,smithjr01,27,True
2013,nba smoy,Jamal Crawford,crawfja01,32,False
2013,nba smoy,Jarrett Jack,jackja01,29,False
2013,nba smoy,Kevin Martin,martike02,29,False
2013,nba smoy,Ryan Anderson,anderry01,24,False
2013,nba smoy,Andre Miller,millean02,36,False
2013,nba smoy,Jordan Crawford,crawfjo02,24,False
2013,nba smoy,Corey Brewer,breweco01,26,False
2013,nba smoy,Manu Ginóbili,ginobma01,35,False
2013,nba smoy,Carl Landry,landrca01,29,False
2013,nba smoy,Nate Robinson,robinna01,28,False
2013,nba smoy,Shane Battier,battish01,34,False
2013,nba smoy,Ramon Sessions,sessira01,26,False
2013,nba smoy,Luke Babbitt,babbilu01,23,False
2013,nba smoy,Vince Carter,cartevi01,36,False
2013,nba smoy,Gordon Hayward,haywago01,22,False
2013,nba smoy,JJ Redick,redicjj01,28,False
2012,nba dpoy,Tyson Chandler,chandty01,29,True
2012,nba dpoy,Serge Ibaka,ibakase01,22,False
2012,nba dpoy,Dwight Howard,howardw01,26,False
2012,nba dpoy,LeBron James,jamesle01,27,False
2012,nba dpoy,Kevin Garnett,garneke01,35,False
2012,nba dpoy,Tony Allen,allento01,30,False
2012,nba dpoy,Andre Iguodala,iguodan01,28,False
2012,nba dpoy,Shawn Marion,mariosh01,33,False
2012,nba dpoy,Luol Deng,denglu01,26,False
2012,nba dpoy,Josh Smith,smithjo03,26,False
2012,nba dpoy,Joakim Noah,noahjo01,26,False
2012,nba dpoy,Marc Gasol,gasolma01,27,False
2012,nba dpoy,Chris Paul,paulch01,26,False
2012,nba dpoy,Avery Bradley,bradlav01,21,False
2012,nba dpoy,Mike Conley,conlemi01,24,False
2012,nba dpoy,Grant Hill,hillgr01,39,False
2012,nba dpoy,Iman Shumpert,shumpim01,21,False
2012,nba dpoy,Greg Monroe,monrogr01,21,False
2012,nba dpoy,Dwyane Wade,wadedw01,30,False
2012,nba dpoy,Russell Westbrook,westbru01,23,False
2012,nba mip,Ryan Anderson,anderry01,23,True
2012,nba mip,Ersan İlyasova,ilyaser01,24,False
2012,nba mip,Nikola Peković,pekovni01,26,False
2012,nba mip,Andrew Bynum,bynuman01,24,False
2012,nba mip,Greg Monroe,monrogr01,21,False
2012,nba mip,Jeremy Lin,linje01,23,False
2012,nba mip,Goran Dragić,dragigo01,25,False
2012,nba mip,Avery Bradley,bradlav01,21,False
2012,nba mip,Danny Green,greenda02,24,False
2012,nba mip,Jeff Teague,teaguje01,23,False
2012,nba mip,Serge Ibaka,ibakase01,22,False
2012,nba mip,Ty Lawson,lawsoty01,24,False
2012,nba mip,Paul George,georgpa01,21,False
2012,nba mip,Steve Novak,novakst01,28,False
2012,nba mip,DeMarcus Cousins,couside01,21,False
2012,nba mip,Kevin Love,loveke01,23,False
2012,nba mip,James Harden,hardeja01,22,False
2012,nba mip,Roy Hibbert,hibbero01,25,False
2012,nba mip,Marcin Gortat,gortama01,27,False
2012,nba mip,Gerald Henderson,hendege02,24,False
2012,nba mip,Marc Gasol,gasolma01,27,False
2012,nba mip,Kyle Lowry,lowryky01,25,False
2012,nba mip,Gordon Hayward,haywago01,21,False
2012,nba mip,Arron Afflalo,afflaar01,26,False
2012,nba mip,Tony Parker,parketo01,29,False
2012,nba mip,C.J. Watson,watsocj01,27,False
2012,nba mip,Brandan Wright,wrighbr03,24,False
2012,nba mip,Jarrett Jack,jackja01,28,False
2012,nba mip,Marreese Speights,speigma01,24,False
2012,nba mvp,LeBron James,jamesle01,27,True
2012,nba mvp,Kevin Durant,duranke01,23,False
2012,nba mvp,Chris Paul,paulch01,26,False
2012,nba mvp,Kobe Bryant,bryanko01,33,False
2012,nba mvp,Tony Parker,parketo01,29,False
2012,nba mvp,Kevin Love,loveke01,23,False
2012,nba mvp,Dwight Howard,howardw01,26,False
2012,nba mvp,Rajon Rondo,rondora01,25,False
2012,nba mvp,Steve Nash,nashst01,37,False
2012,nba mvp,Dwyane Wade,wadedw01,30,False
2012,nba mvp,Derrick Rose,rosede01,23,False
2012,nba mvp,Dirk Nowitzki,nowitdi01,33,False
2012,nba mvp,Russell Westbrook,westbru01,23,False
2012,nba mvp,Tim Duncan,duncati01,35,False
2012,nba mvp,Joe Johnson,johnsjo02,30,False
2012,nba roy,Kyrie Irving,irvinky01,19,True
2012,nba roy,Ricky Rubio,rubiori01,21,False
2012,nba roy,Kenneth Faried,farieke01,22,False
2012,nba roy,Kawhi Leonard,leonaka01,20,False
2012,nba roy,Iman Shumpert,shumpim01,21,False
2012,nba roy,Klay Thompson,thompkl01,21,False
2012,nba roy,Isaiah Thomas,thomais02,22,False
2012,nba roy,Brandon Knight,knighbr03,20,False
2012,nba roy,Chandler Parsons,parsoch01,23,False
2012,nba roy,MarShon Brooks,brookma01,23,False
2012,nba roy,Kemba Walker,walkeke02,21,False
2012,nba roy,Josh Selby,selbyjo01,20,False
2012,nba smoy,James Harden,hardeja01,22,True
2012,nba smoy,Lou Williams,willilo02,25,False
2012,nba smoy,Jason Terry,terryja01,34,False
2012,nba smoy,Al Harrington,harrial01,31,False
2012,nba smoy,Taj Gibson,gibsota01,26,False
2012,nba smoy,Manu Ginóbili,ginobma01,34,False
2012,nba smoy,O.J. Mayo,mayooj01,24,False
2012,nba smoy,Mo Williams,willima01,29,False
2012,nba smoy,Thaddeus Young,youngth01,23,False
2012,nba smoy,Kyle Korver,korveky01,30,False
2012,nba smoy,Jamal Crawford,crawfja01,31,False
2012,nba smoy,Carl Landry,landrca01,28,False
2012,nba smoy,Zach Randolph,randoza01,30,False
2012,nba smoy,C.J. Watson,watsocj01,27,False
2012,nba smoy,Mike Dunleavy,dunlemi02,31,False
2012,nba smoy,Tyler Hansbrough,hansbty01,26,False
2012,nba smoy,Gary Neal,nealga01,27,False
2012,nba smoy,George Hill,hillge01,25,False
2012,nba smoy,Andre Miller,millean02,35,False
2012,nba smoy,J.R. Smith,smithjr01,26,False
2011,nba dpoy,Dwight Howard,howardw01,25,True
2011,nba dpoy,Kevin Garnett,garneke01,34,False
2011,nba dpoy,Tyson Chandler,chandty01,28,False
2011,nba dpoy,Tony Allen,allento01,29,False
2011,nba dpoy,Rajon Rondo,rondora01,24,False
2011,nba dpoy,Andrew Bogut,bogutan01,26,False
2011,nba dpoy,Grant Hill,hillgr01,38,False
2011,nba dpoy,Andre Iguodala,iguodan01,27,False
2011,nba dpoy,LeBron James,jamesle01,26,False
2011,nba dpoy,Luol Deng,denglu01,25,False
2011,nba dpoy,Kobe Bryant,bryanko01,32,False
2011,nba dpoy,Chuck Hayes,hayesch01,27,False
2011,nba dpoy,Chris Paul,paulch01,25,False
2011,nba dpoy,Serge Ibaka,ibakase01,21,False
2011,nba dpoy,Joakim Noah,noahjo01,25,False
2011,nba dpoy,Dwyane Wade,wadedw01,29,False
2011,nba dpoy,Tim Duncan,duncati01,34,False
2011,nba dpoy,Metta World Peace,artesro01,31,False
2011,nba dpoy,Keith Bogans,boganke01,30,False
2011,nba dpoy,JaVale McGee,mcgeeja01,23,False
2011,nba dpoy,Thabo Sefolosha,sefolth01,26,False
2011,nba dpoy,Andrew Bynum,bynuman01,23,False
2011,nba dpoy,Kenyon Martin,martike01,33,False
2011,nba dpoy,Gerald Wallace,wallage01,28,False
2011,nba dpoy,Josh Smith,smithjo03,25,False
2011,nba mip,Kevin Love,loveke01,22,True
2011,nba mip,LaMarcus Aldridge,aldrila01,25,False
2011,nba mip,Dorell Wright,wrighdo01,25,False
2011,nba mip,Derrick Rose,rosede01,22,False
2011,nba mip,Kris Humphries,humphkr01,25,False
2011,nba mip,Kyle Lowry,lowryky01,24,False
2011,nba mip,Russell Westbrook,westbru01,22,False
2011,nba mip,Wesley Matthews,matthwe02,24,False
2011,nba mip,Jrue Holiday,holidjr01,20,False
2011,nba mip,Mike Conley,conlemi01,23,False
2011,nba mip,Arron Afflalo,afflaar01,25,False
2011,nba mip,Roy Hibbert,hibbero01,24,False
2011,nba mip,DeMar DeRozan,derozde01,21,False
2011,nba mip,Eric Gordon,gordoer01,22,False
2011,nba mip,Tyler Hansbrough,hansbty01,25,False
2011,nba mip,Nick Young,youngni01,25,False
2011,nba mip,Darrell Arthur,arthuda01,22,False
2011,nba mip,Serge Ibaka,ibakase01,21,False
2011,nba mip,DeAndre Jordan,jordade01,22,False
2011,nba mip,Thaddeus Young,youngth01,22,False
2011,nba mip,D.J. Augustin,augusdj01,23,False
2011,nba mip,Luol Deng,denglu01,25,False
2011,nba mip,Amar'e Stoudemire,stoudam01,28,False
2011,nba mip,Tony Allen,allento01,29,False
2011,nba mip,Michael Beasley,beaslmi01,22,False
2011,nba mip,Elton Brand,brandel01,31,False
2011,nba mip,Tyson Chandler,chandty01,28,False
2011,nba mip,Jared Dudley,dudleja01,25,False
2011,nba mip,Marcin Gortat,gortama01,26,False
2011,nba mip,James Harden,hardeja01,21,False
2011,nba mip,Jodie Meeks,meeksjo01,23,False
2011,nba mvp,Derrick Rose,rosede01,22,True
2011,nba mvp,Dwight Howard,howardw01,25,False
2011,nba mvp,LeBron James,jamesle01,26,False
2011,nba mvp,Kobe Bryant,bryanko01,32,False
2011,nba mvp,Kevin Durant,duranke01,22,False
2011,nba mvp,Dirk Nowitzki,nowitdi01,32,False
2011,nba mvp,Dwyane Wade,wadedw01,29,False
2011,nba mvp,Manu Ginóbili,ginobma01,33,False
2011,nba mvp,Amar'e Stoudemire,stoudam01,28,False
2011,nba mvp,Blake Griffin,griffbl01,21,False
2011,nba mvp,Rajon Rondo,rondora01,24,False
2011,nba mvp,Tony Parker,parketo01,28,False
2011,nba mvp,Chris Paul,paulch01,25,False
2011,nba roy,Blake Griffin,griffbl01,21,True
2011,nba roy,John Wall,walljo01,20,False
2011,nba roy,DeMarcus Cousins,couside01,20,False
2011,nba roy,Landry Fields,fieldla01,22,False
2011,nba roy,Gary Neal,nealga01,26,False
2011,nba roy,Greg Monroe,monrogr01,20,False
2011,nba smoy,Lamar Odom,odomla01,31,True
2011,nba smoy,Jason Terry,terryja01,33,False
2011,nba smoy,Thaddeus Young,youngth01,22,False
2011,nba smoy,Glen Davis,davisgl01,25,False
2011,nba smoy,Jamal Crawford,crawfja01,30,False
2011,nba smoy,Lou Williams,willilo02,24,False
2011,nba smoy,James Harden,hardeja01,21,False
2011,nba smoy,George Hill,hillge01,24,False
2011,nba smoy,Marcin Gortat,gortama01,26,False
2011,nba smoy,J.R. Smith,smithjr01,25,False
2011,nba smoy,Tony Allen,allento01,29,False
2011,nba smoy,Ty Lawson,lawsoty01,23,False
2011,nba smoy,O.J. Mayo,mayooj01,23,False
2011,nba smoy,Toney Douglas,douglto01,24,False
2011,nba smoy,Matt Bonner,bonnema01,30,False
2011,nba smoy,JJ Redick,redicjj01,26,False
2010,nba dpoy,Dwight Howard,howardw01,24,True
2010,nba dpoy,Josh Smith,smithjo03,24,False
2010,nba dpoy,Gerald Wallace,wallage01,27,False
2010,nba dpoy,LeBron James,jamesle01,25,False
2010,nba dpoy,Rajon Rondo,rondora01,23,False
2010,nba dpoy,Metta World Peace,artesro01,30,False
2010,nba dpoy,Andrew Bogut,bogutan01,25,False
2010,nba dpoy,Thabo Sefolosha,sefolth01,25,False
2010,nba dpoy,Anderson Varejão,varejan01,27,False
2010,nba dpoy,Marcus Camby,cambyma01,35,False
2010,nba dpoy,Dwyane Wade,wadedw01,28,False
2010,nba dpoy,Kobe Bryant,bryanko01,31,False
2010,nba dpoy,Shawn Marion,mariosh01,31,False
2010,nba dpoy,Tim Duncan,duncati01,33,False
2010,nba dpoy,Shane Battier,battish01,31,False
2010,nba dpoy,Andrei Kirilenko,kirilan01,28,False
2010,nba dpoy,Arron Afflalo,afflaar01,24,False
2010,nba dpoy,Matt Barnes,barnema02,29,False
2010,nba dpoy,Brendan Haywood,haywobr01,30,False
2010,nba dpoy,David Lee,leeda02,26,False
2010,nba dpoy,Kenyon Martin,martike01,32,False
2010,nba dpoy,Luc Mbah a Moute,mbahalu01,23,False
2010,nba dpoy,Kendrick Perkins,perkike01,25,False
2010,nba dpoy,Ben Wallace,wallabe01,35,False
2010,nba mip,Aaron Brooks,brookaa01,25,True
2010,nba mip,Kevin Durant,duranke01,21,False
2010,nba mip,Marc Gasol,gasolma01,25,False
2010,nba mip,George Hill,hillge01,23,False
2010,nba mip,Andrew Bogut,bogutan01,25,False
2010,nba mip,Russell Westbrook,westbru01,21,False
2010,nba mip,Joakim Noah,noahjo01,24,False
2010,nba mip,Gerald Wallace,wallage01,27,False
2010,nba mip,Brook Lopez,lopezbr01,21,False
2010,nba mip,Corey Brewer,breweco01,23,False
2010,nba mip,Carl Landry,landrca01,26,False
2010,nba mip,Rajon Rondo,rondora01,23,False
2010,nba mip,Andray Blatche,blatcan01,23,False
2010,nba mip,Channing Frye,fryech01,26,False
2010,nba mip,Danilo Gallinari,gallida01,21,False
2010,nba mip,Josh Smith,smithjo03,24,False
2010,nba mip,David Lee,leeda02,26,False
2010,nba mip,Dwight Howard,howardw01,24,False
2010,nba mip,Ersan İlyasova,ilyaser01,22,False
2010,nba mip,Chris Kaman,kamanch01,27,False
2010,nba mip,JJ Redick,redicjj01,25,False
2010,nba mip,Chris Douglas-Roberts,douglch01,23,False
2010,nba mip,Nenê,hilarne01,27,False
2010,nba mip,Paul Millsap,millspa01,24,False
2010,nba mip,Robin Lopez,lopezro01,21,False
2010,nba mip,Monta Ellis,ellismo01,24,False
2010,nba mip,J.J. Hickson,hicksjj01,21,False
2010,nba mip,Zach Randolph,randoza01,28,False
2010,nba mip,John Salmons,salmojo01,30,False
2010,nba mip,Ben Wallace,wallabe01,35,False
2010,nba mvp,LeBron James,jamesle01,25,True
2010,nba mvp,Kevin Durant,duranke01,21,False
2010,nba mvp,Kobe Bryant,bryanko01,31,False
2010,nba mvp,Dwight Howard,howardw01,24,False
2010,nba mvp,Dwyane Wade,wadedw01,28,False
2010,nba mvp,Carmelo Anthony,anthoca01,25,False
2010,nba mvp,Dirk Nowitzki,nowitdi01,31,False
2010,nba mvp,Steve Nash,nashst01,35,False
2010,nba mvp,Deron Williams,willide01,25,False
2010,nba mvp,Amar'e Stoudemire,stoudam01,27,False
2010,nba mvp,Manu Ginóbili,ginobma01,32,False
2010,nba mvp,Chauncey Billups,billuch01,33,False
2010,nba mvp,Chris Bosh,boshch01,25,False
2010,nba mvp,Stephen Jackson,jacksst02,31,False
2010,nba mvp,Joe Johnson,johnsjo02,28,False
2010,nba roy,Tyreke Evans,evansty01,20,True
2010,nba roy,Stephen Curry,curryst01,21,False
2010,nba roy,Brandon Jennings,jennibr01,20,False
2010,nba roy,Darren Collison,collida01,22,False
2010,nba roy,Jonny Flynn,flynnjo01,20,False
2010,nba roy,Taj Gibson,gibsota01,24,False
2010,nba smoy,Jamal Crawford,crawfja01,29,True
2010,nba smoy,Jason Terry,terryja01,32,False
2010,nba smoy,Anderson Varejão,varejan01,27,False
2010,nba smoy,Manu Ginóbili,ginobma01,32,False
2010,nba smoy,J.R. Smith,smithjr01,24,False
2010,nba smoy,Lamar Odom,odomla01,30,False
2010,nba smoy,Paul Millsap,millspa01,24,False
2010,nba smoy,Carl Landry,landrca01,26,False
2010,nba smoy,Udonis Haslem,hasleud01,29,False
2010,nba smoy,Marcus Thornton,thornma01,22,False
2010,nba smoy,Jared Dudley,dudleja01,24,False
2010,nba smoy,Al Harrington,harrial01,29,False
2010,nba smoy,Kevin Love,loveke01,21,False
2010,nba smoy,Kyle Lowry,lowryky01,23,False
2009,nba dpoy,Dwight Howard,howardw01,23,True
2009,nba dpoy,LeBron James,jamesle01,24,False
2009,nba dpoy,Dwyane Wade,wadedw01,27,False
2009,nba dpoy,Shane Battier,battish01,30,False
2009,nba dpoy,Metta World Peace,artesro01,29,False
2009,nba dpoy,Chris Paul,paulch01,23,False
2009,nba dpoy,Kobe Bryant,bryanko01,30,False
2009,nba dpoy,Kevin Garnett,garneke01,32,False
2009,nba dpoy,Chris Andersen,anderch01,30,False
2009,nba dpoy,Rajon Rondo,rondora01,22,False
2009,nba dpoy,Tim Duncan,duncati01,32,False
2009,nba dpoy,Raja Bell,bellra01,32,False
2009,nba dpoy,Andre Iguodala,iguodan01,25,False
2009,nba dpoy,Anderson Varejão,varejan01,26,False
2009,nba dpoy,Ronny Turiaf,turiaro01,26,False
2009,nba dpoy,Trevor Ariza,arizatr01,23,False
2009,nba dpoy,Marcus Camby,cambyma01,34,False
2009,nba dpoy,Grant Hill,hillgr01,36,False
2009,nba dpoy,Joel Przybilla,przybjo01,29,False
2009,nba dpoy,Josh Smith,smithjo03,23,False
2009,nba dpoy,Hedo Türkoğlu,turkohe01,29,False
2009,nba mip,Danny Granger,grangda01,25,True
2009,nba mip,Devin Harris,harride01,25,False
2009,nba mip,Kevin Durant,duranke01,20,False
2009,nba mip,Paul Millsap,millspa01,23,False
2009,nba mip,Nenê,hilarne01,26,False
2009,nba mip,Rajon Rondo,rondora01,22,False
2009,nba mip,David Lee,leeda02,25,False
2009,nba mip,John Salmons,salmojo01,29,False
2009,nba mip,Thaddeus Young,youngth01,20,False
2009,nba mip,Von Wafer,wafervo01,23,False
2009,nba mip,Brandon Roy,roybr01,24,False
2009,nba mip,Chris Andersen,anderch01,30,False
2009,nba mip,J.R. Smith,smithjr01,23,False
2009,nba mip,Wilson Chandler,chandwi01,21,False
2009,nba mip,Glen Davis,davisgl01,23,False
2009,nba mip,Jason Terry,terryja01,31,False
2009,nba mip,Aaron Brooks,brookaa01,24,False
2009,nba mip,Jameer Nelson,nelsoja01,26,False
2009,nba mip,LaMarcus Aldridge,aldrila01,23,False
2009,nba mip,Kelenna Azubuike,azubuke01,25,False
2009,nba mip,Roger Mason,masonro01,28,False
2009,nba mip,Dwyane Wade,wadedw01,27,False
2009,nba mip,Ronnie Brewer,brewero02,23,False
2009,nba mip,Luis Scola,scolalu01,28,False
2009,nba mip,J.J. Barea,bareajo01,24,False
2009,nba mip,Andrea Bargnani,bargnan01,23,False
2009,nba mip,Rasual Butler,butlera01,29,False
2009,nba mip,Mike Conley,conlemi01,21,False
2009,nba mip,Jeff Green,greenje02,22,False
2009,nba mip,Emeka Okafor,okafoem01,26,False
2009,nba mip,Kendrick Perkins,perkike01,24,False
2009,nba mip,Tyrus Thomas,thomaty01,22,False
2009,nba mip,Gerald Wallace,wallage01,26,False
2009,nba mip,Mo Williams,willima01,26,False
2009,nba mvp,LeBron James,jamesle01,24,True
2009,nba mvp,Kobe Bryant,bryanko01,30,False
2009,nba mvp,Dwyane Wade,wadedw01,27,False
2009,nba mvp,Dwight Howard,howardw01,23,False
2009,nba mvp,Chris Paul,paulch01,23,False
2009,nba mvp,Chauncey Billups,billuch01,32,False
2009,nba mvp,Paul Pierce,piercpa01,31,False
2009,nba mvp,Tony Parker,parketo01,26,False
2009,nba mvp,Brandon Roy,roybr01,24,False
2009,nba mvp,Dirk Nowitzki,nowitdi01,30,False
2009,nba mvp,Tim Duncan,duncati01,32,False
2009,nba mvp,Yao Ming,mingya01,28,False
2009,nba roy,Derrick Rose,rosede01,20,True
2009,nba roy,O.J. Mayo,mayooj01,21,False
2009,nba roy,Brook Lopez,lopezbr01,20,False
2009,nba roy,Russell Westbrook,westbru01,20,False
2009,nba roy,Eric Gordon,gordoer01,20,False
2009,nba roy,Kevin Love,loveke01,20,False
2009,nba roy,Michael Beasley,beaslmi01,20,False
2009,nba roy,Marc Gasol,gasolma01,24,False
2009,nba roy,Rudy Fernández,fernaru01,23,False
2009,nba roy,Robin Lopez,lopezro01,20,False
2009,nba roy,Mario Chalmers,chalmma01,22,False
2009,nba roy,Courtney Lee,leeco01,23,False
2009,nba roy,Nicolas Batum,batumni01,20,False
2009,nba smoy,Jason Terry,terryja01,31,True
2009,nba smoy,J.R. Smith,smithjr01,23,False
2009,nba smoy,Nate Robinson,robinna01,24,False
2009,nba smoy,Lamar Odom,odomla01,29,False
2009,nba smoy,Travis Outlaw,outlatr01,24,False
2009,nba smoy,Manu Ginóbili,ginobma01,31,False
2009,nba smoy,Ronald Murray,murraro01,29,False
2009,nba smoy,Chris Andersen,anderch01,30,False
2009,nba smoy,Andrei Kirilenko,kirilan01,27,False
2009,nba smoy,Leandro Barbosa,barbole01,26,False
2009,nba smoy,Corey Maggette,maggeco01,29,False
2009,nba smoy,Lou Williams,willilo02,22,False
2009,nba smoy,Eddie House,houseed01,30,False
2009,nba smoy,Kirk Hinrich,hinriki01,28,False
2009,nba smoy,Jason Kapono,kaponja01,27,False
2009,nba smoy,James Posey,poseyja01,32,False
2009,nba smoy,Trevor Ariza,arizatr01,23,False
2009,nba smoy,Michael Beasley,beaslmi01,20,False
2009,nba smoy,Paul Millsap,millspa01,23,False
2009,nba smoy,Hakim Warrick,warriha01,26,False
2008,nba dpoy,Kevin Garnett,garneke01,31,True
2008,nba dpoy,Marcus Camby,cambyma01,33,False
2008,nba dpoy,Shane Battier,battish01,29,False
2008,nba dpoy,Bruce Bowen,bowenbr01,36,False
2008,nba dpoy,Kobe Bryant,bryanko01,29,False
2008,nba dpoy,Josh Smith,smithjo03,22,False
2008,nba dpoy,Dwight Howard,howardw01,22,False
2008,nba dpoy,Chris Paul,paulch01,22,False
2008,nba dpoy,Tim Duncan,duncati01,31,False
2008,nba dpoy,Tayshaun Prince,princta01,27,False
2008,nba dpoy,Tyson Chandler,chandty01,25,False
2008,nba dpoy,Rasheed Wallace,wallara01,33,False
2008,nba dpoy,Raja Bell,bellra01,31,False
2008,nba dpoy,Samuel Dalembert,dalemsa01,26,False
2008,nba dpoy,Richard Hamilton,hamilri01,29,False
2008,nba dpoy,Chauncey Billups,billuch01,31,False
2008,nba dpoy,Andrei Kirilenko,kirilan01,26,False
2008,nba dpoy,Kyle Lowry,lowryky01,21,False
2008,nba dpoy,Rajon Rondo,rondora01,21,False
2008,nba dpoy,Metta World Peace,artesro01,28,False
2008,nba mip,Hedo Türkoğlu,turkohe01,28,True
2008,nba mip,Rudy Gay,gayru01,21,False
2008,nba mip,LaMarcus Aldridge,aldrila01,22,False
2008,nba mip,Al Jefferson,jeffeal01,23,False
2008,nba mip,Rajon Rondo,rondora01,21,False
2008,nba mip,Mike Dunleavy,dunlemi02,27,False
2008,nba mip,José Calderón,caldejo01,26,False
2008,nba mip,Chris Paul,paulch01,22,False
2008,nba mip,Beno Udrih,udrihbe01,25,False
2008,nba mip,David West,westda01,27,False
2008,nba mip,Ronnie Brewer,brewero02,22,False
2008,nba mip,Andrew Bynum,bynuman01,20,False
2008,nba mip,Chris Kaman,kamanch01,25,False
2008,nba mip,Lou Williams,willilo02,21,False
2008,nba mip,Andrew Bogut,bogutan01,23,False
2008,nba mip,Monta Ellis,ellismo01,22,False
2008,nba mip,Rafer Alston,alstora01,31,False
2008,nba mip,Andre Iguodala,iguodan01,24,False
2008,nba mip,LeBron James,jamesle01,23,False
2008,nba mip,Travis Outlaw,outlatr01,23,False
2008,nba mip,Brandon Bass,bassbr01,22,False
2008,nba mip,Deron Williams,willide01,23,False
2008,nba mip,Tyson Chandler,chandty01,25,False
2008,nba mip,Dwight Howard,howardw01,22,False
2008,nba mip,Linas Kleiza,kleizli01,23,False
2008,nba mip,Jason Maxiell,maxieja01,24,False
2008,nba mip,Shaquille O'Neal,onealsh01,35,False
2008,nba mip,Danny Granger,grangda01,24,False
2008,nba mip,Brandon Roy,roybr01,23,False
2008,nba mip,Roger Mason,masonro01,27,False
2008,nba mip,J.R. Smith,smithjr01,22,False
2008,nba mvp,Kobe Bryant,bryanko01,29,True
2008,nba mvp,Chris Paul,paulch01,22,False
2008,nba mvp,Kevin Garnett,garneke01,31,False
2008,nba mvp,LeBron James,jamesle01,23,False
2008,nba mvp,Dwight Howard,howardw01,22,False
2008,nba mvp,Amar'e Stoudemire,stoudam01,25,False
2008,nba mvp,Tim Duncan,duncati01,31,False
2008,nba mvp,Tracy McGrady,mcgratr01,28,False
2008,nba mvp,Steve Nash,nashst01,33,False
2008,nba mvp,Manu Ginóbili,ginobma01,30,False
2008,nba mvp,Dirk Nowitzki,nowitdi01,29,False
2008,nba mvp,Deron Williams,willide01,23,False
2008,nba mvp,Carmelo Anthony,anthoca01,23,False
2008,nba mvp,Carlos Boozer,boozeca01,26,False
2008,nba mvp,Antawn Jamison,jamisan01,31,False
2008,nba mvp,Paul Pierce,piercpa01,30,False
2008,nba mvp,Rasheed Wallace,wallara01,33,False
2008,nba roy,Kevin Durant,duranke01,19,True
2008,nba roy,Al Horford,horfoal01,21,False
2008,nba roy,Luis Scola,scolalu01,27,False
2008,nba roy,Al Thornton,thornal01,24,False
2008,nba roy,Jamario Moon,moonja01,27,False
2008,nba roy,Juan Carlos Navarro,navarju01,27,False
2008,nba roy,Thaddeus Young,youngth01,19,False
2008,nba roy,Mike Conley,conlemi01,20,False
2008,nba roy,Carl Landry,landrca01,24,False
2008,nba smoy,Manu Ginóbili,ginobma01,30,True
2008,nba smoy,Leandro Barbosa,barbole01,25,False
2008,nba smoy,Jason Terry,terryja01,30,False
2008,nba smoy,Kyle Korver,korveky01,26,False
2008,nba smoy,Ben Gordon,gordobe01,24,False
2008,nba smoy,Josh Childress,childjo01,24,False
2008,nba smoy,J.R. Smith,smithjr01,22,False
2008,nba smoy,James Posey,poseyja01,31,False
2008,nba smoy,Jason Maxiell,maxieja01,24,False
2008,nba smoy,Travis Outlaw,outlatr01,23,False
2008,nba smoy,Jordan Farmar,farmajo01,21,False
2008,nba smoy,Linas Kleiza,kleizli01,23,False
2008,nba smoy,Jerry Stackhouse,stackje01,33,False
2008,nba smoy,Jarrett Jack,jackja01,24,False
2008,nba smoy,David Lee,leeda02,24,False
2008,nba smoy,Rashad McCants,mccanra01,23,False
2008,nba smoy,Lou Williams,willilo02,21,False
2008,nba smoy,Andrés Nocioni,nocioan01,28,False
2007,nba dpoy,Marcus Camby,cambyma01,32,True
2007,nba dpoy,Bruce Bowen,bowenbr01,35,False
2007,nba dpoy,Tim Duncan,duncati01,30,False
2007,nba dpoy,Shawn Marion,mariosh01,28,False
2007,nba dpoy,Shane Battier,battish01,28,False
2007,nba dpoy,Ben Wallace,wallabe01,32,False
2007,nba dpoy,Gerald Wallace,wallage01,24,False
2007,nba dpoy,Metta World Peace,artesro01,27,False
2007,nba dpoy,Tyson Chandler,chandty01,24,False
2007,nba dpoy,Jermaine O'Neal,onealje01,28,False
2007,nba dpoy,Emeka Okafor,okafoem01,24,False
2007,nba dpoy,Tayshaun Prince,princta01,26,False
2007,nba dpoy,Kevin Garnett,garneke01,30,False
2007,nba dpoy,Kirk Hinrich,hinriki01,26,False
2007,nba dpoy,Andrei Kirilenko,kirilan01,25,False
2007,nba dpoy,Dwight Howard,howardw01,21,False
2007,nba dpoy,Quinton Ross,rossqu01,25,False
2007,nba dpoy,Udonis Haslem,hasleud01,26,False
2007,nba dpoy,Josh Howard,howarjo01,26,False
2007,nba dpoy,Luol Deng,denglu01,21,False
2007,nba dpoy,Caron Butler,butleca01,26,False
2007,nba dpoy,Josh Smith,smithjo03,21,False
2007,nba dpoy,Raja Bell,bellra01,30,False
2007,nba dpoy,Kobe Bryant,bryanko01,28,False
2007,nba dpoy,Devin Harris,harride01,23,False
2007,nba dpoy,Andre Iguodala,iguodan01,23,False
2007,nba dpoy,Yao Ming,mingya01,26,False
2007,nba dpoy,Alonzo Mourning,mournal01,36,False
2007,nba dpoy,Anthony Parker,parkean01,31,False
2007,nba mip,Monta Ellis,ellismo01,21,True
2007,nba mip,Kevin Martin,martike02,23,False
2007,nba mip,Deron Williams,willide01,22,False
2007,nba mip,Tyson Chandler,chandty01,24,False
2007,nba mip,Andris Biedriņš,biedran01,20,False
2007,nba mip,Al Jefferson,jeffeal01,22,False
2007,nba mip,Luol Deng,denglu01,21,False
2007,nba mip,Leandro Barbosa,barbole01,24,False
2007,nba mip,Andre Iguodala,iguodan01,23,False
2007,nba mip,David Lee,leeda02,23,False
2007,nba mip,Jason Kapono,kaponja01,25,False
2007,nba mip,Josh Howard,howarjo01,26,False
2007,nba mip,Mikki Moore,mooremi01,31,False
2007,nba mip,Carlos Boozer,boozeca01,25,False
2007,nba mip,José Calderón,caldejo01,25,False
2007,nba mip,Amar'e Stoudemire,stoudam01,24,False
2007,nba mip,Matt Carroll,carroma01,26,False
2007,nba mip,Eddy Curry,curryed01,24,False
2007,nba mip,Boštjan Nachbar,nachbbo01,26,False
2007,nba mip,Caron Butler,butleca01,26,False
2007,nba mip,Andrew Bynum,bynuman01,19,False
2007,nba mip,Ben Gordon,gordobe01,23,False
2007,nba mip,Nenê,hilarne01,24,False
2007,nba mip,Dwight Howard,howardw01,21,False
2007,nba mip,Sasha Pavlović,pavloal01,23,False
2007,nba mip,Josh Smith,smithjo03,21,False
2007,nba mip,Gerald Wallace,wallage01,24,False
2007,nba mip,Luke Walton,waltolu01,26,False
2007,nba mip,Chris Wilcox,wilcoch01,24,False
2007,nba mvp,Dirk Nowitzki,nowitdi01,28,True
2007,nba mvp,Steve Nash,nashst01,32,False
2007,nba mvp,Kobe Bryant,bryanko01,28,False
2007,nba mvp,Tim Duncan,duncati01,30,False
2007,nba mvp,LeBron James,jamesle01,22,False
2007,nba mvp,Tracy McGrady,mcgratr01,27,False
2007,nba mvp,Chris Bosh,boshch01,22,False
2007,nba mvp,Gilbert Arenas,arenagi01,25,False
2007,nba mvp,Carlos Boozer,boozeca01,25,False
2007,nba mvp,Kevin Garnett,garneke01,30,False
2007,nba mvp,Chauncey Billups,billuch01,30,False
2007,nba mvp,Shaquille O'Neal,onealsh01,34,False
2007,nba mvp,Dwyane Wade,wadedw01,25,False
2007,nba mvp,Amar'e Stoudemire,stoudam01,24,False
2007,nba mvp,Carmelo Anthony,anthoca01,22,False
2007,nba mvp,Baron Davis,davisba01,27,False
2007,nba mvp,Tony Parker,parketo01,24,False
2007,nba roy,Brandon Roy,roybr01,22,True
2007,nba roy,Andrea Bargnani,bargnan01,21,False
2007,nba roy,Rudy Gay,gayru01,20,False
2007,nba roy,Adam Morrison,morriad01,22,False
2007,nba roy,Randy Foye,foyera01,23,False
2007,nba roy,Paul Millsap,millspa01,21,False
2007,nba roy,LaMarcus Aldridge,aldrila01,21,False
2007,nba roy,Jorge Garbajosa,garbajo01,29,False
2007,nba roy,Tyrus Thomas,thomaty01,20,False
2007,nba roy,Walter Herrmann,herrmwa01,27,False
2007,nba roy,Craig Smith,smithcr01,23,False
2007,nba roy,Rajon Rondo,rondora01,20,False
2007,nba smoy,Leandro Barbosa,barbole01,24,True
2007,nba smoy,Manu Ginóbili,ginobma01,29,False
2007,nba smoy,Jerry Stackhouse,stackje01,32,False
2007,nba smoy,David Lee,leeda02,23,False
2007,nba smoy,Kyle Korver,korveky01,25,False
2007,nba smoy,Antonio McDyess,mcdyean01,32,False
2007,nba smoy,Corey Maggette,maggeco01,27,False
2007,nba smoy,Chucky Atkins,atkinch01,32,False
2007,nba smoy,Matt Harpring,harprma01,30,False
2007,nba smoy,Luther Head,headlu01,24,False
2007,nba smoy,José Calderón,caldejo01,25,False
2007,nba smoy,Josh Childress,childjo01,23,False
2007,nba smoy,Chris Duhon,duhonch01,24,False
2007,nba smoy,J.R. Smith,smithjr01,21,False
2006,nba dpoy,Ben Wallace,wallabe01,31,True
2006,nba dpoy,Bruce Bowen,bowenbr01,34,False
2006,nba dpoy,Andrei Kirilenko,kirilan01,24,False
2006,nba dpoy,Metta World Peace,artesro01,26,False
2006,nba dpoy,Marcus Camby,cambyma01,31,False
2006,nba dpoy,Tim Duncan,duncati01,29,False
2006,nba dpoy,Shawn Marion,mariosh01,27,False
2006,nba dpoy,Alonzo Mourning,mournal01,35,False
2006,nba dpoy,Gerald Wallace,wallage01,23,False
2006,nba dpoy,Shane Battier,battish01,27,False
2006,nba dpoy,Elton Brand,brandel01,26,False
2006,nba dpoy,Andre Iguodala,iguodan01,22,False
2006,nba dpoy,Raja Bell,bellra01,29,False
2006,nba dpoy,P.J. Brown,brownpj01,36,False
2006,nba dpoy,Kevin Garnett,garneke01,29,False
2006,nba dpoy,Eddie Jones,jonesed02,34,False
2006,nba dpoy,Andrés Nocioni,nocioan01,26,False
2006,nba dpoy,James Posey,poseyja01,29,False
2006,nba dpoy,Tayshaun Prince,princta01,25,False
2006,nba dpoy,Rasheed Wallace,wallara01,31,False
2006,nba mip,Boris Diaw,diawbo01,23,True
2006,nba mip,David West,westda01,25,False
2006,nba mip,Nenad Krstić,krstine01,22,False
2006,nba mip,Gerald Wallace,wallage01,23,False
2006,nba mip,Chris Bosh,boshch01,21,False
2006,nba mip,Andrés Nocioni,nocioan01,26,False
2006,nba mip,Tony Parker,parketo01,23,False
2006,nba mip,Mike James,jamesmi01,30,False
2006,nba mip,Carmelo Anthony,anthoca01,21,False
2006,nba mip,Jameer Nelson,nelsoja01,23,False
2006,nba mip,Yao Ming,mingya01,25,False
2006,nba mip,Chris Kaman,kamanch01,23,False
2006,nba mip,Elton Brand,brandel01,26,False
2006,nba mip,DeSagana Diop,diopde01,24,False
2006,nba mip,Smush Parker,parkesm01,24,False
2006,nba mip,Pau Gasol,gasolpa01,25,False
2006,nba mip,Mehmet Okur,okurme01,26,False
2006,nba mip,Dwight Howard,howardw01,20,False
2006,nba mip,Caron Butler,butleca01,25,False
2006,nba mip,LeBron James,jamesle01,21,False
2006,nba mip,Kevin Martin,martike02,22,False
2006,nba mip,Zaza Pachulia,pachuza01,21,False
2006,nba mip,Raja Bell,bellra01,29,False
2006,nba mip,Kobe Bryant,bryanko01,27,False
2006,nba mip,Luol Deng,denglu01,20,False
2006,nba mip,Matt Harpring,harprma01,29,False
2006,nba mip,Paul Pierce,piercpa01,28,False
2006,nba mip,Bobby Simmons,simmobo01,25,False
2006,nba mip,Josh Smith,smithjo03,20,False
2006,nba mip,Chris Wilcox,wilcoch01,23,False
2006,nba mip,Mo Williams,willima01,23,False
2006,nba mvp,Steve Nash,nashst01,31,True
2006,nba mvp,LeBron James,jamesle01,21,False
2006,nba mvp,Dirk Nowitzki,nowitdi01,27,False
2006,nba mvp,Kobe Bryant,bryanko01,27,False
2006,nba mvp,Chauncey Billups,billuch01,29,False
2006,nba mvp,Dwyane Wade,wadedw01,24,False
2006,nba mvp,Elton Brand,brandel01,26,False
2006,nba mvp,Tim Duncan,duncati01,29,False
2006,nba mvp,Tony Parker,parketo01,23,False
2006,nba mvp,Allen Iverson,iversal01,30,False
2006,nba mvp,Shawn Marion,mariosh01,27,False
2006,nba roy,Chris Paul,paulch01,20,True
2006,nba roy,Charlie Villanueva,villach01,21,False
2006,nba roy,Andrew Bogut,bogutan01,21,False
2006,nba roy,Raymond Felton,feltora01,21,False
2006,nba roy,Channing Frye,fryech01,22,False
2006,nba roy,Deron Williams,willide01,21,False
2006,nba roy,Danny Granger,grangda01,22,False
2006,nba roy,Luther Head,headlu01,23,False
2006,nba roy,Ryan Gomes,gomesry01,23,False
2006,nba smoy,Mike Miller,millemi01,25,True
2006,nba smoy,Speedy Claxton,claxtsp01,27,False
2006,nba smoy,Jerry Stackhouse,stackje01,31,False
2006,nba smoy,Antonio McDyess,mcdyean01,31,False
2006,nba smoy,Earl Boykins,boykiea01,29,False
2006,nba smoy,Alonzo Mourning,mournal01,35,False
2006,nba smoy,Leandro Barbosa,barbole01,23,False
2006,nba smoy,Mo Williams,willima01,23,False
2006,nba smoy,Michael Finley,finlemi01,32,False
2006,nba smoy,Shareef Abdur-Rahim,abdursh01,29,False
2006,nba smoy,Channing Frye,fryech01,22,False
2006,nba smoy,Antoine Walker,walkean02,29,False
2006,nba smoy,Eddie House,houseed01,27,False
2006,nba smoy,Jamal Crawford,crawfja01,25,False
2006,nba smoy,Clifford Robinson,robincl02,39,False
2006,nba smoy,Derek Fisher,fishede01,31,False
2006,nba smoy,Danny Granger,grangda01,22,False
2006,nba smoy,Matt Harpring,harprma01,29,False
2006,nba smoy,Bobby Jackson,jacksbo01,32,False
2006,nba smoy,Erick Dampier,dampier01,30,False
2006,nba smoy,Devin Harris,harride01,22,False
2006,nba smoy,Charlie Villanueva,villach01,21,False
2005,nba dpoy,Ben Wallace,wallabe01,30,True
2005,nba dpoy,Bruce Bowen,bowenbr01,33,False
2005,nba dpoy,Marcus Camby,cambyma01,30,False
2005,nba dpoy,Tim Duncan,duncati01,28,False
2005,nba dpoy,Shawn Marion,mariosh01,26,False
2005,nba dpoy,Larry Hughes,hughela01,26,False
2005,nba dpoy,Tayshaun Prince,princta01,24,False
2005,nba dpoy,Shaquille O'Neal,onealsh01,32,False
2005,nba dpoy,Kevin Garnett,garneke01,28,False
2005,nba dpoy,Andrei Kirilenko,kirilan01,23,False
2005,nba dpoy,Allen Iverson,iversal01,29,False
2005,nba dpoy,Kirk Hinrich,hinriki01,24,False
2005,nba dpoy,Joel Przybilla,przybjo01,25,False
2005,nba dpoy,Trenton Hassell,hassetr01,25,False
2005,nba dpoy,Andre Iguodala,iguodan01,21,False
2005,nba dpoy,Rasheed Wallace,wallara01,30,False
2005,nba dpoy,David Wesley,wesleda01,34,False
2005,nba dpoy,Tyson Chandler,chandty01,22,False
2005,nba dpoy,Manu Ginóbili,ginobma01,27,False
2005,nba dpoy,Josh Howard,howarjo01,24,False
2005,nba dpoy,Shane Battier,battish01,26,False
2005,nba dpoy,Dwight Howard,howardw01,19,False
2005,nba dpoy,Andrés Nocioni,nocioan01,25,False
2005,nba dpoy,Emeka Okafor,okafoem01,22,False
2005,nba dpoy,Dwyane Wade,wadedw01,23,False
2005,nba mip,Bobby Simmons,simmobo01,24,True
2005,nba mip,Dwyane Wade,wadedw01,23,False
2005,nba mip,Tayshaun Prince,princta01,24,False
2005,nba mip,Primož Brezec,brezepr01,25,False
2005,nba mip,Dan Dickau,dickada01,26,False
2005,nba mip,LeBron James,jamesle01,20,False
2005,nba mip,Amar'e Stoudemire,stoudam01,22,False
2005,nba mip,Larry Hughes,hughela01,26,False
2005,nba mip,Joel Przybilla,przybjo01,25,False
2005,nba mip,Chris Bosh,boshch01,20,False
2005,nba mip,Grant Hill,hillgr01,32,False
2005,nba mip,Udonis Haslem,hasleud01,24,False
2005,nba mip,Damon Jones,jonesda01,28,False
2005,nba mip,Luke Ridnour,ridnolu01,23,False
2005,nba mip,Gilbert Arenas,arenagi01,23,False
2005,nba mip,Kirk Hinrich,hinriki01,24,False
2005,nba mip,Kyle Korver,korveky01,23,False
2005,nba mip,Tyson Chandler,chandty01,22,False
2005,nba mip,Josh Howard,howarjo01,24,False
2005,nba mip,Vince Carter,cartevi01,28,False
2005,nba mip,Joe Johnson,johnsjo02,23,False
2005,nba mip,Shawn Marion,mariosh01,26,False
2005,nba mip,Dirk Nowitzki,nowitdi01,26,False
2005,nba mip,Shaquille O'Neal,onealsh01,32,False
2005,nba mip,Eddy Curry,curryed01,22,False
2005,nba mip,Reggie Evans,evansre01,24,False
2005,nba mip,Fred Jones,jonesfr01,25,False
2005,nba mip,Brevin Knight,knighbr01,29,False
2005,nba mip,Jason Richardson,richaja01,24,False
2005,nba mip,Gerald Wallace,wallage01,22,False
2005,nba mip,Drew Gooden,goodedr01,23,False
2005,nba mip,Ricky Davis,davisri01,25,False
2005,nba mip,Anthony Johnson,johnsan02,30,False
2005,nba mip,Rashard Lewis,lewisra02,25,False
2005,nba mip,Tony Parker,parketo01,22,False
2005,nba mip,Mickaël Piétrus,pietrmi01,22,False
2005,nba mvp,Steve Nash,nashst01,30,True
2005,nba mvp,Shaquille O'Neal,onealsh01,32,False
2005,nba mvp,Dirk Nowitzki,nowitdi01,26,False
2005,nba mvp,Tim Duncan,duncati01,28,False
2005,nba mvp,Allen Iverson,iversal01,29,False
2005,nba mvp,LeBron James,jamesle01,20,False
2005,nba mvp,Tracy McGrady,mcgratr01,25,False
2005,nba mvp,Dwyane Wade,wadedw01,23,False
2005,nba mvp,Amar'e Stoudemire,stoudam01,22,False
2005,nba mvp,Ray Allen,allenra02,29,False
2005,nba mvp,Kevin Garnett,garneke01,28,False
2005,nba mvp,Gilbert Arenas,arenagi01,23,False
2005,nba mvp,Vince Carter,cartevi01,28,False
2005,nba mvp,P.J. Brown,brownpj01,35,False
2005,nba mvp,Marcus Camby,cambyma01,30,False
2005,nba mvp,Shawn Marion,mariosh01,26,False
2005,nba roy,Emeka Okafor,okafoem01,22,True
2005,nba roy,Ben Gordon,gordobe01,21,False
2005,nba roy,Dwight Howard,howardw01,19,False
2005,nba roy,Andre Iguodala,iguodan01,21,False
2005,nba roy,Luol Deng,denglu01,19,False
2005,nba roy,J.R. Smith,smithjr01,19,False
2005,nba smoy,Ben Gordon,gordobe01,21,True
2005,nba smoy,Ricky Davis,davisri01,25,False
2005,nba smoy,Earl Boykins,boykiea01,28,False
2005,nba smoy,Jerry Stackhouse,stackje01,30,False
2005,nba smoy,Vladimir Radmanović,radmavl01,24,False
2005,nba smoy,Wally Szczerbiak,szczewa02,27,False
2005,nba smoy,Antonio McDyess,mcdyean01,30,False
2005,nba smoy,Antonio Daniels,daniean01,29,False
2005,nba smoy,Donyell Marshall,marshdo01,31,False
2005,nba smoy,Jim Jackson,jacksji01,34,False
2005,nba smoy,Tyson Chandler,chandty01,22,False
2005,nba smoy,Kyle Korver,korveky01,23,False
2005,nba smoy,Mehmet Okur,okurme01,25,False
2005,nba smoy,Hedo Türkoğlu,turkohe01,25,False
2004,nba dpoy,Metta World Peace,artesro01,24,True
2004,nba dpoy,Ben Wallace,wallabe01,29,False
2004,nba dpoy,Theo Ratliff,ratlith01,30,False
2004,nba dpoy,Bruce Bowen,bowenbr01,32,False
2004,nba dpoy,Andrei Kirilenko,kirilan01,22,False
2004,nba dpoy,Kevin Garnett,garneke01,27,False
2004,nba dpoy,Tim Duncan,duncati01,27,False
2004,nba dpoy,Clifford Robinson,robincl02,37,False
2004,nba dpoy,Kenyon Martin,martike01,26,False
2004,nba dpoy,Kobe Bryant,bryanko01,25,False
2004,nba dpoy,Shaquille O'Neal,onealsh01,31,False
2004,nba dpoy,James Posey,poseyja01,27,False
2004,nba dpoy,Earl Watson,watsoea01,24,False
2004,nba mip,Zach Randolph,randoza01,22,True
2004,nba mip,Carlos Boozer,boozeca01,22,False
2004,nba mip,James Posey,poseyja01,27,False
2004,nba mip,Andrei Kirilenko,kirilan01,22,False
2004,nba mip,Michael Redd,reddmi01,24,False
2004,nba mip,Lamar Odom,odomla01,24,False
2004,nba mip,Jamaal Magloire,magloja01,25,False
2004,nba mip,Samuel Dalembert,dalemsa01,22,False
2004,nba mip,Joe Johnson,johnsjo02,22,False
2004,nba mip,Brian Cardinal,cardibr01,26,False
2004,nba mip,Rafer Alston,alstora01,27,False
2004,nba mip,Mark Blount,blounma01,28,False
2004,nba mip,Quentin Richardson,richaqu01,23,False
2004,nba mip,Carlos Arroyo,arroyca01,24,False
2004,nba mip,Metta World Peace,artesro01,24,False
2004,nba mip,Yao Ming,mingya01,23,False
2004,nba mip,Ronald Murray,murraro01,24,False
2004,nba mip,Erick Dampier,dampier01,28,False
2004,nba mip,Richard Jefferson,jefferi01,23,False
2004,nba mip,Mike Dunleavy,dunlemi02,23,False
2004,nba mip,Manu Ginóbili,ginobma01,26,False
2004,nba mip,Corey Maggette,maggeco01,24,False
2004,nba mip,Tayshaun Prince,princta01,23,False
2004,nba mip,Raja Bell,bellra01,27,False
2004,nba mip,Marcus Camby,cambyma01,29,False
2004,nba mip,Pau Gasol,gasolpa01,23,False
2004,nba mip,Nenê,hilarne01,21,False
2004,nba mip,Stephen Jackson,jacksst02,25,False
2004,nba mip,Desmond Mason,masonde01,26,False
2004,nba mip,Kenny Thomas,thomake01,26,False
2004,nba mip,Jason Williams,willija02,28,False
2004,nba mvp,Kevin Garnett,garneke01,27,True
2004,nba mvp,Tim Duncan,duncati01,27,False
2004,nba mvp,Jermaine O'Neal,onealje01,25,False
2004,nba mvp,Peja Stojaković,stojape01,26,False
2004,nba mvp,Kobe Bryant,bryanko01,25,False
2004,nba mvp,Shaquille O'Neal,onealsh01,31,False
2004,nba mvp,Ben Wallace,wallabe01,29,False
2004,nba mvp,Jason Kidd,kiddja01,30,False
2004,nba mvp,LeBron James,jamesle01,19,False
2004,nba mvp,Sam Cassell,cassesa01,34,False
2004,nba mvp,Baron Davis,davisba01,24,False
2004,nba mvp,Dirk Nowitzki,nowitdi01,25,False
2004,nba mvp,Andrei Kirilenko,kirilan01,22,False
2004,nba mvp,Carmelo Anthony,anthoca01,19,False
2004,nba mvp,Yao Ming,mingya01,23,False
2004,nba mvp,Michael Redd,reddmi01,24,False
2004,nba roy,LeBron James,jamesle01,19,True
2004,nba roy,Carmelo Anthony,anthoca01,19,False
2004,nba roy,Dwyane Wade,wadedw01,22,False
2004,nba roy,Kirk Hinrich,hinriki01,23,False
2004,nba roy,Chris Bosh,boshch01,19,False
2004,nba roy,Marquis Daniels,daniema01,23,False
2004,nba smoy,Antawn Jamison,jamisan01,27,True
2004,nba smoy,Al Harrington,harrial01,23,False
2004,nba smoy,Manu Ginóbili,ginobma01,26,False
2004,nba smoy,Bobby Jackson,jacksbo01,30,False
2004,nba smoy,Earl Boykins,boykiea01,27,False
2004,nba smoy,Desmond Mason,masonde01,26,False
2004,nba smoy,Rafer Alston,alstora01,27,False
2004,nba smoy,Shane Battier,battish01,25,False
2004,nba smoy,Raja Bell,bellra01,27,False
2004,nba smoy,Maurice Taylor,tayloma01,27,False
2004,nba smoy,Corliss Williamson,willico02,30,False
2004,nba smoy,Bonzi Wells,wellsbo01,27,False
2004,nba smoy,Darrell Armstrong,armstda01,35,False
2004,nba smoy,Ricky Davis,davisri01,24,False
2004,nba smoy,Fred Hoiberg,hoibefr01,31,False
2004,nba smoy,Vladimir Radmanović,radmavl01,23,False
2003,nba dpoy,Ben Wallace,wallabe01,28,True
2003,nba dpoy,Metta World Peace,artesro01,23,False
2003,nba dpoy,Kevin Garnett,garneke01,26,False
2003,nba dpoy,Tim Duncan,duncati01,26,False
2003,nba dpoy,Doug Christie,chrisdo01,32,False
2003,nba dpoy,Allen Iverson,iversal01,27,False
2003,nba dpoy,Bruce Bowen,bowenbr01,31,False
2003,nba dpoy,Kobe Bryant,bryanko01,24,False
2003,nba dpoy,Theo Ratliff,ratlith01,29,False
2003,nba dpoy,Eric Snow,snower01,29,False
2003,nba dpoy,Gary Payton,paytoga01,34,False
2003,nba dpoy,Kenyon Martin,martike01,25,False
2003,nba dpoy,Adonal Foyle,foylead01,27,False
2003,nba dpoy,Shawn Marion,mariosh01,24,False
2003,nba dpoy,Shaquille O'Neal,onealsh01,30,False
2003,nba mip,Gilbert Arenas,arenagi01,21,True
2003,nba mip,Matt Harpring,harprma01,26,False
2003,nba mip,Troy Murphy,murphtr01,22,False
2003,nba mip,Tony Parker,parketo01,20,False
2003,nba mip,Ricky Davis,davisri01,23,False
2003,nba mip,Chauncey Billups,billuch01,26,False
2003,nba mip,Jason Williams,willija02,27,False
2003,nba mip,Richard Jefferson,jefferi01,22,False
2003,nba mip,Troy Hudson,hudsotr01,26,False
2003,nba mip,Corey Maggette,maggeco01,23,False
2003,nba mip,Bobby Jackson,jacksbo01,29,False
2003,nba mip,Michael Redd,reddmi01,23,False
2003,nba mip,Metta World Peace,artesro01,23,False
2003,nba mip,Andrei Kirilenko,kirilan01,21,False
2003,nba mip,Dirk Nowitzki,nowitdi01,24,False
2003,nba mip,Jermaine O'Neal,onealje01,24,False
2003,nba mip,Stephon Marbury,marbust01,25,False
2003,nba mip,Stephen Jackson,jacksst02,24,False
2003,nba mip,Tracy McGrady,mcgratr01,23,False
2003,nba mip,Brad Miller,millebr01,26,False
2003,nba mip,Brent Barry,barrybr01,31,False
2003,nba mip,Kevin Garnett,garneke01,26,False
2003,nba mip,Zydrunas Ilgauskas,ilgauzy01,27,False
2003,nba mip,Eric Snow,snower01,29,False
2003,nba mip,Earl Boykins,boykiea01,26,False
2003,nba mip,Dion Glover,glovedi01,24,False
2003,nba mip,Anfernee Hardaway,hardaan01,31,False
2003,nba mip,Antawn Jamison,jamisan01,26,False
2003,nba mip,Steve Nash,nashst01,28,False
2003,nba mip,Rasho Nesterović,nestera01,26,False
2003,nba mip,Stromile Swift,swiftst01,23,False
2003,nba mvp,Tim Duncan,duncati01,26,True
2003,nba mvp,Kevin Garnett,garneke01,26,False
2003,nba mvp,Kobe Bryant,bryanko01,24,False
2003,nba mvp,Tracy McGrady,mcgratr01,23,False
2003,nba mvp,Shaquille O'Neal,onealsh01,30,False
2003,nba mvp,Allen Iverson,iversal01,27,False
2003,nba mvp,Dirk Nowitzki,nowitdi01,24,False
2003,nba mvp,Ben Wallace,wallabe01,28,False
2003,nba mvp,Jason Kidd,kiddja01,29,False
2003,nba mvp,Chris Webber,webbech01,29,False
2003,nba mvp,Jamal Mashburn,mashbja01,30,False
2003,nba mvp,Steve Nash,nashst01,28,False
2003,nba mvp,Paul Pierce,piercpa01,25,False
2003,nba roy,Amar'e Stoudemire,stoudam01,20,True
2003,nba roy,Yao Ming,mingya01,22,False
2003,nba roy,Caron Butler,butleca01,22,False
2003,nba roy,Manu Ginóbili,ginobma01,25,False
2003,nba roy,Drew Gooden,goodedr01,21,False
2003,nba roy,Nenê,hilarne01,20,False
2003,nba roy,Carlos Boozer,boozeca01,21,False
2003,nba smoy,Bobby Jackson,jacksbo01,29,True
2003,nba smoy,Michael Redd,reddmi01,23,False
2003,nba smoy,Andrei Kirilenko,kirilan01,21,False
2003,nba smoy,Nick Van Exel,vanexni01,31,False
2003,nba smoy,Corliss Williamson,willico02,29,False
2003,nba smoy,Malik Rose,rosema01,28,False
2003,nba smoy,Earl Boykins,boykiea01,26,False
2003,nba smoy,Al Harrington,harrial01,22,False
2003,nba smoy,Jon Barry,barryjo01,33,False
2003,nba smoy,Toni Kukoč,kukocto01,34,False
2003,nba smoy,Keon Clark,clarkke01,27,False
2003,nba smoy,Lucious Harris,harrilu01,32,False
2003,nba smoy,Joe Johnson,johnsjo02,21,False
2002,nba dpoy,Ben Wallace,wallabe01,27,True
2002,nba dpoy,Kevin Garnett,garneke01,25,False
2002,nba dpoy,Kobe Bryant,bryanko01,23,False
2002,nba dpoy,Dikembe Mutombo,mutomdi01,35,False
2002,nba mip,Jermaine O'Neal,onealje01,23,True
2002,nba mip,Ben Wallace,wallabe01,27,False
2002,nba mip,Steve Nash,nashst01,27,False
2002,nba mip,Jerry Stackhouse,stackje01,27,False
2002,nba mip,Brent Barry,barrybr01,30,False
2002,nba mip,Wally Szczerbiak,szczewa02,24,False
2002,nba mip,Troy Hudson,hudsotr01,25,False
2002,nba mip,Michael Olowokandi,olowomi01,26,False
2002,nba mip,Kenyon Martin,martike01,24,False
2002,nba mip,Andre Miller,millean02,25,False
2002,nba mip,Michael Redd,reddmi01,22,False
2002,nba mip,Desmond Mason,masonde01,24,False
2002,nba mip,Gary Payton,paytoga01,33,False
2002,nba mip,Kenny Thomas,thomake01,24,False
2002,nba mip,Hedo Türkoğlu,turkohe01,22,False
2002,nba mip,Ricky Davis,davisri01,22,False
2002,nba mip,Bobby Jackson,jacksbo01,28,False
2002,nba mip,Todd MacCulloch,maccuto01,26,False
2002,nba mip,Lee Nailon,nailole01,26,False
2002,nba mip,Wesley Person,persowe01,30,False
2002,nba mip,Jason Terry,terryja01,24,False
2002,nba mvp,Tim Duncan,duncati01,25,True
2002,nba mvp,Jason Kidd,kiddja01,28,False
2002,nba mvp,Shaquille O'Neal,onealsh01,29,False
2002,nba mvp,Tracy McGrady,mcgratr01,22,False
2002,nba mvp,Kobe Bryant,bryanko01,23,False
2002,nba mvp,Gary Payton,paytoga01,33,False
2002,nba mvp,Chris Webber,webbech01,28,False
2002,nba mvp,Dirk Nowitzki,nowitdi01,23,False
2002,nba mvp,Allen Iverson,iversal01,26,False
2002,nba mvp,Ben Wallace,wallabe01,27,False
2002,nba mvp,Paul Pierce,piercpa01,24,False
2002,nba mvp,Kevin Garnett,garneke01,25,False
2002,nba mvp,Michael Jordan,jordami01,38,False
2002,nba mvp,Steve Nash,nashst01,27,False
2002,nba mvp,Jerry Stackhouse,stackje01,27,False
2002,nba mvp,Mike Bibby,bibbymi01,23,False
2002,nba mvp,Elton Brand,brandel01,22,False
2002,nba mvp,Peja Stojaković,stojape01,24,False
2002,nba roy,Pau Gasol,gasolpa01,21,True
2002,nba roy,Richard Jefferson,jefferi01,21,False
2002,nba roy,Andrei Kirilenko,kirilan01,20,False
2002,nba roy,Jason Richardson,richaja01,21,False
2002,nba roy,Jamaal Tinsley,tinslja01,23,False
2002,nba smoy,Corliss Williamson,willico02,28,True
2002,nba smoy,Bobby Jackson,jacksbo01,28,False
2002,nba smoy,Quentin Richardson,richaqu01,21,False
2002,nba smoy,Malik Rose,rosema01,27,False
2002,nba smoy,Troy Hudson,hudsotr01,25,False
2002,nba smoy,Desmond Mason,masonde01,24,False
2002,nba smoy,Hedo Türkoğlu,turkohe01,22,False
2002,nba smoy,Ricky Davis,davisri01,22,False
2002,nba smoy,Robert Horry,horryro01,31,False
2002,nba smoy,Jacque Vaughn,vaughja01,26,False
2001,nba dpoy,Dikembe Mutombo,mutomdi01,34,True
2001,nba dpoy,Kevin Garnett,garneke01,24,False
2001,nba dpoy,Tim Duncan,duncati01,24,False
2001,nba dpoy,Doug Christie,chrisdo01,30,False
2001,nba dpoy,David Robinson,robinda01,35,False
2001,nba dpoy,Ben Wallace,wallabe01,26,False
2001,nba dpoy,Theo Ratliff,ratlith01,27,False
2001,nba dpoy,Bruce Bowen,bowenbr01,29,False
2001,nba dpoy,Anthony Mason,masonan01,34,False
2001,nba dpoy,Shaquille O'Neal,onealsh01,28,False
2001,nba dpoy,Kobe Bryant,bryanko01,22,False
2001,nba dpoy,Allen Iverson,iversal01,25,False
2001,nba dpoy,Jason Kidd,kiddja01,27,False
2001,nba dpoy,Shawn Marion,mariosh01,22,False
2001,nba mip,Tracy McGrady,mcgratr01,21,True
2001,nba mip,Peja Stojaković,stojape01,23,False
2001,nba mip,Steve Nash,nashst01,26,False
2001,nba mip,Shawn Marion,mariosh01,22,False
2001,nba mip,Baron Davis,davisba01,21,False
2001,nba mip,Dirk Nowitzki,nowitdi01,22,False
2001,nba mip,Travis Best,besttr01,28,False
2001,nba mip,Jason Terry,terryja01,23,False
2001,nba mip,Richard Hamilton,hamilri01,22,False
2001,nba mip,Donyell Marshall,marshdo01,27,False
2001,nba mip,Jeff McInnis,mcinnje01,26,False
2001,nba mip,Ben Wallace,wallabe01,26,False
2001,nba mip,Bonzi Wells,wellsbo01,24,False
2001,nba mip,Alvin Williams,willial02,26,False
2001,nba mvp,Allen Iverson,iversal01,25,True
2001,nba mvp,Tim Duncan,duncati01,24,False
2001,nba mvp,Shaquille O'Neal,onealsh01,28,False
2001,nba mvp,Chris Webber,webbech01,27,False
2001,nba mvp,Kevin Garnett,garneke01,24,False
2001,nba mvp,Tracy McGrady,mcgratr01,21,False
2001,nba mvp,Karl Malone,malonka01,37,False
2001,nba mvp,Jason Kidd,kiddja01,27,False
2001,nba mvp,Kobe Bryant,bryanko01,22,False
2001,nba mvp,David Robinson,robinda01,35,False
2001,nba mvp,Ray Allen,allenra02,25,False
2001,nba mvp,Vince Carter,cartevi01,24,False
2001,nba mvp,Paul Pierce,piercpa01,23,False
2001,nba mvp,Jerry Stackhouse,stackje01,26,False
2001,nba mvp,Michael Finley,finlemi01,27,False
2001,nba mvp,Anthony Mason,masonan01,34,False
2001,nba mvp,John Stockton,stockjo01,38,False
2001,nba roy,Mike Miller,millemi01,20,True
2001,nba roy,Kenyon Martin,martike01,23,False
2001,nba roy,Marc Jackson,jacksma02,26,False
2001,nba roy,Darius Miles,milesda01,19,False
2001,nba roy,Morris Peterson,petermo01,23,False
2001,nba smoy,Aaron McKie,mckieaa01,28,True
2001,nba smoy,Tim Thomas,thomati01,23,False
2001,nba smoy,LaPhonso Ellis,ellisla01,30,False
2001,nba smoy,Bobby Jackson,jacksbo01,27,False
2001,nba smoy,Travis Best,besttr01,28,False
2001,nba smoy,Ruben Patterson,patteru01,25,False
2001,nba smoy,Rodney Rogers,rogerro01,29,False
2001,nba smoy,Steve Smith,smithst01,31,False
2001,nba smoy,Donyell Marshall,marshdo01,27,False
2001,nba smoy,Austin Croshere,croshau01,25,False
2001,nba smoy,Tony Delk,delkto01,27,False
2000,nba dpoy,Alonzo Mourning,mournal01,29,True
2000,nba dpoy,Shaquille O'Neal,onealsh01,27,False
2000,nba dpoy,Eddie Jones,jonesed02,28,False
2000,nba dpoy,Dikembe Mutombo,mutomdi01,33,False
2000,nba dpoy,Kobe Bryant,bryanko01,21,False
2000,nba dpoy,Gary Payton,paytoga01,31,False
2000,nba dpoy,Kevin Garnett,garneke01,23,False
2000,nba dpoy,Kendall Gill,gillke01,31,False
2000,nba dpoy,Jason Kidd,kiddja01,26,False
2000,nba dpoy,Anthony Mason,masonan01,33,False
2000,nba dpoy,Bo Outlaw,outlabo01,28,False
2000,nba dpoy,Scottie Pippen,pippesc01,34,False
2000,nba dpoy,Clifford Robinson,robincl02,33,False
2000,nba mip,Jalen Rose,roseja01,27,True
2000,nba mip,Dirk Nowitzki,nowitdi01,21,False
2000,nba mip,Jerry Stackhouse,stackje01,25,False
2000,nba mip,Austin Croshere,croshau01,24,False
2000,nba mip,Tracy McGrady,mcgratr01,20,False
2000,nba mip,John Amaechi,amaecjo01,29,False
2000,nba mip,Ruben Patterson,patteru01,24,False
2000,nba mip,Michael Dickerson,dickemi01,24,False
2000,nba mip,Rodney Rogers,rogerro01,28,False
2000,nba mip,Shaquille O'Neal,onealsh01,27,False
2000,nba mip,Kobe Bryant,bryanko01,21,False
2000,nba mip,Derrick Coleman,colemde01,32,False
2000,nba mip,Sean Elliott,elliose01,31,False
2000,nba mip,Rashard Lewis,lewisra02,20,False
2000,nba mip,Bob Sura,surabo01,26,False
2000,nba mvp,Shaquille O'Neal,onealsh01,27,True
2000,nba mvp,Kevin Garnett,garneke01,23,False
2000,nba mvp,Alonzo Mourning,mournal01,29,False
2000,nba mvp,Karl Malone,malonka01,36,False
2000,nba mvp,Tim Duncan,duncati01,23,False
2000,nba mvp,Gary Payton,paytoga01,31,False
2000,nba mvp,Allen Iverson,iversal01,24,False
2000,nba mvp,Grant Hill,hillgr01,27,False
2000,nba mvp,Chris Webber,webbech01,26,False
2000,nba mvp,Vince Carter,cartevi01,23,False
2000,nba mvp,Jason Kidd,kiddja01,26,False
2000,nba mvp,Kobe Bryant,bryanko01,21,False
2000,nba mvp,Darrell Armstrong,armstda01,31,False
2000,nba mvp,Michael Finley,finlemi01,26,False
2000,nba mvp,Reggie Miller,millere01,34,False
2000,nba mvp,Jalen Rose,roseja01,27,False
2000,nba roy,Elton Brand,brandel01,20,True
2000,nba roy,Steve Francis,francst01,22,True
2000,nba roy,Lamar Odom,odomla01,20,False
2000,nba roy,Andre Miller,millean02,23,False
2000,nba smoy,Rodney Rogers,rogerro01,28,True
2000,nba smoy,Cuttino Mobley,moblecu01,24,False
2000,nba smoy,Cedric Ceballos,cebalce01,30,False
2000,nba smoy,Tracy McGrady,mcgratr01,20,False
2000,nba smoy,Jerome Williams,willije01,26,False
2000,nba smoy,Marcus Camby,cambyma01,25,False
2000,nba smoy,Peja Stojaković,stojape01,22,False
1999,nba dpoy,Alonzo Mourning,mournal01,28,True
1999,nba dpoy,Dikembe Mutombo,mutomdi01,32,False
1999,nba dpoy,Gary Payton,paytoga01,30,False
1999,nba dpoy,David Robinson,robinda01,33,False
1999,nba dpoy,Tim Duncan,duncati01,22,False
1999,nba dpoy,Theo Ratliff,ratlith01,25,False
1999,nba dpoy,Michael Curry,currymi01,30,False
1999,nba dpoy,Kevin Garnett,garneke01,22,False
1999,nba dpoy,Eddie Jones,jonesed02,27,False
1999,nba dpoy,Hakeem Olajuwon,olajuha01,36,False
1999,nba dpoy,Scottie Pippen,pippesc01,33,False
1999,nba dpoy,Clifford Robinson,robincl02,32,False
1999,nba mip,Darrell Armstrong,armstda01,30,True
1999,nba mip,Eric Snow,snower01,25,False
1999,nba mip,Gary Trent,trentga01,24,False
1999,nba mip,Joe Smith,smithjo02,23,False
1999,nba mip,Danny Fortson,fortsda01,22,False
1999,nba mip,Theo Ratliff,ratlith01,25,False
1999,nba mip,Maurice Taylor,tayloma01,22,False
1999,nba mip,Brian Grant,grantbr01,26,False
1999,nba mip,Tracy McGrady,mcgratr01,19,False
1999,nba mip,Dee Brown,brownde01,30,False
1999,nba mip,Randy Brown,brownra02,30,False
1999,nba mip,Othella Harrington,harriot01,25,False
1999,nba mip,Antonio McDyess,mcdyean01,24,False
1999,nba mip,Greg Ostertag,ostergr01,25,False
1999,nba mip,Clifford Robinson,robincl02,32,False
1999,nba mip,Bryon Russell,russebr01,28,False
1999,nba mip,Latrell Sprewell,sprewla01,28,False
1999,nba mip,Haywoode Workman,workmha01,33,False
1999,nba mvp,Karl Malone,malonka01,35,True
1999,nba mvp,Alonzo Mourning,mournal01,28,False
1999,nba mvp,Tim Duncan,duncati01,22,False
1999,nba mvp,Allen Iverson,iversal01,23,False
1999,nba mvp,Jason Kidd,kiddja01,25,False
1999,nba mvp,Shaquille O'Neal,onealsh01,26,False
1999,nba mvp,Chris Webber,webbech01,25,False
1999,nba mvp,Grant Hill,hillgr01,26,False
1999,nba mvp,Gary Payton,paytoga01,30,False
1999,nba mvp,Kevin Garnett,garneke01,22,False
1999,nba mvp,Shawn Kemp,kempsh01,29,False
1999,nba mvp,David Robinson,robinda01,33,False
1999,nba mvp,Hakeem Olajuwon,olajuha01,36,False
1999,nba mvp,Arvydas Sabonis,sabonar01,34,False
1999,nba mvp,Darrell Armstrong,armstda01,30,False
1999,nba mvp,Vince Carter,cartevi01,22,False
1999,nba mvp,Anfernee Hardaway,hardaan01,27,False
1999,nba mvp,Mark Jackson,jacksma01,33,False
1999,nba mvp,Glenn Robinson,robingl01,26,False
1999,nba mvp,Steve Smith,smithst01,29,False
1999,nba mvp,Rasheed Wallace,wallara01,24,False
1999,nba roy,Vince Carter,cartevi01,22,True
1999,nba roy,Jason Williams,willija02,23,False
1999,nba roy,Paul Pierce,piercpa01,21,False
1999,nba smoy,Darrell Armstrong,armstda01,30,True
1999,nba smoy,Rasheed Wallace,wallara01,24,False
1999,nba smoy,Antonio Davis,davisan01,30,False
1999,nba smoy,Jalen Rose,roseja01,26,False
1999,nba smoy,Dee Brown,brownde01,30,False
1999,nba smoy,Dell Curry,curryde01,34,False
1999,nba smoy,Terry Porter,portete01,35,False
1999,nba smoy,Howard Eisley,eisleho01,26,False
1998,nba dpoy,Dikembe Mutombo,mutomdi01,31,True
1998,nba dpoy,Gary Payton,paytoga01,29,False
1998,nba dpoy,David Robinson,robinda01,32,False
1998,nba dpoy,Michael Jordan,jordami01,34,False
1998,nba dpoy,Mookie Blaylock,blaylmo01,30,False
1998,nba dpoy,Tim Duncan,duncati01,21,False
1998,nba dpoy,Bo Outlaw,outlabo01,26,False
1998,nba dpoy,Dennis Rodman,rodmade01,36,False
1998,nba dpoy,Anthony Mason,masonan01,31,False
1998,nba dpoy,Scottie Pippen,pippesc01,32,False
1998,nba dpoy,Kevin Garnett,garneke01,21,False
1998,nba dpoy,Kendall Gill,gillke01,29,False
1998,nba dpoy,Horace Grant,grantho01,32,False
1998,nba dpoy,Brevin Knight,knighbr01,22,False
1998,nba mip,Alan Henderson,hendeal01,25,True
1998,nba mip,Corliss Williamson,willico02,24,False
1998,nba mip,Donyell Marshall,marshdo01,24,False
1998,nba mip,Nick Anderson,anderni01,30,False
1998,nba mip,Michael Finley,finlemi01,24,False
1998,nba mip,Theo Ratliff,ratlith01,24,False
1998,nba mip,Kobe Bryant,bryanko01,19,False
1998,nba mip,Vin Baker,bakervi01,26,False
1998,nba mip,Lamond Murray,murrala01,24,False
1998,nba mip,Bo Outlaw,outlabo01,26,False
1998,nba mip,Antoine Walker,walkean02,21,False
1998,nba mip,John Wallace,wallajo01,23,False
1998,nba mip,Matt Geiger,geigema01,28,False
1998,nba mip,Karl Malone,malonka01,34,False
1998,nba mip,Jalen Rose,roseja01,25,False
1998,nba mip,Rod Strickland,stricro02,31,False
1998,nba mvp,Michael Jordan,jordami01,34,True
1998,nba mvp,Karl Malone,malonka01,34,False
1998,nba mvp,Gary Payton,paytoga01,29,False
1998,nba mvp,Shaquille O'Neal,onealsh01,25,False
1998,nba mvp,Tim Duncan,duncati01,21,False
1998,nba mvp,Tim Hardaway,hardati01,31,False
1998,nba mvp,David Robinson,robinda01,32,False
1998,nba mvp,Vin Baker,bakervi01,26,False
1998,nba mvp,Grant Hill,hillgr01,25,False
1998,nba mvp,Scottie Pippen,pippesc01,32,False
1998,nba mvp,Glen Rice,ricegl01,30,False
1998,nba mvp,Antoine Walker,walkean02,21,False
1998,nba mvp,Jason Kidd,kiddja01,24,False
1998,nba mvp,John Stockton,stockjo01,35,False
1998,nba mvp,Mitch Richmond,richmmi01,32,False
1998,nba mvp,Reggie Miller,millere01,32,False
1998,nba mvp,Rik Smits,smitsri01,31,False
1998,nba mvp,Michael Finley,finlemi01,24,False
1998,nba mvp,Rod Strickland,stricro02,31,False
1998,nba roy,Tim Duncan,duncati01,21,True
1998,nba roy,Keith Van Horn,vanhoke01,22,False
1998,nba smoy,Danny Manning,mannida01,31,True
1998,nba smoy,Kobe Bryant,bryanko01,19,False
1998,nba smoy,Dale Ellis,ellisda01,37,False
1998,nba smoy,John Starks,starkjo01,32,False
1998,nba smoy,Jerry Stackhouse,stackje01,23,False
1998,nba smoy,Michael Curry,currymi01,29,False
1998,nba smoy,Tracy Murray,murratr01,26,False
1997,nba dpoy,Dikembe Mutombo,mutomdi01,30,True
1997,nba dpoy,Gary Payton,paytoga01,28,False
1997,nba dpoy,Mookie Blaylock,blaylmo01,29,False
1997,nba dpoy,Scottie Pippen,pippesc01,31,False
1997,nba dpoy,Michael Jordan,jordami01,33,False
1997,nba dpoy,Joe Dumars,dumarjo01,33,False
1997,nba dpoy,Mario Elie,eliema01,33,False
1997,nba dpoy,Rick Fox,foxri01,27,False
1997,nba dpoy,Horace Grant,grantho01,31,False
1997,nba dpoy,Shawn Kemp,kempsh01,27,False
1997,nba mip,Isaac Austin,austiis01,27,True
1997,nba mip,Doug Christie,chrisdo01,26,False
1997,nba mip,Rasheed Wallace,wallara01,22,False
1997,nba mip,Voshon Lenard,lenarvo01,23,False
1997,nba mip,Kendall Gill,gillke01,28,False
1997,nba mip,Glen Rice,ricegl01,29,False
1997,nba mip,Lindsey Hunter,hunteli01,26,False
1997,nba mip,Kevin Garnett,garneke01,20,False
1997,nba mip,LaPhonso Ellis,ellisla01,26,False
1997,nba mip,Tom Gugliotta,guglito01,27,False
1997,nba mip,David Wesley,wesleda01,26,False
1997,nba mip,Tim Hardaway,hardati01,30,False
1997,nba mip,Eddie Jones,jonesed02,25,False
1997,nba mip,Rony Seikaly,seikaro01,31,False
1997,nba mip,Monty Williams,willimo01,25,False
1997,nba mvp,Karl Malone,malonka01,33,True
1997,nba mvp,Michael Jordan,jordami01,33,False
1997,nba mvp,Grant Hill,hillgr01,24,False
1997,nba mvp,Tim Hardaway,hardati01,30,False
1997,nba mvp,Glen Rice,ricegl01,29,False
1997,nba mvp,Gary Payton,paytoga01,28,False
1997,nba mvp,Hakeem Olajuwon,olajuha01,34,False
1997,nba mvp,Patrick Ewing,ewingpa01,34,False
1997,nba mvp,Anthony Mason,masonan01,30,False
1997,nba mvp,Shaquille O'Neal,onealsh01,24,False
1997,nba mvp,Scottie Pippen,pippesc01,31,False
1997,nba mvp,Alonzo Mourning,mournal01,26,False
1997,nba mvp,Dikembe Mutombo,mutomdi01,30,False
1997,nba mvp,Mitch Richmond,richmmi01,31,False
1997,nba mvp,John Stockton,stockjo01,34,False
1997,nba mvp,Charles Barkley,barklch01,33,False
1997,nba mvp,Tom Gugliotta,guglito01,27,False
1997,nba mvp,Allen Iverson,iversal01,21,False
1997,nba mvp,Kevin Johnson,johnske02,30,False
1997,nba mvp,Steve Smith,smithst01,27,False
1997,nba roy,Allen Iverson,iversal01,21,True
1997,nba roy,Stephon Marbury,marbust01,19,False
1997,nba roy,Shareef Abdur-Rahim,abdursh01,20,False
1997,nba roy,Antoine Walker,walkean02,20,False
1997,nba roy,Kerry Kittles,kittlke01,22,False
1997,nba smoy,John Starks,starkjo01,31,True
1997,nba smoy,Toni Kukoč,kukocto01,28,False
1997,nba smoy,Chris Gatling,gatlich01,29,False
1997,nba smoy,Terry Mills,millste01,29,False
1997,nba smoy,Dell Curry,curryde01,32,False
1997,nba smoy,Sam Perkins,perkisa01,35,False
1997,nba smoy,Isaac Austin,austiis01,27,False
1997,nba smoy,Mark Davis,davisma02,23,False
1997,nba smoy,Danny Manning,mannida01,30,False
1997,nba smoy,Bo Outlaw,outlabo01,25,False
1997,nba smoy,Dominique Wilkins,wilkido01,37,False
1996,nba dpoy,Gary Payton,paytoga01,27,True
1996,nba dpoy,Scottie Pippen,pippesc01,30,False
1996,nba dpoy,Dikembe Mutombo,mutomdi01,29,False
1996,nba dpoy,David Robinson,robinda01,30,False
1996,nba dpoy,Hakeem Olajuwon,olajuha01,33,False
1996,nba dpoy,Michael Jordan,jordami01,32,False
1996,nba dpoy,Dennis Rodman,rodmade01,34,False
1996,nba dpoy,Horace Grant,grantho01,30,False
1996,nba dpoy,Bo Outlaw,outlabo01,24,False
1996,nba dpoy,Latrell Sprewell,sprewla01,25,False
1996,nba mip,Gheorghe Mureșan,muresgh01,24,True
1996,nba mip,George McCloud,mccloge01,28,False
1996,nba mip,Terrell Brandon,brandte01,25,False
1996,nba mip,Danny Ferry,ferryda01,29,False
1996,nba mip,Bison Dele,delebi01,26,False
1996,nba mip,Tracy Murray,murratr01,24,False
1996,nba mip,Elden Campbell,campbel01,27,False
1996,nba mip,Shawn Bradley,bradlsh01,23,False
1996,nba mip,Chris Childs,childch01,28,False
1996,nba mip,Allan Houston,houstal01,24,False
1996,nba mip,Bobby Phills,phillbo01,26,False
1996,nba mip,Dennis Scott,scottde01,27,False
1996,nba mip,David Wesley,wesleda01,25,False
1996,nba mip,Greg Anthony,anthogr01,28,False
1996,nba mip,Vinny Del Negro,delnevi01,29,False
1996,nba mip,Matt Geiger,geigema01,26,False
1996,nba mip,Juwan Howard,howarju01,22,False
1996,nba mip,Jayson Williams,willija01,27,False
1996,nba mvp,Michael Jordan,jordami01,32,True
1996,nba mvp,David Robinson,robinda01,30,False
1996,nba mvp,Anfernee Hardaway,hardaan01,24,False
1996,nba mvp,Hakeem Olajuwon,olajuha01,33,False
1996,nba mvp,Scottie Pippen,pippesc01,30,False
1996,nba mvp,Gary Payton,paytoga01,27,False
1996,nba mvp,Karl Malone,malonka01,32,False
1996,nba mvp,Shawn Kemp,kempsh01,26,False
1996,nba mvp,Grant Hill,hillgr01,23,False
1996,nba mvp,Shaquille O'Neal,onealsh01,23,False
1996,nba mvp,John Stockton,stockjo01,33,False
1996,nba mvp,Charles Barkley,barklch01,32,False
1996,nba mvp,Magic Johnson,johnsma02,36,False
1996,nba mvp,Alonzo Mourning,mournal01,25,False
1996,nba mvp,Dennis Rodman,rodmade01,34,False
1996,nba mvp,Terrell Brandon,brandte01,25,False
1996,nba mvp,Mitch Richmond,richmmi01,30,False
1996,nba roy,Damon Stoudamire,stoudda01,22,True
1996,nba roy,Arvydas Sabonis,sabonar01,31,False
1996,nba roy,Joe Smith,smithjo02,20,False
1996,nba roy,Michael Finley,finlemi01,22,False
1996,nba roy,Jerry Stackhouse,stackje01,21,False
1996,nba roy,Kevin Garnett,garneke01,19,False
1996,nba smoy,Toni Kukoč,kukocto01,27,True
1996,nba smoy,Arvydas Sabonis,sabonar01,31,False
1996,nba smoy,Jayson Williams,willija01,27,False
1996,nba smoy,Sam Cassell,cassesa01,26,False
1996,nba smoy,Magic Johnson,johnsma02,36,False
1996,nba smoy,Chuck Person,persoch01,31,False
1996,nba smoy,Dell Curry,curryde01,31,False
1996,nba smoy,Chris Gatling,gatlich01,28,False
1996,nba smoy,Steve Kerr,kerrst01,30,False
1995,nba dpoy,Dikembe Mutombo,mutomdi01,28,True
1995,nba dpoy,Scottie Pippen,pippesc01,29,False
1995,nba dpoy,Hakeem Olajuwon,olajuha01,32,False
1995,nba dpoy,David Robinson,robinda01,29,False
1995,nba dpoy,Dennis Rodman,rodmade01,33,False
1995,nba dpoy,Derrick McKey,mckeyde01,28,False
1995,nba dpoy,Nate McMillan,mcmilna01,30,False
1995,nba dpoy,Alonzo Mourning,mournal01,24,False
1995,nba dpoy,Gary Payton,paytoga01,26,False
1995,nba mip,Dana Barros,barroda01,27,True
1995,nba mip,Elliot Perry,perryel01,25,False
1995,nba mip,Scott Burrell,burresc01,24,False
1995,nba mip,Gheorghe Mureșan,muresgh01,23,False
1995,nba mip,Allan Houston,houstal01,23,False
1995,nba mip,Avery Johnson,johnsav01,29,False
1995,nba mip,Tyrone Hill,hillty01,26,False
1995,nba mip,Popeye Jones,jonespo01,24,False
1995,nba mip,Cedric Ceballos,cebalce01,25,False
1995,nba mip,Vlade Divac,divacvl01,26,False
1995,nba mip,Chris Gatling,gatlich01,27,False
1995,nba mip,Jim Jackson,jacksji01,24,False
1995,nba mip,Rodney Rogers,rogerro01,23,False
1995,nba mip,Rik Smits,smitsri01,28,False
1995,nba mip,Nick Van Exel,vanexni01,23,False
1995,nba mip,Walt Williams,williwa02,24,False
1995,nba mvp,David Robinson,robinda01,29,True
1995,nba mvp,Shaquille O'Neal,onealsh01,22,False
1995,nba mvp,Karl Malone,malonka01,31,False
1995,nba mvp,Patrick Ewing,ewingpa01,32,False
1995,nba mvp,Hakeem Olajuwon,olajuha01,32,False
1995,nba mvp,Charles Barkley,barklch01,31,False
1995,nba mvp,Scottie Pippen,pippesc01,29,False
1995,nba mvp,John Stockton,stockjo01,32,False
1995,nba mvp,Gary Payton,paytoga01,26,False
1995,nba mvp,Anfernee Hardaway,hardaan01,23,False
1995,nba mvp,Michael Jordan,jordami01,31,False
1995,nba mvp,Dennis Rodman,rodmade01,33,False
1995,nba mvp,Jason Kidd,kiddja01,21,False
1995,nba mvp,Clyde Drexler,drexlcl01,32,False
1995,nba mvp,Cedric Ceballos,cebalce01,25,False
1995,nba roy,Grant Hill,hillgr01,22,True
1995,nba roy,Jason Kidd,kiddja01,21,True
1995,nba roy,Glenn Robinson,robingl01,22,False
1995,nba roy,Eddie Jones,jonesed02,23,False
1995,nba roy,Brian Grant,grantbr01,22,False
1995,nba roy,Juwan Howard,howarju01,21,False
1995,nba smoy,Anthony Mason,masonan01,28,True
1995,nba smoy,Dell Curry,curryde01,30,False
1995,nba smoy,Chuck Person,persoch01,30,False
1995,nba smoy,Nate McMillan,mcmilna01,30,False
1995,nba smoy,Dennis Scott,scottde01,26,False
1995,nba smoy,Byron Scott,scottby01,33,False
1995,nba smoy,Antoine Carr,carran01,33,False
1995,nba smoy,Chris Gatling,gatlich01,27,False
1995,nba smoy,Armen Gilliam,gilliar01,30,False
1994,nba dpoy,Hakeem Olajuwon,olajuha01,31,True
1994,nba dpoy,David Robinson,robinda01,28,False
1994,nba dpoy,Dikembe Mutombo,mutomdi01,27,False
1994,nba dpoy,Scottie Pippen,pippesc01,28,False
1994,nba dpoy,Gary Payton,paytoga01,25,False
1994,nba dpoy,Dennis Rodman,rodmade01,32,False
1994,nba dpoy,Mookie Blaylock,blaylmo01,26,False
1994,nba dpoy,Nate McMillan,mcmilna01,29,False
1994,nba dpoy,Charles Oakley,oaklech01,30,False
1994,nba dpoy,Horace Grant,grantho01,28,False
1994,nba mip,Don MacLean,macledo01,24,True
1994,nba mip,Latrell Sprewell,sprewla01,23,False
1994,nba mip,Gary Payton,paytoga01,25,False
1994,nba mip,Mookie Blaylock,blaylmo01,26,False
1994,nba mip,Dale Davis,davisda01,24,False
1994,nba mip,Rod Strickland,stricro02,27,False
1994,nba mip,Vincent Askew,askewvi01,27,False
1994,nba mip,Dana Barros,barroda01,26,False
1994,nba mip,Rex Chapman,chapmre01,26,False
1994,nba mip,Bison Dele,delebi01,24,False
1994,nba mip,Pete Myers,myerspe01,30,False
1994,nba mip,Olden Polynice,polynol01,29,False
1994,nba mvp,Hakeem Olajuwon,olajuha01,31,True
1994,nba mvp,David Robinson,robinda01,28,False
1994,nba mvp,Scottie Pippen,pippesc01,28,False
1994,nba mvp,Shaquille O'Neal,onealsh01,21,False
1994,nba mvp,Patrick Ewing,ewingpa01,31,False
1994,nba mvp,Gary Payton,paytoga01,25,False
1994,nba mvp,Shawn Kemp,kempsh01,24,False
1994,nba mvp,Karl Malone,malonka01,30,False
1994,nba mvp,Mark Price,pricema01,29,False
1994,nba mvp,Charles Barkley,barklch01,30,False
1994,nba mvp,Mookie Blaylock,blaylmo01,26,False
1994,nba mvp,Kevin Johnson,johnske02,27,False
1994,nba mvp,Dennis Rodman,rodmade01,32,False
1994,nba mvp,Latrell Sprewell,sprewla01,23,False
1994,nba mvp,John Stockton,stockjo01,31,False
1994,nba mvp,Dominique Wilkins,wilkido01,34,False
1994,nba mvp,Kevin Willis,willike02,31,False
1994,nba roy,Chris Webber,webbech01,20,True
1994,nba roy,Anfernee Hardaway,hardaan01,22,False
1994,nba roy,Jamal Mashburn,mashbja01,21,False
1994,nba smoy,Dell Curry,curryde01,29,True
1994,nba smoy,Nate McMillan,mcmilna01,29,False
1994,nba smoy,Craig Ehlo,ehlocr01,32,False
1994,nba smoy,Ricky Pierce,piercri01,34,False
1994,nba smoy,Armen Gilliam,gilliar01,29,False
1994,nba smoy,Mario Elie,eliema01,30,False
1994,nba smoy,Steve Kerr,kerrst01,28,False
1994,nba smoy,Anthony Mason,masonan01,27,False
1994,nba smoy,Johnny Newman,newmajo01,30,False
1994,nba smoy,Dennis Rodman,rodmade01,32,False
1994,nba smoy,Orlando Woolridge,woolror01,34,False
1993,nba dpoy,Hakeem Olajuwon,olajuha01,30,True
1993,nba dpoy,Michael Jordan,jordami01,29,False
1993,nba dpoy,David Robinson,robinda01,27,False
1993,nba dpoy,Dennis Rodman,rodmade01,31,False
1993,nba dpoy,Patrick Ewing,ewingpa01,30,False
1993,nba dpoy,Dan Majerle,majerda01,27,False
1993,nba dpoy,Charles Oakley,oaklech01,29,False
1993,nba dpoy,John Starks,starkjo01,27,False
1993,nba mip,Mahmoud Abdul-Rauf,abdulma02,23,True
1993,nba mip,Eric Murdock,murdoer01,24,False
1993,nba mip,Kenny Anderson,anderke01,22,False
1993,nba mip,John Starks,starkjo01,27,False
1993,nba mip,Clifford Robinson,robincl02,26,False
1993,nba mip,Gary Payton,paytoga01,24,False
1993,nba mip,Derrick Coleman,colemde01,25,False
1993,nba mip,Blue Edwards,edwarbl01,27,False
1993,nba mip,Doug West,westdo01,25,False
1993,nba mip,Alaa Abdelnaby,abdelal01,24,False
1993,nba mip,Mookie Blaylock,blaylmo01,25,False
1993,nba mip,Cedric Ceballos,cebalce01,23,False
1993,nba mip,Shawn Kemp,kempsh01,23,False
1993,nba mip,Terry Mills,millste01,25,False
1993,nba mip,Dražen Petrović,petrodr01,28,False
1993,nba mvp,Charles Barkley,barklch01,29,True
1993,nba mvp,Hakeem Olajuwon,olajuha01,30,False
1993,nba mvp,Michael Jordan,jordami01,29,False
1993,nba mvp,Patrick Ewing,ewingpa01,30,False
1993,nba mvp,Dominique Wilkins,wilkido01,33,False
1993,nba mvp,David Robinson,robinda01,27,False
1993,nba mvp,Shaquille O'Neal,onealsh01,20,False
1993,nba mvp,Karl Malone,malonka01,29,False
1993,nba mvp,Mark Price,pricema01,28,False
1993,nba mvp,Brad Daugherty,daughbr01,27,False
1993,nba mvp,Clyde Drexler,drexlcl01,30,False
1993,nba mvp,Joe Dumars,dumarjo01,29,False
1993,nba mvp,Shawn Kemp,kempsh01,23,False
1993,nba mvp,John Stockton,stockjo01,30,False
1993,nba roy,Shaquille O'Neal,onealsh01,20,True
1993,nba roy,Alonzo Mourning,mournal01,22,False
1993,nba smoy,Clifford Robinson,robincl02,26,True
1993,nba smoy,Danny Ainge,aingeda01,33,False
1993,nba smoy,Anthony Mason,masonan01,26,False
1993,nba smoy,Dell Curry,curryde01,28,False
1993,nba smoy,Tom Chambers,chambto01,33,False
1992,nba dpoy,David Robinson,robinda01,26,True
1992,nba dpoy,Dennis Rodman,rodmade01,30,False
1992,nba dpoy,Michael Jordan,jordami01,28,False
1992,nba dpoy,Scottie Pippen,pippesc01,26,False
1992,nba dpoy,Joe Dumars,dumarjo01,28,False
1992,nba dpoy,Karl Malone,malonka01,28,False
1992,nba dpoy,Hakeem Olajuwon,olajuha01,29,False
1992,nba dpoy,Buck Williams,willibu01,31,False
1992,nba mip,Pervis Ellison,ellispe01,24,True
1992,nba mip,Dražen Petrović,petrodr01,27,False
1992,nba mip,Kevin Willis,willike02,29,False
1992,nba mip,Glen Rice,ricegl01,24,False
1992,nba mip,Reggie Williams,willire01,27,False
1992,nba mip,Tim Perry,perryti01,26,False
1992,nba mip,John Starks,starkjo01,26,False
1992,nba mip,Kendall Gill,gillke01,23,False
1992,nba mip,Grant Long,longgr01,25,False
1992,nba mip,Šarūnas Marčiulionis,marcisa01,27,False
1992,nba mip,Mookie Blaylock,blaylmo01,24,False
1992,nba mip,Micheal Williams,willimi02,25,False
1992,nba mvp,Michael Jordan,jordami01,28,True
1992,nba mvp,Clyde Drexler,drexlcl01,29,False
1992,nba mvp,David Robinson,robinda01,26,False
1992,nba mvp,Karl Malone,malonka01,28,False
1992,nba mvp,Patrick Ewing,ewingpa01,29,False
1992,nba mvp,Chris Mullin,mullich01,28,False
1992,nba mvp,Mark Price,pricema01,27,False
1992,nba mvp,Tim Hardaway,hardati01,25,False
1992,nba mvp,Scottie Pippen,pippesc01,26,False
1992,nba mvp,Dennis Rodman,rodmade01,30,False
1992,nba mvp,Brad Daugherty,daughbr01,26,False
1992,nba mvp,Charles Barkley,barklch01,28,False
1992,nba mvp,John Stockton,stockjo01,29,False
1992,nba mvp,Larry Bird,birdla01,35,False
1992,nba mvp,Kevin Johnson,johnske02,25,False
1992,nba mvp,Danny Manning,mannida01,25,False
1992,nba mvp,Detlef Schrempf,schrede01,29,False
1992,nba roy,Larry Johnson,johnsla02,22,True
1992,nba roy,Dikembe Mutombo,mutomdi01,25,False
1992,nba roy,Billy Owens,owensbi01,22,False
1992,nba smoy,Detlef Schrempf,schrede01,29,True
1992,nba smoy,Šarūnas Marčiulionis,marcisa01,27,False
1992,nba smoy,Dan Majerle,majerda01,26,False
1992,nba smoy,Tyrone Corbin,corbity01,29,False
1992,nba smoy,John Starks,starkjo01,26,False
1991,nba dpoy,Dennis Rodman,rodmade01,29,True
1991,nba dpoy,David Robinson,robinda01,25,False
1991,nba dpoy,Alvin Robertson,roberal01,28,False
1991,nba dpoy,Joe Dumars,dumarjo01,27,False
1991,nba dpoy,Hakeem Olajuwon,olajuha01,28,False
1991,nba dpoy,Buck Williams,willibu01,30,False
1991,nba dpoy,Patrick Ewing,ewingpa01,28,False
1991,nba dpoy,Derek Harper,harpede01,29,False
1991,nba dpoy,Michael Jordan,jordami01,27,False
1991,nba dpoy,Scottie Pippen,pippesc01,25,False
1991,nba dpoy,John Stockton,stockjo01,28,False
1991,nba mip,Scott Skiles,skilesc01,26,True
1991,nba mip,Kevin Gamble,gamblke01,25,False
1991,nba mip,Kenny Smith,smithke01,25,False
1991,nba mip,Harvey Grant,grantha01,25,False
1991,nba mip,Tim Hardaway,hardati01,24,False
1991,nba mip,Sean Elliott,elliose01,22,False
1991,nba mip,Shawn Kemp,kempsh01,21,False
1991,nba mip,Michael Adams,adamsmi01,28,False
1991,nba mip,Rex Chapman,chapmre01,23,False
1991,nba mip,Derek Harper,harpede01,29,False
1991,nba mip,Bernard King,kingbe01,34,False
1991,nba mip,Scottie Pippen,pippesc01,25,False
1991,nba mip,Larry Smith,smithla01,33,False
1991,nba mip,Spud Webb,webbsp01,27,False
1991,nba mvp,Michael Jordan,jordami01,27,True
1991,nba mvp,Magic Johnson,johnsma02,31,False
1991,nba mvp,David Robinson,robinda01,25,False
1991,nba mvp,Charles Barkley,barklch01,27,False
1991,nba mvp,Karl Malone,malonka01,27,False
1991,nba mvp,Clyde Drexler,drexlcl01,28,False
1991,nba mvp,Kevin Johnson,johnske02,24,False
1991,nba mvp,Dominique Wilkins,wilkido01,31,False
1991,nba mvp,Larry Bird,birdla01,34,False
1991,nba mvp,Terry Porter,portete01,27,False
1991,nba mvp,Patrick Ewing,ewingpa01,28,False
1991,nba mvp,John Stockton,stockjo01,28,False
1991,nba mvp,Isiah Thomas,thomais01,29,False
1991,nba mvp,Robert Parish,parisro01,37,False
1991,nba mvp,Joe Dumars,dumarjo01,27,False
1991,nba mvp,Bernard King,kingbe01,34,False
1991,nba mvp,Kenny Smith,smithke01,25,False
1991,nba mvp,Hakeem Olajuwon,olajuha01,28,False
1991,nba mvp,Tim Hardaway,hardati01,24,False
1991,nba mvp,Kevin McHale,mchalke01,33,False
1991,nba roy,Derrick Coleman,colemde01,23,True
1991,nba roy,Lionel Simmons,simmoli01,22,False
1991,nba roy,Dennis Scott,scottde01,22,False
1991,nba roy,Dee Brown,brownde01,22,False
1991,nba smoy,Detlef Schrempf,schrede01,28,True
1991,nba smoy,Dan Majerle,majerda01,25,False
1991,nba smoy,Kevin McHale,mchalke01,33,False
1991,nba smoy,Ricky Pierce,piercri01,31,False
1991,nba smoy,Danny Ainge,aingeda01,31,False
1991,nba smoy,Thurl Bailey,baileth01,29,False
1991,nba smoy,Moses Malone,malonmo01,35,False
1991,nba smoy,Jerry Reynolds,reynoje01,28,False
1991,nba smoy,Larry Smith,smithla01,33,False
1990,nba dpoy,Dennis Rodman,rodmade01,28,True
1990,nba dpoy,Hakeem Olajuwon,olajuha01,27,False
1990,nba dpoy,Joe Dumars,dumarjo01,26,False
1990,nba dpoy,Derek Harper,harpede01,28,False
1990,nba dpoy,Mark Eaton,eatonma01,33,False
1990,nba dpoy,Patrick Ewing,ewingpa01,27,False
1990,nba dpoy,Michael Jordan,jordami01,26,False
1990,nba dpoy,Alvin Robertson,roberal01,27,False
1990,nba mip,Rony Seikaly,seikaro01,24,True
1990,nba mip,Reggie Miller,millere01,24,False
1990,nba mip,Tony Campbell,campbto01,27,False
1990,nba mip,Jeff Hornacek,hornaje01,26,False
1990,nba mip,Hersey Hawkins,hawkihe01,23,False
1990,nba mip,Scottie Pippen,pippesc01,24,False
1990,nba mip,Detlef Schrempf,schrede01,27,False
1990,nba mip,Derek Smith,smithde02,28,False
1990,nba mip,Roy Tarpley,tarplro01,25,False
1990,nba mip,Mark West,westma01,29,False
1990,nba mvp,Magic Johnson,johnsma02,30,True
1990,nba mvp,Charles Barkley,barklch01,26,False
1990,nba mvp,Michael Jordan,jordami01,26,False
1990,nba mvp,Karl Malone,malonka01,26,False
1990,nba mvp,Patrick Ewing,ewingpa01,27,False
1990,nba mvp,David Robinson,robinda01,24,False
1990,nba mvp,Hakeem Olajuwon,olajuha01,27,False
1990,nba mvp,Tom Chambers,chambto01,30,False
1990,nba mvp,John Stockton,stockjo01,27,False
1990,nba mvp,Larry Bird,birdla01,33,False
1990,nba mvp,Buck Williams,willibu01,29,False
1990,nba mvp,Clyde Drexler,drexlcl01,27,False
1990,nba mvp,Joe Dumars,dumarjo01,26,False
1990,nba mvp,Isiah Thomas,thomais01,28,False
1990,nba roy,David Robinson,robinda01,24,True
1990,nba smoy,Ricky Pierce,piercri01,30,True
1990,nba smoy,Detlef Schrempf,schrede01,27,False
1990,nba smoy,Eddie Johnson,johnsed03,30,False
1990,nba smoy,John Williams,willijo02,23,False
1990,nba smoy,Orlando Woolridge,woolror01,30,False
1990,nba smoy,Antoine Carr,carran01,28,False
1989,nba dpoy,Mark Eaton,eatonma01,32,True
1989,nba dpoy,Hakeem Olajuwon,olajuha01,26,False
1989,nba dpoy,Dennis Rodman,rodmade01,27,False
1989,nba dpoy,Manute Bol,bolma01,26,False
1989,nba dpoy,Michael Jordan,jordami01,25,False
1989,nba dpoy,Patrick Ewing,ewingpa01,26,False
1989,nba dpoy,Fat Lever,leverfa01,28,False
1989,nba dpoy,Buck Williams,willibu01,28,False
1989,nba mip,Kevin Johnson,johnske02,22,True
1989,nba mip,Reggie Lewis,lewisre01,23,False
1989,nba mip,Chris Mullin,mullich01,25,False
1989,nba mip,Ron Anderson,anderro01,30,False
1989,nba mip,Ken Norman,normake01,24,False
1989,nba mip,Kelly Tripucka,tripuke01,29,False
1989,nba mip,Patrick Ewing,ewingpa01,26,False
1989,nba mip,Larry Krystkowiak,krystla01,24,False
1989,nba mip,Derrick McKey,mckeyde01,22,False
1989,nba mip,Scottie Pippen,pippesc01,23,False
1989,nba mip,Dennis Rodman,rodmade01,27,False
1989,nba mvp,Magic Johnson,johnsma02,29,True
1989,nba mvp,Michael Jordan,jordami01,25,False
1989,nba mvp,Karl Malone,malonka01,25,False
1989,nba mvp,Patrick Ewing,ewingpa01,26,False
1989,nba mvp,Hakeem Olajuwon,olajuha01,26,False
1989,nba mvp,Charles Barkley,barklch01,25,False
1989,nba mvp,John Stockton,stockjo01,26,False
1989,nba mvp,Kevin Johnson,johnske02,22,False
1989,nba mvp,Tom Chambers,chambto01,29,False
1989,nba mvp,Mark Price,pricema01,24,False
1989,nba mvp,Brad Daugherty,daughbr01,23,False
1989,nba mvp,Robert Parish,parisro01,35,False
1989,nba mvp,Mark Eaton,eatonma01,32,False
1989,nba mvp,Moses Malone,malonmo01,33,False
1989,nba mvp,Chris Mullin,mullich01,25,False
1989,nba mvp,Larry Nance,nancela01,29,False
1989,nba mvp,Terry Cummings,cummite01,27,False
1989,nba mvp,Joe Dumars,dumarjo01,25,False
1989,nba mvp,Isiah Thomas,thomais01,27,False
1989,nba roy,Mitch Richmond,richmmi01,23,True
1989,nba roy,Willie Anderson,anderwi01,22,False
1989,nba roy,Chris Morris,morrich01,23,False
1989,nba smoy,Eddie Johnson,johnsed03,29,True
1989,nba smoy,Thurl Bailey,baileth01,27,False
1989,nba smoy,Dennis Rodman,rodmade01,27,False
1989,nba smoy,John Williams,willijo02,22,False
1989,nba smoy,Xavier McDaniel,mcdanxa01,25,False
1989,nba smoy,Ron Anderson,anderro01,30,False
1989,nba smoy,Ricky Pierce,piercri01,29,False
1989,nba smoy,Hot Rod Williams,williho01,26,False
1988,nba dpoy,Michael Jordan,jordami01,24,True
1988,nba dpoy,Mark Eaton,eatonma01,31,False
1988,nba dpoy,Hakeem Olajuwon,olajuha01,25,False
1988,nba dpoy,Alvin Robertson,roberal01,25,False
1988,nba dpoy,Michael Cooper,coopemi01,31,False
1988,nba dpoy,Patrick Ewing,ewingpa01,25,False
1988,nba dpoy,Fat Lever,leverfa01,27,False
1988,nba dpoy,Manute Bol,bolma01,25,False
1988,nba dpoy,Maurice Cheeks,cheekma01,31,False
1988,nba dpoy,Clyde Drexler,drexlcl01,25,False
1988,nba dpoy,Bob Hansen,hansebo01,27,False
1988,nba dpoy,Nate McMillan,mcmilna01,23,False
1988,nba dpoy,Sam Perkins,perkisa01,26,False
1988,nba dpoy,Paul Pressey,presspa01,29,False
1988,nba dpoy,Dennis Rodman,rodmade01,26,False
1988,nba dpoy,John Stockton,stockjo01,25,False
1988,nba mip,Kevin Duckworth,duckwke01,23,True
1988,nba mip,John Stockton,stockjo01,25,False
1988,nba mip,Mark Price,pricema01,23,False
1988,nba mip,Michael Adams,adamsmi01,25,False
1988,nba mip,Jerome Kersey,kerseje01,25,False
1988,nba mip,Randy Breuer,breuera01,27,False
1988,nba mip,Frank Brickowski,brickfr01,28,False
1988,nba mip,John Battle,battljo01,25,False
1988,nba mip,Byron Scott,scottby01,26,False
1988,nba mip,Roy Tarpley,tarplro01,23,False
1988,nba mvp,Michael Jordan,jordami01,24,True
1988,nba mvp,Larry Bird,birdla01,31,False
1988,nba mvp,Magic Johnson,johnsma02,28,False
1988,nba mvp,Charles Barkley,barklch01,24,False
1988,nba mvp,Clyde Drexler,drexlcl01,25,False
1988,nba mvp,Dominique Wilkins,wilkido01,28,False
1988,nba mvp,Hakeem Olajuwon,olajuha01,25,False
1988,nba mvp,Karl Malone,malonka01,24,False
1988,nba mvp,Fat Lever,leverfa01,27,False
1988,nba mvp,John Stockton,stockjo01,25,False
1988,nba mvp,Alex English,englial01,34,False
1988,nba mvp,Isiah Thomas,thomais01,26,False
1988,nba mvp,Mark Jackson,jacksma01,22,False
1988,nba mvp,Michael Adams,adamsmi01,25,False
1988,nba mvp,Mark Aguirre,aguirma01,28,False
1988,nba mvp,Adrian Dantley,dantlad01,32,False
1988,nba mvp,Buck Williams,willibu01,27,False
1988,nba roy,Mark Jackson,jacksma01,22,True
1988,nba roy,Greg Anderson,andergr01,23,False
1988,nba roy,Winston Garland,garlawi01,23,False
1988,nba roy,Kenny Smith,smithke01,22,False
1988,nba smoy,Roy Tarpley,tarplro01,23,True
1988,nba smoy,Thurl Bailey,baileth01,26,False
1987,nba dpoy,Michael Cooper,coopemi01,30,True
1987,nba dpoy,Alvin Robertson,roberal01,24,False
1987,nba dpoy,Mark Eaton,eatonma01,30,False
1987,nba dpoy,Manute Bol,bolma01,24,False
1987,nba dpoy,Kevin McHale,mchalke01,29,False
1987,nba dpoy,Maurice Cheeks,cheekma01,30,False
1987,nba dpoy,Dennis Johnson,johnsde01,32,False
1987,nba dpoy,T.R. Dunn,dunntr01,31,False
1987,nba dpoy,Bill Hanzlik,hanzlbi01,29,False
1987,nba dpoy,Derek Harper,harpede01,25,False
1987,nba dpoy,Michael Jordan,jordami01,23,False
1987,nba dpoy,Fat Lever,leverfa01,26,False
1987,nba dpoy,Paul Pressey,presspa01,28,False
1987,nba dpoy,Doc Rivers,riverdo01,25,False
1987,nba mip,Dale Ellis,ellisda01,26,True
1987,nba mip,James Donaldson,donalja01,29,False
1987,nba mip,Sleepy Floyd,floydsl01,26,False
1987,nba mip,Fat Lever,leverfa01,26,False
1987,nba mip,Otis Thorpe,thorpot01,24,False
1987,nba mip,Kevin Willis,willike02,24,False
1987,nba mip,Gerald Wilkins,wilkige01,23,False
1987,nba mip,Terry Porter,portete01,23,False
1987,nba mip,Michael Cage,cagemi01,25,False
1987,nba mip,Steve Johnson,johnsst03,29,False
1987,nba mip,Karl Malone,malonka01,23,False
1987,nba mip,Tim McCormick,mccorti01,24,False
1987,nba mip,Charles Barkley,barklch01,23,False
1987,nba mip,Bob Hansen,hansebo01,26,False
1987,nba mip,John Paxson,paxsojo01,26,False
1987,nba mip,Larry Smith,smithla01,29,False
1987,nba mvp,Magic Johnson,johnsma02,27,True
1987,nba mvp,Michael Jordan,jordami01,23,False
1987,nba mvp,Larry Bird,birdla01,30,False
1987,nba mvp,Kevin McHale,mchalke01,29,False
1987,nba mvp,Dominique Wilkins,wilkido01,27,False
1987,nba mvp,Charles Barkley,barklch01,23,False
1987,nba mvp,Hakeem Olajuwon,olajuha01,24,False
1987,nba mvp,Isiah Thomas,thomais01,25,False
1987,nba mvp,Fat Lever,leverfa01,26,False
1987,nba mvp,Moses Malone,malonmo01,31,False
1987,nba mvp,Steve Johnson,johnsst03,29,False
1987,nba mvp,Karl Malone,malonka01,23,False
1987,nba mvp,Robert Parish,parisro01,33,False
1987,nba mvp,Alex English,englial01,33,False
1987,nba mvp,Mark Aguirre,aguirma01,27,False
1987,nba mvp,Rolando Blackman,blackro01,27,False
1987,nba mvp,Joe Barry Carroll,carrojo01,28,False
1987,nba roy,Chuck Person,persoch01,22,True
1987,nba roy,Ron Harper,harpero01,23,False
1987,nba smoy,Ricky Pierce,piercri01,27,True
1987,nba smoy,Vinnie Johnson,johnsvi01,30,False
1987,nba smoy,Michael Cooper,coopemi01,30,False
1986,nba dpoy,Alvin Robertson,roberal01,23,True
1986,nba dpoy,Manute Bol,bolma01,23,False
1986,nba dpoy,Sidney Moncrief,moncrsi01,28,False
1986,nba mip,Alvin Robertson,roberal01,23,True
1986,nba mip,Charles Barkley,barklch01,22,False
1986,nba mip,Kevin Willis,willike02,23,False
1986,nba mip,Dominique Wilkins,wilkido01,26,False
1986,nba mvp,Larry Bird,birdla01,29,True
1986,nba mvp,Dominique Wilkins,wilkido01,26,False
1986,nba mvp,Magic Johnson,johnsma02,26,False
1986,nba mvp,Hakeem Olajuwon,olajuha01,23,False
1986,nba mvp,Kareem Abdul-Jabbar,abdulka01,38,False
1986,nba mvp,Charles Barkley,barklch01,22,False
1986,nba mvp,Sidney Moncrief,moncrsi01,28,False
1986,nba mvp,Alex English,englial01,32,False
1986,nba mvp,Isiah Thomas,thomais01,24,False
1986,nba mvp,Moses Malone,malonmo01,30,False
1986,nba mvp,Terry Cummings,cummite01,24,False
1986,nba mvp,James Worthy,worthja01,24,False
1986,nba mvp,Kevin McHale,mchalke01,28,False
1986,nba mvp,Paul Pressey,presspa01,27,False
1986,nba mvp,Alvin Robertson,roberal01,23,False
1986,nba mvp,Adrian Dantley,dantlad01,30,False
1986,nba mvp,Buck Williams,willibu01,25,False
1986,nba mvp,Dennis Johnson,johnsde01,31,False
1986,nba roy,Patrick Ewing,ewingpa01,23,True
1986,nba roy,Xavier McDaniel,mcdanxa01,22,False
1986,nba roy,Karl Malone,malonka01,22,False
1986,nba roy,Spud Webb,webbsp01,22,False
1986,nba roy,Manute Bol,bolma01,23,False
1986,nba roy,Charles Oakley,oaklech01,22,False
1986,nba roy,Benoit Benjamin,benjabe01,21,False
1986,nba smoy,Bill Walton,waltobi01,33,True
1986,nba smoy,Ricky Pierce,piercri01,26,False
1986,nba smoy,Eddie Johnson,johnsed03,26,False
1986,nba smoy,Michael Cooper,coopemi01,29,False
1986,nba smoy,Thurl Bailey,baileth01,24,False
1985,nba dpoy,Mark Eaton,eatonma01,28,True
1985,nba dpoy,Sidney Moncrief,moncrsi01,27,False
1985,nba dpoy,Paul Pressey,presspa01,26,False
1985,nba dpoy,Michael Cooper,coopemi01,28,False
1985,nba dpoy,Maurice Cheeks,cheekma01,28,False
1985,nba dpoy,Dennis Johnson,johnsde01,30,False
1985,nba dpoy,T.R. Dunn,dunntr01,29,False
1985,nba dpoy,Michael Ray Richardson,richami01,29,False
1985,nba dpoy,Danny Vranes,vraneda01,26,False
1985,nba mvp,Larry Bird,birdla01,28,True
1985,nba mvp,Magic Johnson,johnsma02,25,False
1985,nba mvp,Moses Malone,malonmo01,29,False
1985,nba mvp,Kareem Abdul-Jabbar,abdulka01,37,False
1985,nba mvp,Terry Cummings,cummite01,23,False
1985,nba mvp,Michael Jordan,jordami01,21,False
1985,nba mvp,Bernard King,kingbe01,28,False
1985,nba mvp,Sidney Moncrief,moncrsi01,27,False
1985,nba mvp,Isiah Thomas,thomais01,23,False
1985,nba mvp,Ralph Sampson,sampsra01,24,False
1985,nba mvp,Calvin Natt,nattca01,28,False
1985,nba mvp,Alex English,englial01,31,False
1985,nba mvp,Hakeem Olajuwon,olajuha01,22,False
1985,nba mvp,Michael Ray Richardson,richami01,29,False
1985,nba mvp,Andrew Toney,toneyan01,27,False
1985,nba mvp,Mark Eaton,eatonma01,28,False
1985,nba mvp,Paul Pressey,presspa01,26,False
1985,nba mvp,Jack Sikma,sikmaja01,29,False
1985,nba mvp,Dominique Wilkins,wilkido01,25,False
1985,nba mvp,World B. Free,freewo01,31,False
1985,nba mvp,Purvis Short,shortpu01,27,False
1985,nba mvp,Clyde Drexler,drexlcl01,22,False
1985,nba mvp,Julius Erving,ervinju01,34,False
1985,nba roy,Michael Jordan,jordami01,21,True
1985,nba roy,Hakeem Olajuwon,olajuha01,22,False
1985,nba smoy,Kevin McHale,mchalke01,27,True
1985,nba smoy,Clyde Drexler,drexlcl01,22,False
1985,nba smoy,Dan Issel,isselda01,36,False
1985,nba smoy,Michael Cooper,coopemi01,28,False
1985,nba smoy,Jay Vincent,vinceja01,25,False
1985,nba smoy,Quintin Dailey,dailequ01,24,False
1985,nba smoy,Bobby Jones,jonesbo01,33,False
1985,nba smoy,Bob McAdoo,mcadobo01,33,False
1985,nba smoy,Terry Tyler,tylerte01,28,False
1985,nba smoy,Mike Woodson,woodsmi01,26,False
1984,nba dpoy,Sidney Moncrief,moncrsi01,26,True
1984,nba dpoy,Mark Eaton,eatonma01,27,False
1984,nba dpoy,Dennis Johnson,johnsde01,29,False
1984,nba dpoy,Maurice Cheeks,cheekma01,27,False
1984,nba dpoy,Michael Cooper,coopemi01,27,False
1984,nba dpoy,Bobby Jones,jonesbo01,32,False
1984,nba dpoy,T.R. Dunn,dunntr01,28,False
1984,nba dpoy,Rickey Green,greenri01,29,False
1984,nba dpoy,Larry Nance,nancela01,24,False
1984,nba dpoy,Calvin Natt,nattca01,27,False
1984,nba dpoy,Rory Sparrow,sparrro01,25,False
1984,nba dpoy,Larry Bird,birdla01,27,False
1984,nba dpoy,Magic Johnson,johnsma02,24,False
1984,nba dpoy,Bill Laimbeer,laimbbi01,26,False
1984,nba dpoy,Moses Malone,malonmo01,28,False
1984,nba dpoy,Tree Rollins,rollitr01,28,False
1984,nba dpoy,Lonnie Shelton,sheltlo01,28,False
1984,nba dpoy,Mychal Thompson,thompmy01,29,False
1984,nba dpoy,Jamaal Wilkes,wilkeja01,30,False
1984,nba mvp,Larry Bird,birdla01,27,True
1984,nba mvp,Bernard King,kingbe01,27,False
1984,nba mvp,Magic Johnson,johnsma02,24,False
1984,nba mvp,Kareem Abdul-Jabbar,abdulka01,36,False
1984,nba mvp,Isiah Thomas,thomais01,22,False
1984,nba mvp,Julius Erving,ervinju01,33,False
1984,nba mvp,Adrian Dantley,dantlad01,28,False
1984,nba mvp,Sidney Moncrief,moncrsi01,26,False
1984,nba mvp,Jeff Ruland,rulanje01,25,False
1984,nba mvp,Moses Malone,malonmo01,28,False
1984,nba mvp,Mark Aguirre,aguirma01,24,False
1984,nba mvp,Bill Laimbeer,laimbbi01,26,False
1984,nba mvp,Rickey Green,greenri01,29,False
1984,nba mvp,World B. Free,freewo01,30,False
1984,nba mvp,Marques Johnson,johnsma01,27,False
1984,nba roy,Ralph Sampson,sampsra01,23,True
1984,nba smoy,Kevin McHale,mchalke01,26,True
1984,nba smoy,John Drew,drewjo01,29,False
1984,nba smoy,Kenny Carr,carrke01,28,False
1984,nba smoy,Phil Hubbard,hubbaph01,27,False
1984,nba smoy,Bobby Jones,jonesbo01,32,False
1983,nba dpoy,Sidney Moncrief,moncrsi01,25,True
1983,nba dpoy,Tree Rollins,rollitr01,27,False
1983,nba dpoy,Larry Bird,birdla01,26,False
1983,nba dpoy,Maurice Cheeks,cheekma01,26,False
1983,nba dpoy,Michael Cooper,coopemi01,26,False
1983,nba dpoy,Bobby Jones,jonesbo01,31,False
1983,nba mvp,Moses Malone,malonmo01,27,True
1983,nba mvp,Larry Bird,birdla01,26,False
1983,nba mvp,Magic Johnson,johnsma02,23,False
1983,nba mvp,Sidney Moncrief,moncrsi01,25,False
1983,nba mvp,Julius Erving,ervinju01,32,False
1983,nba mvp,Alex English,englial01,29,False
1983,nba mvp,Buck Williams,willibu01,22,False
1983,nba mvp,Artis Gilmore,gilmoar01,33,False
1983,nba mvp,George Gervin,gervige01,30,False
1983,nba mvp,Kareem Abdul-Jabbar,abdulka01,35,False
1983,nba mvp,Jack Sikma,sikmaja01,27,False
1983,nba mvp,Jeff Ruland,rulanje01,24,False
1983,nba mvp,Terry Cummings,cummite01,21,False
1983,nba mvp,Maurice Lucas,lucasma01,30,False
1983,nba mvp,Alton Lister,listeal01,24,False
1983,nba mvp,Bernard King,kingbe01,26,False
1983,nba mvp,Isiah Thomas,thomais01,21,False
1983,nba mvp,Larry Drew,drewla01,24,False
1983,nba mvp,Gus Williams,willigu01,29,False
1983,nba mvp,Dan Roundfield,roundda01,29,False
1983,nba mvp,Marques Johnson,johnsma01,26,False
1983,nba mvp,Norm Nixon,nixonno01,27,False
1983,nba mvp,Kiki Vandeweghe,vandeki01,24,False
1983,nba roy,Terry Cummings,cummite01,21,True
1983,nba roy,Clark Kellogg,kellocl01,21,False
1983,nba roy,James Worthy,worthja01,21,False
1982,nba mvp,Moses Malone,malonmo01,26,True
1982,nba mvp,Larry Bird,birdla01,25,False
1982,nba mvp,Julius Erving,ervinju01,31,False
1982,nba mvp,Robert Parish,parisro01,28,False
1982,nba mvp,Gus Williams,willigu01,28,False
1982,nba mvp,George Gervin,gervige01,29,False
1982,nba mvp,Sidney Moncrief,moncrsi01,24,False
1982,nba mvp,Magic Johnson,johnsma02,22,False
1982,nba mvp,Jack Sikma,sikmaja01,26,False
1982,nba mvp,Kareem Abdul-Jabbar,abdulka01,34,False
1982,nba mvp,Dan Roundfield,roundda01,28,False
1982,nba mvp,Kelly Tripucka,tripuke01,22,False
1982,nba mvp,Alex English,englial01,28,False
1982,nba mvp,Bernard King,kingbe01,25,False
1982,nba mvp,Adrian Dantley,dantlad01,26,False
1982,nba mvp,Ray Williams,willira01,27,False
1982,nba mvp,Michael Cooper,coopemi01,25,False
1982,nba mvp,Dan Issel,isselda01,33,False
1982,nba mvp,Marques Johnson,johnsma01,25,False
1982,nba mvp,Isiah Thomas,thomais01,20,False
1982,nba mvp,Dennis Johnson,johnsde01,27,False
1982,nba mvp,Mychal Thompson,thompmy01,27,False
1982,nba mvp,Jay Vincent,vinceja01,22,False
1982,nba mvp,Jamaal Wilkes,wilkeja01,28,False
1982,nba mvp,Buck Williams,willibu01,21,False
1982,nba roy,Buck Williams,willibu01,21,True
1982,nba roy,Kelly Tripucka,tripuke01,22,False
1982,nba roy,Jay Vincent,vinceja01,22,False
1981,nba mvp,Julius Erving,ervinju01,30,True
1981,nba mvp,Larry Bird,birdla01,24,False
1981,nba mvp,Kareem Abdul-Jabbar,abdulka01,33,False
1981,nba mvp,Moses Malone,malonmo01,25,False
1981,nba mvp,George Gervin,gervige01,28,False
1981,nba mvp,Marques Johnson,johnsma01,24,False
1981,nba mvp,Robert Parish,parisro01,27,False
1981,nba mvp,Dennis Johnson,johnsde01,26,False
1981,nba mvp,Tiny Archibald,architi01,32,False
1981,nba mvp,Jamaal Wilkes,wilkeja01,27,False
1981,nba mvp,Magic Johnson,johnsma02,21,False
1981,nba mvp,Adrian Dantley,dantlad01,25,False
1981,nba mvp,Phil Ford,fordph01,24,False
1981,nba mvp,Bernard King,kingbe01,24,False
1981,nba mvp,Kelvin Ransey,ranseke01,22,False
1981,nba mvp,Jack Sikma,sikmaja01,25,False
1981,nba mvp,Otis Birdsong,birdsot01,25,False
1981,nba mvp,Michael Ray Richardson,richami01,25,False
1981,nba mvp,Truck Robinson,robintr01,29,False
1981,nba mvp,Reggie Theus,theusre01,23,False
1981,nba mvp,Norm Nixon,nixonno01,25,False
1981,nba mvp,Artis Gilmore,gilmoar01,31,False
1981,nba mvp,Bob Lanier,laniebo01,32,False
1981,nba mvp,Michael Cooper,coopemi01,24,False
1981,nba mvp,Walter Davis,daviswa03,26,False
1981,nba mvp,George Johnson,johnsge02,32,False
1981,nba mvp,Bobby Jones,jonesbo01,29,False
1981,nba mvp,Mike Mitchell,mitchmi01,25,False
1981,nba mvp,James Silas,silasja01,31,False
1981,nba mvp,Quinn Buckner,bucknqu01,26,False
1981,nba mvp,Caldwell Jones,jonesca01,30,False
1981,nba roy,Darrell Griffith,griffda01,22,True
1981,nba roy,Kelvin Ransey,ranseke01,22,False
1981,nba roy,Larry Smith,smithla01,23,False
1981,nba roy,Kevin McHale,mchalke01,23,False
1981,nba roy,Joe Barry Carroll,carrojo01,22,False
1981,nba roy,Michael Brooks,brookmi01,22,False
1981,nba roy,Mike O'Koren,okoremi01,22,False
1981,nba roy,Andrew Toney,toneyan01,23,False
1980,nba mvp,Kareem Abdul-Jabbar,abdulka01,32,True
1980,nba mvp,Julius Erving,ervinju01,29,False
1980,nba mvp,George Gervin,gervige01,27,False
1980,nba mvp,Larry Bird,birdla01,23,False
1980,nba mvp,Tiny Archibald,architi01,31,False
1980,nba mvp,Dennis Johnson,johnsde01,25,False
1980,nba mvp,Dan Roundfield,roundda01,26,False
1980,nba mvp,Gus Williams,willigu01,26,False
1980,nba mvp,Moses Malone,malonmo01,24,False
1980,nba roy,Larry Bird,birdla01,23,True
1980,nba roy,Magic Johnson,johnsma02,20,False
1979,nba mvp,Moses Malone,malonmo01,23,True
1979,nba mvp,George Gervin,gervige01,26,False
1979,nba mvp,Elvin Hayes,hayesel01,33,False
1979,nba mvp,Kareem Abdul-Jabbar,abdulka01,31,False
1979,nba mvp,Bob Dandridge,dandrbo01,31,False
1979,nba mvp,World B. Free,freewo01,25,False
1979,nba mvp,Jack Sikma,sikmaja01,23,False
1979,nba mvp,Phil Ford,fordph01,22,False
1979,nba mvp,David Thompson,thompda01,24,False
1979,nba mvp,Walter Davis,daviswa03,24,False
1979,nba roy,Phil Ford,fordph01,22,True
1979,nba roy,Reggie Theus,theusre01,21,False
1978,nba mvp,Bill Walton,waltobi01,25,True
1978,nba mvp,George Gervin,gervige01,25,False
1978,nba mvp,David Thompson,thompda01,23,False
1978,nba mvp,Kareem Abdul-Jabbar,abdulka01,30,False
1978,nba mvp,Walter Davis,daviswa03,23,False
1978,nba mvp,Maurice Lucas,lucasma01,25,False
1978,nba mvp,Paul Westphal,westppa01,27,False
1978,nba mvp,Artis Gilmore,gilmoar01,28,False
1978,nba mvp,Truck Robinson,robintr01,26,False
1978,nba mvp,Julius Erving,ervinju01,27,False
1978,nba mvp,Marques Johnson,johnsma01,21,False
1978,nba mvp,Bob Lanier,laniebo01,29,False
1978,nba mvp,Bob McAdoo,mcadobo01,26,False
1978,nba mvp,Marvin Webster,webstma01,25,False
1978,nba roy,Walter Davis,daviswa03,23,True
1978,nba roy,Marques Johnson,johnsma01,21,False
1978,nba roy,Bernard King,kingbe01,21,False
1978,nba roy,Jack Sikma,sikmaja01,22,False
1978,nba roy,Norm Nixon,nixonno01,22,False
1977,nba mvp,Kareem Abdul-Jabbar,abdulka01,29,True
1977,nba mvp,Bill Walton,waltobi01,24,False
1977,nba mvp,Pete Maravich,maravpe01,29,False
1977,nba mvp,Bob Lanier,laniebo01,28,False
1977,nba mvp,Julius Erving,ervinju01,26,False
1977,nba mvp,Moses Malone,malonmo01,21,False
1977,nba mvp,Elvin Hayes,hayesel01,31,False
1977,nba mvp,David Thompson,thompda01,22,False
1977,nba mvp,Maurice Lucas,lucasma01,24,False
1977,nba mvp,Artis Gilmore,gilmoar01,27,False
1977,nba mvp,George Gervin,gervige01,24,False
1977,nba mvp,George McGinnis,mcginge01,26,False
1977,nba mvp,Norm Van Lier,vanlino01,29,False
1977,nba mvp,Jo Jo White,whitejo01,30,False
1977,nba roy,Adrian Dantley,dantlad01,21,True
1977,nba roy,John Lucas,lucasjo01,23,False
1976,aba mvp,Julius Erving,ervinju01,25,True
1976,aba mvp,Bobby Jones,jonesbo01,24,False
1976,aba mvp,James Silas,silasja01,26,False
1976,aba mvp,David Thompson,thompda01,21,False
1976,aba roy,David Thompson,thompda01,21,True
1976,nba mvp,Kareem Abdul-Jabbar,abdulka01,28,True
1976,nba mvp,Bob McAdoo,mcadobo01,24,False
1976,nba mvp,Dave Cowens,cowenda01,27,False
1976,nba mvp,Rick Barry,barryri01,31,False
1976,nba mvp,George McGinnis,mcginge01,25,False
1976,nba mvp,Dave Bing,bingda01,32,False
1976,nba mvp,Phil Smith,smithph01,23,False
1976,nba mvp,Elvin Hayes,hayesel01,30,False
1976,nba mvp,Jim Chones,choneji01,26,False
1976,nba mvp,Tiny Archibald,architi01,27,False
1976,nba mvp,Wes Unseld,unselwe01,29,False
1976,nba mvp,Earl Monroe,monroea01,31,False
1976,nba mvp,Fred Brown,brownfr01,27,False
1976,nba mvp,Paul Silas,silaspa01,32,False
1976,nba mvp,Pete Maravich,maravpe01,28,False
1976,nba mvp,Clifford Ray,raycl01,27,False
1976,nba mvp,Walt Frazier,fraziwa01,30,False
1976,nba mvp,Jamaal Wilkes,wilkeja01,22,False
1976,nba mvp,Phil Chenier,cheniph01,25,False
1976,nba mvp,Doug Collins,collido01,24,False
1976,nba mvp,John Drew,drewjo01,21,False
1976,nba mvp,Steve Mix,mixst01,28,False
1976,nba mvp,Jo Jo White,whitejo01,29,False
1976,nba mvp,Bob Dandridge,dandrbo01,28,False
1976,nba mvp,John Havlicek,havlijo01,35,False
1976,nba mvp,Truck Robinson,robintr01,24,False
1976,nba mvp,Randy Smith,smithra01,27,False
1976,nba mvp,Norm Van Lier,vanlino01,28,False
1976,nba mvp,Bill Walton,waltobi01,23,False
1976,nba mvp,Paul Westphal,westppa01,25,False
1976,nba roy,Alvan Adams,adamsal01,21,True
1976,nba roy,Gus Williams,willigu01,22,False
1976,nba roy,World B. Free,freewo01,22,False
1976,nba roy,Lionel Hollins,hollili01,22,False
1976,nba roy,John Shumate,shumajo01,23,False
1975,aba mvp,Julius Erving,ervinju01,24,True
1975,aba mvp,George McGinnis,mcginge01,24,True
1975,aba mvp,Mack Calvin,calvima01,27,False
1975,aba mvp,Bobby Jones,jonesbo01,23,False
1975,aba roy,Marvin Barnes,barnema01,22,True
1975,aba roy,Bobby Jones,jonesbo01,23,False
1975,aba roy,Moses Malone,malonmo01,19,False
1975,nba mvp,Bob McAdoo,mcadobo01,23,True
1975,nba mvp,Dave Cowens,cowenda01,26,False
1975,nba mvp,Elvin Hayes,hayesel01,29,False
1975,nba mvp,Rick Barry,barryri01,30,False
1975,nba mvp,Kareem Abdul-Jabbar,abdulka01,27,False
1975,nba mvp,Tiny Archibald,architi01,26,False
1975,nba mvp,John Havlicek,havlijo01,34,False
1975,nba mvp,Phil Chenier,cheniph01,24,False
1975,nba mvp,Wes Unseld,unselwe01,28,False
1975,nba mvp,Sam Lacey,laceysa01,26,False
1975,nba mvp,Norm Van Lier,vanlino01,27,False
1975,nba mvp,Sidney Wicks,wickssi01,25,False
1975,nba mvp,Spencer Haywood,haywosp01,25,False
1975,nba mvp,Bob Lanier,laniebo01,26,False
1975,nba mvp,Walt Frazier,fraziwa01,29,False
1975,nba mvp,Mike Bantom,bantomi01,23,False
1975,nba mvp,Earl Monroe,monroea01,30,False
1975,nba mvp,Chet Walker,walkech01,34,False
1975,nba mvp,Bob Love,lovebo01,32,False
1975,nba mvp,Jim Chones,choneji01,25,False
1975,nba mvp,Fred Brown,brownfr01,26,False
1975,nba mvp,Rudy Tomjanovich,tomjaru01,26,False
1975,nba roy,Jamaal Wilkes,wilkeja01,21,True
1975,nba roy,John Drew,drewjo01,20,False
1975,nba roy,Scott Wedman,wedmasc01,22,False
1975,nba roy,Leonard Gray,grayle01,23,False
1975,nba roy,Mike Sojourner,sojoumi01,21,False
1974,aba mvp,Julius Erving,ervinju01,23,True
1974,aba mvp,Artis Gilmore,gilmoar01,24,False
1974,aba roy,Swen Nater,natersw01,24,True
1974,aba roy,Caldwell Jones,jonesca01,23,False
1974,aba roy,Larry Kenon,kenonla01,21,False
1974,aba roy,John Williamson,willijo01,22,False
1974,nba mvp,Kareem Abdul-Jabbar,abdulka01,26,True
1974,nba mvp,Bob McAdoo,mcadobo01,22,False
1974,nba mvp,Bob Lanier,laniebo01,25,False
1974,nba mvp,Dave Cowens,cowenda01,25,False
1974,nba mvp,Elvin Hayes,hayesel01,28,False
1974,nba mvp,Walt Frazier,fraziwa01,28,False
1974,nba mvp,Rick Barry,barryri01,29,False
1974,nba mvp,Nate Thurmond,thurmna01,32,False
1974,nba mvp,John Havlicek,havlijo01,33,False
1974,nba mvp,Norm Van Lier,vanlino01,26,False
1974,nba mvp,Dave Bing,bingda01,30,False
1974,nba mvp,Phil Chenier,cheniph01,23,False
1974,nba mvp,Dave DeBusschere,debusda01,33,False
1974,nba mvp,Clifford Ray,raycl01,25,False
1974,nba mvp,Lucius Allen,allenlu01,26,False
1974,nba mvp,Bob Love,lovebo01,31,False
1974,nba mvp,Spencer Haywood,haywosp01,24,False
1974,nba mvp,Clyde Lee,leecl01,29,False
1974,nba mvp,Pete Maravich,maravpe01,26,False
1974,nba mvp,Rudy Tomjanovich,tomjaru01,25,False
1974,nba roy,Ernie DiGregorio,digreer01,23,True
1974,nba roy,Ron Behagen,behagro01,23,False
1974,nba roy,Slick Watts,wattssl01,22,False
1973,aba mvp,Billy Cunningham,cunnibi01,29,True
1973,aba mvp,Julius Erving,ervinju01,22,False
1973,aba mvp,George McGinnis,mcginge01,22,False
1973,aba mvp,Ron Boone,boonero01,26,False
1973,aba mvp,Joe Caldwell,caldwjo01,31,False
1973,aba mvp,Artis Gilmore,gilmoar01,23,False
1973,aba mvp,Willie Wise,wisewi01,25,False
1973,aba roy,Brian Taylor,taylobr01,21,True
1973,aba roy,James Silas,silasja01,23,False
1973,aba roy,Mike Barr,barrmi01,22,False
1973,aba roy,George Gervin,gervige01,20,False
1973,aba roy,Jim Chones,choneji01,23,False
1973,aba roy,Claude Virden,virdecl01,25,False
1973,nba mvp,Dave Cowens,cowenda01,24,True
1973,nba mvp,Kareem Abdul-Jabbar,abdulka01,25,False
1973,nba mvp,Tiny Archibald,architi01,24,False
1973,nba mvp,Wilt Chamberlain,chambwi01,36,False
1973,nba mvp,John Havlicek,havlijo01,32,False
1973,nba mvp,Jerry West,westje01,34,False
1973,nba mvp,Walt Frazier,fraziwa01,27,False
1973,nba mvp,Spencer Haywood,haywosp01,23,False
1973,nba mvp,Nate Thurmond,thurmna01,31,False
1973,nba mvp,Elvin Hayes,hayesel01,27,False
1973,nba mvp,Dave DeBusschere,debusda01,32,False
1973,nba mvp,Bob Love,lovebo01,30,False
1973,nba mvp,Elmore Smith,smithel01,23,False
1973,nba mvp,Bob Lanier,laniebo01,24,False
1973,nba mvp,Wes Unseld,unselwe01,26,False
1973,nba mvp,Sidney Wicks,wickssi01,23,False
1973,nba mvp,Lenny Wilkens,wilkele01,35,False
1973,nba mvp,Lou Hudson,hudsolo01,28,False
1973,nba mvp,Lucius Allen,allenlu01,25,False
1973,nba mvp,Rick Barry,barryri01,28,False
1973,nba mvp,Dave Bing,bingda01,29,False
1973,nba mvp,Pete Maravich,maravpe01,25,False
1973,nba roy,Bob McAdoo,mcadobo01,21,True
1973,nba roy,Lloyd Neal,nealll01,22,False
1973,nba roy,Chris Ford,fordch01,24,False
1973,nba roy,Jim Price,priceji01,23,False
1973,nba roy,Bud Stallworth,stallbu01,23,False
1972,aba mvp,Artis Gilmore,gilmoar01,22,True
1972,aba mvp,Dan Issel,isselda01,23,False
1972,aba mvp,Zelmo Beaty,beatyze01,32,False
1972,aba roy,Artis Gilmore,gilmoar01,22,True
1972,aba roy,Julius Erving,ervinju01,21,False
1972,aba roy,George McGinnis,mcginge01,21,False
1972,nba mvp,Kareem Abdul-Jabbar,abdulka01,24,True
1972,nba mvp,Jerry West,westje01,33,False
1972,nba mvp,Wilt Chamberlain,chambwi01,35,False
1972,nba mvp,John Havlicek,havlijo01,31,False
1972,nba mvp,Spencer Haywood,haywosp01,22,False
1972,nba mvp,Bob Love,lovebo01,29,False
1972,nba mvp,Dave Cowens,cowenda01,23,False
1972,nba mvp,Nate Thurmond,thurmna01,30,False
1972,nba mvp,Bob Lanier,laniebo01,23,False
1972,nba mvp,Dave DeBusschere,debusda01,31,False
1972,nba mvp,Walt Frazier,fraziwa01,26,False
1972,nba mvp,Archie Clark,clarkar01,30,False
1972,nba mvp,Jerry Lucas,lucasje01,31,False
1972,nba mvp,Paul Silas,silaspa01,28,False
1972,nba mvp,Tiny Archibald,architi01,23,False
1972,nba mvp,Oscar Robertson,roberos01,33,False
1972,nba mvp,Connie Hawkins,hawkico01,29,False
1972,nba mvp,Elvin Hayes,hayesel01,26,False
1972,nba mvp,Cazzie Russell,russeca01,27,False
1972,nba mvp,Sidney Wicks,wickssi01,22,False
1972,nba mvp,Billy Cunningham,cunnibi01,28,False
1972,nba mvp,Gail Goodrich,goodrga01,28,False
1972,nba mvp,Pete Maravich,maravpe01,24,False
1972,nba mvp,Jerry Sloan,sloanje01,29,False
1972,nba mvp,Walt Bellamy,bellawa01,32,False
1972,nba mvp,Bill Bradley,bradlbi01,28,False
1972,nba mvp,Fred Carter,cartefr01,26,False
1972,nba roy,Sidney Wicks,wickssi01,22,True
1972,nba roy,Elmore Smith,smithel01,22,False
1972,nba roy,Austin Carr,carrau01,23,False
1972,nba roy,Clifford Ray,raycl01,23,False
1972,nba roy,Curtis Rowe,rowecu01,22,False
1972,nba roy,Mike Newlin,newlimi01,23,False
1971,aba mvp,Mel Daniels,danieme01,26,True
1971,aba mvp,Zelmo Beaty,beatyze01,31,False
1971,aba mvp,Charlie Scott,scottch01,22,False
1971,aba mvp,Dan Issel,isselda01,22,False
1971,aba mvp,Rick Barry,barryri01,26,False
1971,aba mvp,Mack Calvin,calvima01,23,False
1971,aba mvp,Larry Jones,jonesla01,28,False
1971,aba mvp,Steve Jones,jonesst01,28,False
1971,aba mvp,John Brisker,briskjo01,23,False
1971,aba mvp,Wendell Ladner,ladnewe01,22,False
1971,aba mvp,Bill Melchionni,melchbi01,26,False
1971,aba mvp,Mike Barrett,barremi01,27,False
1971,aba mvp,Roger Brown,brownro01,28,False
1971,aba mvp,Joe Caldwell,caldwjo01,29,False
1971,aba mvp,Donnie Freeman,freemdo01,26,False
1971,aba mvp,Ray Scott,scottra01,32,False
1971,aba roy,Dan Issel,isselda01,22,True
1971,aba roy,Charlie Scott,scottch01,22,True
1971,nba mvp,Kareem Abdul-Jabbar,abdulka01,23,True
1971,nba mvp,Jerry West,westje01,32,False
1971,nba mvp,Dave Bing,bingda01,27,False
1971,nba mvp,Willis Reed,reedwi01,28,False
1971,nba mvp,Oscar Robertson,roberos01,32,False
1971,nba mvp,John Havlicek,havlijo01,30,False
1971,nba mvp,Bob Love,lovebo01,28,False
1971,nba mvp,Nate Thurmond,thurmna01,29,False
1971,nba mvp,Billy Cunningham,cunnibi01,27,False
1971,nba mvp,Gus Johnson,johnsgu01,32,False
1971,nba roy,Dave Cowens,cowenda01,22,True
1971,nba roy,Geoff Petrie,petrige01,22,True
1971,nba roy,Pete Maravich,maravpe01,23,False
1971,nba roy,Calvin Murphy,murphca01,22,False
1971,nba roy,Bob Lanier,laniebo01,22,False
1970,aba mvp,Spencer Haywood,haywosp01,20,True
1970,aba mvp,Rick Barry,barryri01,25,False
1970,aba mvp,Mel Daniels,danieme01,25,False
1970,aba mvp,Roger Brown,brownro01,27,False
1970,aba mvp,Bob Verga,vergabo01,24,False
1970,aba mvp,Louie Dampier,dampilo01,25,False
1970,aba mvp,Donnie Freeman,freemdo01,25,False
1970,aba mvp,Bill Melchionni,melchbi01,25,False
1970,aba mvp,Jimmy Jones,jonesji01,25,False
1970,aba mvp,Doug Moe,moedo01,31,False
1970,aba mvp,Glen Combs,combsgl01,23,False
1970,aba mvp,Cincy Powell,powelci01,27,False
1970,aba mvp,Willie Wise,wisewi01,22,False
1970,aba mvp,Larry Brown,brownla01,29,False
1970,aba mvp,Manny Leaks,leaksma01,24,False
1970,aba mvp,Levern Tart,tartle01,27,False
1970,aba mvp,Steve Jones,jonesst01,27,False
1970,aba mvp,Bob Netolicky,netolbo01,27,False
1970,aba mvp,Red Robbins,robbire01,25,False
1970,aba roy,Spencer Haywood,haywosp01,20,True
1970,nba mvp,Willis Reed,reedwi01,27,True
1970,nba mvp,Jerry West,westje01,31,False
1970,nba mvp,Kareem Abdul-Jabbar,abdulka01,22,False
1970,nba mvp,Walt Frazier,fraziwa01,24,False
1970,nba mvp,Billy Cunningham,cunnibi01,26,False
1970,nba mvp,Connie Hawkins,hawkico01,27,False
1970,nba mvp,Lou Hudson,hudsolo01,25,False
1970,nba mvp,Bill Bridges,bridgbi01,30,False
1970,nba mvp,Wes Unseld,unselwe01,23,False
1970,nba mvp,John Havlicek,havlijo01,29,False
1970,nba mvp,Nate Thurmond,thurmna01,28,False
1970,nba mvp,Walt Bellamy,bellawa01,30,False
1970,nba mvp,Joe Caldwell,caldwjo01,28,False
1970,nba mvp,Walt Hazzard,abdulma01,27,False
1970,nba mvp,Elgin Baylor,bayloel01,35,False
1970,nba mvp,Bob Love,lovebo01,27,False
1970,nba mvp,Earl Monroe,monroea01,25,False
1970,nba mvp,Otto Moore,mooreot01,23,False
1970,nba mvp,Oscar Robertson,roberos01,31,False
1970,nba roy,Kareem Abdul-Jabbar,abdulka01,22,True
1969,aba mvp,Mel Daniels,danieme01,24,True
1969,aba mvp,Connie Hawkins,hawkico01,26,False
1969,aba mvp,Larry Jones,jonesla01,26,False
1969,aba mvp,Jimmy Jones,jonesji01,24,False
1969,aba mvp,Rick Barry,barryri01,24,False
1969,aba mvp,Donnie Freeman,freemdo01,24,False
1969,aba mvp,Warren Jabali,jabalwa01,22,False
1969,aba mvp,Louie Dampier,dampilo01,24,False
1969,aba mvp,Roger Brown,brownro01,26,False
1969,aba mvp,Doug Moe,moedo01,30,False
1969,aba mvp,Cincy Powell,powelci01,26,False
1969,aba mvp,John Beasley,beasljo01,24,False
1969,aba roy,Warren Jabali,jabalwa01,22,True
1969,nba mvp,Wes Unseld,unselwe01,22,True
1969,nba mvp,Willis Reed,reedwi01,26,False
1969,nba mvp,Billy Cunningham,cunnibi01,25,False
1969,nba mvp,Bill Russell,russebi01,34,False
1969,nba mvp,Elgin Baylor,bayloel01,34,False
1969,nba roy,Wes Unseld,unselwe01,22,True
1969,nba roy,Elvin Hayes,hayesel01,23,False
1968,aba mvp,Connie Hawkins,hawkico01,25,True
1968,aba mvp,Doug Moe,moedo01,29,False
1968,aba mvp,Mel Daniels,danieme01,23,False
1968,aba mvp,Larry Jones,jonesla01,25,False
1968,aba mvp,Willie Somerset,somerwi01,25,False
1968,aba mvp,Larry Brown,brownla01,27,False
1968,aba mvp,Roger Brown,brownro01,25,False
1968,aba mvp,John Beasley,beasljo01,23,False
1968,aba mvp,Cliff Hagan,hagancl01,36,False
1968,aba mvp,Cincy Powell,powelci01,25,False
1968,aba mvp,Art Heyman,heymaar01,26,False
1968,aba mvp,Jim Hadnot,hadnoji01,28,False
1968,aba roy,Mel Daniels,danieme01,23,True
1968,nba mvp,Wilt Chamberlain,chambwi01,31,True
1968,nba mvp,Lenny Wilkens,wilkele01,30,False
1968,nba mvp,Elgin Baylor,bayloel01,33,False
1968,nba mvp,Dave Bing,bingda01,24,False
1968,nba mvp,Oscar Robertson,roberos01,29,False
1968,nba roy,Earl Monroe,monroea01,23,True
1968,nba roy,Bill Bradley,bradlbi01,24,False
1967,nba mvp,Wilt Chamberlain,chambwi01,30,True
1967,nba mvp,Nate Thurmond,thurmna01,25,False
1967,nba mvp,Bill Russell,russebi01,32,False
1967,nba mvp,Oscar Robertson,roberos01,28,False
1967,nba mvp,Rick Barry,barryri01,22,False
1967,nba roy,Dave Bing,bingda01,23,True
1967,nba roy,Lou Hudson,hudsolo01,22,False
1967,nba roy,Archie Clark,clarkar01,25,False
1966,nba mvp,Wilt Chamberlain,chambwi01,29,True
1966,nba mvp,Jerry West,westje01,27,False
1966,nba mvp,Oscar Robertson,roberos01,27,False
1966,nba mvp,Bill Russell,russebi01,31,False
1966,nba mvp,Sam Jones,jonessa01,32,False
1966,nba mvp,Jerry Lucas,lucasje01,25,False
1966,nba roy,Rick Barry,barryri01,21,True
1966,nba roy,Billy Cunningham,cunnibi01,22,False
1965,nba mvp,Bill Russell,russebi01,30,True
1965,nba mvp,Oscar Robertson,roberos01,26,False
1965,nba mvp,Jerry West,westje01,26,False
1965,nba mvp,Sam Jones,jonessa01,31,False
1965,nba mvp,Wilt Chamberlain,chambwi01,28,False
1965,nba roy,Willis Reed,reedwi01,22,True
1965,nba roy,Luke Jackson,jackslu01,23,False
1965,nba roy,Jim Barnes,barneji01,23,False
1965,nba roy,Ron Bonham,bonharo01,22,False
1965,nba roy,Joe Caldwell,caldwjo01,23,False
1965,nba roy,Howard Komives,komivho01,23,False
1964,nba mvp,Oscar Robertson,roberos01,25,True
1964,nba mvp,Wilt Chamberlain,chambwi01,27,False
1964,nba mvp,Bill Russell,russebi01,29,False
1964,nba mvp,Bob Pettit,pettibo01,31,False
1964,nba mvp,Jerry West,westje01,25,False
1964,nba mvp,Elgin Baylor,bayloel01,29,False
1964,nba mvp,Hal Greer,greerha01,27,False
1964,nba mvp,Gus Johnson,johnsgu01,25,False
1964,nba mvp,Wayne Embry,embrywa01,26,False
1964,nba mvp,Sam Jones,jonessa01,30,False
1964,nba mvp,Jerry Lucas,lucasje01,23,False
1964,nba roy,Jerry Lucas,lucasje01,23,True
1964,nba roy,Gus Johnson,johnsgu01,25,False
1964,nba roy,Nate Thurmond,thurmna01,22,False
1963,nba mvp,Bill Russell,russebi01,28,True
1963,nba mvp,Elgin Baylor,bayloel01,28,False
1963,nba mvp,Oscar Robertson,roberos01,24,False
1963,nba mvp,Bob Pettit,pettibo01,30,False
1963,nba mvp,Jerry West,westje01,24,False
1963,nba mvp,Red Kerr,kerrre01,30,False
1963,nba mvp,Wilt Chamberlain,chambwi01,26,False
1963,nba mvp,Terry Dischinger,dischte01,22,False
1963,nba mvp,Bob Cousy,cousybo01,34,False
1963,nba mvp,John Havlicek,havlijo01,22,False
1963,nba mvp,John Barnhill,barnhjo01,24,False
1963,nba mvp,Walt Bellamy,bellawa01,23,False
1963,nba roy,Terry Dischinger,dischte01,22,True
1962,nba mvp,Bill Russell,russebi01,27,True
1962,nba mvp,Wilt Chamberlain,chambwi01,25,False
1962,nba mvp,Oscar Robertson,roberos01,23,False
1962,nba mvp,Elgin Baylor,bayloel01,27,False
1962,nba mvp,Jerry West,westje01,23,False
1962,nba mvp,Bob Pettit,pettibo01,29,False
1962,nba mvp,Richie Guerin,gueriri01,29,False
1962,nba mvp,Bob Cousy,cousybo01,33,False
1962,nba roy,Walt Bellamy,bellawa01,22,True
1961,nba mvp,Bill Russell,russebi01,26,True
1961,nba mvp,Bob Pettit,pettibo01,28,False
1961,nba mvp,Elgin Baylor,bayloel01,26,False
1961,nba mvp,Wilt Chamberlain,chambwi01,24,False
1961,nba mvp,Oscar Robertson,roberos01,22,False
1961,nba mvp,Bob Cousy,cousybo01,32,False
1961,nba mvp,Tom Heinsohn,heinsto01,26,False
1961,nba mvp,Dolph Schayes,schaydo01,32,False
1961,nba mvp,Bailey Howell,howelba01,24,False
1961,nba mvp,Gene Shue,shuege01,29,False
1961,nba mvp,Jack Twyman,twymaja01,26,False
1961,nba mvp,Jerry West,westje01,22,False
1961,nba mvp,Clyde Lovellette,lovelcl01,31,False
1961,nba mvp,Cliff Hagan,hagancl01,29,False
1961,nba mvp,Richie Guerin,gueriri01,28,False
1961,nba mvp,Paul Arizin,arizipa01,32,False
1961,nba mvp,Willie Naulls,naullwi01,26,False
1961,nba mvp,Kenny Sears,searske01,27,False
1961,nba roy,Oscar Robertson,roberos01,22,True
1960,nba mvp,Wilt Chamberlain,chambwi01,23,True
1960,nba mvp,Bill Russell,russebi01,25,False
1960,nba mvp,Bob Pettit,pettibo01,27,False
1960,nba mvp,Bob Cousy,cousybo01,31,False
1960,nba mvp,Elgin Baylor,bayloel01,25,False
1960,nba mvp,Jack Twyman,twymaja01,25,False
1960,nba mvp,Gene Shue,shuege01,28,False
1960,nba mvp,Tom Gola,golato01,27,False
1960,nba mvp,Dolph Schayes,schaydo01,31,False
1960,nba mvp,Tom Heinsohn,heinsto01,25,False
1960,nba mvp,Walter Dukes,dukeswa01,29,False
1960,nba mvp,Richie Guerin,gueriri01,27,False
1960,nba mvp,Willie Naulls,naullwi01,25,False
1960,nba mvp,Cliff Hagan,hagancl01,28,False
1960,nba roy,Wilt Chamberlain,chambwi01,23,True
1959,nba mvp,Bob Pettit,pettibo01,26,True
1959,nba mvp,Bill Russell,russebi01,24,False
1959,nba mvp,Elgin Baylor,bayloel01,24,False
1959,nba mvp,Bob Cousy,cousybo01,30,False
1959,nba mvp,Paul Arizin,arizipa01,30,False
1959,nba mvp,Dolph Schayes,schaydo01,30,False
1959,nba mvp,Larry Costello,costela01,27,False
1959,nba mvp,Kenny Sears,searske01,25,False
1959,nba mvp,Cliff Hagan,hagancl01,27,False
1959,nba mvp,Jack Twyman,twymaja01,24,False
1959,nba mvp,Tom Gola,golato01,26,False
1959,nba mvp,Richie Guerin,gueriri01,26,False
1959,nba mvp,Dick McGuire,mcguidi01,33,False
1959,nba mvp,Al Bianchi,biancal01,26,False
1959,nba mvp,Gene Shue,shuege01,27,False
1959,nba roy,Elgin Baylor,bayloel01,24,True
1958,nba mvp,Bill Russell,russebi01,23,True
1958,nba mvp,Dolph Schayes,schaydo01,29,False
1958,nba mvp,George Yardley,yardlge01,29,False
1958,nba mvp,Bob Pettit,pettibo01,25,False
1958,nba mvp,Maurice Stokes,stokema01,24,False
1958,nba mvp,Bob Cousy,cousybo01,29,False
1958,nba mvp,Bill Sharman,sharmbi01,31,False
1958,nba mvp,Paul Arizin,arizipa01,29,False
1958,nba mvp,Walter Dukes,dukeswa01,27,False
1958,nba mvp,Vern Mikkelsen,mikkeve01,29,False
1958,nba mvp,Cliff Hagan,hagancl01,26,False
1958,nba mvp,Neil Johnston,johnsne01,28,False
1958,nba mvp,Clyde Lovellette,lovelcl01,28,False
1958,nba mvp,Kenny Sears,searske01,24,False
1958,nba roy,Woody Sauldsberry,sauldwo01,23,True
1957,nba mvp,Bob Cousy,cousybo01,28,True
1957,nba mvp,Bob Pettit,pettibo01,24,False
1957,nba mvp,Paul Arizin,arizipa01,28,False
1957,nba mvp,Dolph Schayes,schaydo01,28,False
1957,nba mvp,George Yardley,yardlge01,28,False
1957,nba mvp,Maurice Stokes,stokema01,23,False
1957,nba mvp,Bill Russell,russebi01,22,False
1957,nba mvp,Ray Felix,felixra01,26,False
1957,nba mvp,Harry Gallatin,gallaha01,29,False
1957,nba mvp,Mel Hutchins,hutchme01,28,False
1957,nba mvp,Kenny Sears,searske01,23,False
1957,nba mvp,Jack Twyman,twymaja01,22,False
1957,nba roy,Tom Heinsohn,heinsto01,22,True
1956,nba mvp,Bob Pettit,pettibo01,23,True
1956,nba mvp,Paul Arizin,arizipa01,27,False
1956,nba mvp,Bob Cousy,cousybo01,27,False
1956,nba mvp,Mel Hutchins,hutchme01,27,False
1956,nba mvp,Dolph Schayes,schaydo01,27,False
1956,nba mvp,Bill Sharman,sharmbi01,29,False
1956,nba mvp,Tom Gola,golato01,23,False
1956,nba mvp,Maurice Stokes,stokema01,22,False
1956,nba roy,Maurice Stokes,stokema01,22,True
1955,nba roy,Bob Pettit,pettibo01,22,True
1954,nba roy,Ray Felix,felixra01,23,True
1953,nba roy,Monk Meineke,meinemo01,22,True
1952,nba roy,Mel Hutchins,hutchme01,23,True
1952,nba roy,Bill Tosheff,toshebi01,25,True
1951,nba roy,Paul Arizin,arizipa01,22,True
1950,nba roy,Alex Groza,grozaal01,23,True
1949,baa roy,Howie Shannon,shannho01,25,True
1948,baa roy,Paul Hoffman,hoffmpa01,22,True
