season,lg,tm,player,player_id
2025,NBA,DAL,Cooper Flagg,flaggco01
2025,NBA,SAS,Dylan Harper,harpedy01
2025,NBA,PHI,VJ Edgecombe,edgecvj01
2025,NBA,CHO,Kon Knueppel,knuepko01
2025,NBA,UTA,Ace Bailey,baileac01
2025,NBA,WAS,Tre Johnson,johnstr03
2025,NBA,NOP,Jeremiah Fears,fearsje01
2025,NBA,BRK,Egor Demin,demineg01
2025,NBA,TOR,Collin Murray-Boyles,murraco01
2025,NBA,HOU,Khaman Maluach,maluakh01
2025,NBA,POR,Cedric Coward,cowarce01
2025,NBA,CHI,Noa Essengue,essenno01
2025,NBA,ATL,Derik Queen,queende01
2025,NBA,SAS,Carter Bryant,bryanca01
2025,NBA,OKC,Thomas Sorber,sorbeth01
2025,NBA,MEM,Yang Hansen,yangha01
2025,NBA,MIN,Joan Beringer,berinjo01
2025,NBA,WAS,Walter Clayton,claytwa01
2025,NBA,BRK,Nolan Traoré,traorno01
2025,NBA,MIA,Kasparas Jakucionis,jakucka01
2025,NBA,UTA,Will Riley,rileywi01
2025,NBA,ATL,Drake Powell,poweldr01
2025,NBA,IND,Asa Newell,newelas01
2025,NBA,OKC,Nique Clifford,cliffni01
2025,NBA,ORL,Jase Richardson,richaja02
2025,NBA,BRK,Ben Saraf,sarafbe01
2025,NBA,BRK,Danny Wolf,wolfda01
2025,NBA,BOS,Hugo González,gonzahu01
2025,NBA,PHO,Liam McNeeley,mcneeli01
2025,NBA,LAC,Yanic Konan Niederhauser,konanya01
2025,NBA,MIN,Rasheer Fleming,flemira01
2025,NBA,BOS,Noah Penda,pendano01
2025,NBA,CHO,Sion James,jamessi01
2025,NBA,CHO,Ryan Kalkbrenner,kalkbry01
2025,NBA,PHI,Johni Broome,broomjo01
2025,NBA,BRK,Adou Thiero,thierad01
2025,NBA,DET,Chaz Lanier,laniech01
2025,NBA,SAS,Kam Jones,joneska03
2025,NBA,TOR,Alijah Martin,martial01
2025,NBA,WAS,Micah Peavy,peavymi01
2025,NBA,GSW,Koby Brea,breako01
2025,NBA,SAC,Maxime Raynaud,raynama01
2025,NBA,UTA,Jamir Watkins,watkija01
2025,NBA,OKC,Brooks Barnhizer,barnhbr01
2025,NBA,CHI,Rocco Zikarsky,zikarro01
2025,NBA,ORL,Amari Williams,william01
2025,NBA,MIL,Bogoljub Markovic,markobo01
2025,NBA,MEM,Javon Small,smallja01
2025,NBA,CLE,Tyrese Proctor,proctty01
2025,NBA,NYK,Kobe Sanders,sandeko01
2025,NBA,LAC,Mohamed Diawara,diawamo01
2025,NBA,PHO,Alex Toohey,tooheal01
2025,NBA,UTA,John Tonje,tonjejo01
2025,NBA,IND,Taelon Peter,peterta01
2025,NBA,LAL,Lachlan Olbrich,olbrila01
2025,NBA,MEM,Will Richard,richawi02
2025,NBA,ORL,Max Shulga,shulgma01
2025,NBA,CLE,Saliou Niang,niangsa01
2025,NBA,HOU,Jahmai Mashack,mashaja01
2024,NBA,ATL,Zaccharie Risacher,risacza01
2024,NBA,WAS,Alex Sarr,sarral01
2024,NBA,HOU,Reed Sheppard,sheppre01
2024,NBA,SAS,Stephon Castle,castlst01
2024,NBA,DET,Ron Holland,hollaro01
2024,NBA,CHO,Tidjane Salaün,salauti01
2024,NBA,POR,Donovan Clingan,clingdo01
2024,NBA,SAS,Rob Dillingham,dilliro01
2024,NBA,MEM,Zach Edey,edeyza01
2024,NBA,UTA,Cody Williams,willico04
2024,NBA,CHI,Matas Buzelis,buzelma01
2024,NBA,OKC,Nikola Topić,topicni01
2024,NBA,SAC,Devin Carter,cartede02
2024,NBA,POR,Bub Carrington,carrica01
2024,NBA,MIA,Kel'el Ware,wareke01
2024,NBA,PHI,Jared McCain,mccaija01
2024,NBA,LAL,Dalton Knecht,knechda01
2024,NBA,ORL,Tristan Da Silva,dasiltr01
2024,NBA,TOR,Ja'Kobe Walter,walteja01
2024,NBA,CLE,Jaylon Tyson,tysonja01
2024,NBA,NOP,Yves Missi,missiyv01
2024,NBA,PHO,DaRon Holmes,holmeda01
2024,NBA,MIL,AJ Johnson,johnsaj01
2024,NBA,NYK,Kyshawn George,georgky01
2024,NBA,NYK,Pacome Dadiet,dadiepa01
2024,NBA,WAS,Dillon Jones,jonesdi01
2024,NBA,MIN,Terrence Shannon Jr.,shannte01
2024,NBA,DEN,Ryan Dunn,dunnry01
2024,NBA,UTA,Isaiah Collier,colliis01
2024,NBA,BOS,Baylor Scheierman,scheiba01
2024,NBA,TOR,Jonathan Mogbo,mogbojo01
2024,NBA,UTA,Kyle Filipowski,filipky01
2024,NBA,MIL,Tyler Smith,smithty02
2024,NBA,POR,Tyler Kolek,kolekty01
2024,NBA,SAS,Johnny Furphy,furphjo01
2024,NBA,IND,Juan Nunez,nunezju01
2024,NBA,MIN,Bobi Klintman,klintbo01
2024,NBA,NYK,Ajay Mitchell,mitchaj01
2024,NBA,MEM,Jaylen Wells,wellsja01
2024,NBA,POR,Oso Ighodaro,ighodos01
2024,NBA,PHI,Adem Bona,bonaad01
2024,NBA,CHO,KJ Simpson,simpskj01
2024,NBA,MIA,Nikola Djurisic,djurini01
2024,NBA,HOU,Pelle Larsson,larsspe01
2024,NBA,SAC,Jamal Shead,sheadja01
2024,NBA,LAC,Cam Christie,chrisca02
2024,NBA,ORL,Antonio Reeves,reevean01
2024,NBA,SAS,Harrison Ingram,ingraha01
2024,NBA,IND,Tristen Newton,newtotr01
2024,NBA,IND,Enrique Freeman,freemen01
2024,NBA,NYK,Melvin Ajinça,ajincme01
2024,NBA,GSW,Quinten Post,postqu01
2024,NBA,DET,Cam Spencer,spencca01
2024,NBA,BOS,Anton Watson,watsoan02
2024,NBA,LAL,Bronny James,jamesbr02
2024,NBA,PHO,Kevin McCullar Jr.,mcculke01
2024,NBA,MEM,Ulrich Chomche,chomcul01
2024,NBA,DAL,Ariel Hukporti,hukpoar01
2023,NBA,SAS,Victor Wembanyama,wembavi01
2023,NBA,CHO,Brandon Miller,millebr02
2023,NBA,POR,Scoot Henderson,hendesc01
2023,NBA,HOU,Amen Thompson,thompam01
2023,NBA,DET,Ausar Thompson,thompau01
2023,NBA,ORL,Anthony Black,blackan01
2023,NBA,IND,Bilal Coulibaly,coulibi01
2023,NBA,WAS,Jarace Walker,walkeja02
2023,NBA,UTA,Taylor Hendricks,hendrta01
2023,NBA,DAL,Cason Wallace,wallaca01
2023,NBA,ORL,Jett Howard,howarje01
2023,NBA,OKC,Dereck Lively II,livelde01
2023,NBA,TOR,Gradey Dick,dickgr01
2023,NBA,NOP,Jordan Hawkins,hawkijo01
2023,NBA,ATL,Kobe Bufkin,bufkiko01
2023,NBA,UTA,Keyonte George,georgke01
2023,NBA,LAL,Jalen Hood-Schifino,hoodsja01
2023,NBA,MIA,Jaime Jaquez Jr.,jaqueja01
2023,NBA,GSW,Brandin Podziemski,podzibr01
2023,NBA,HOU,Cam Whitmore,whitmca01
2023,NBA,BRK,Noah Clowney,clownno01
2023,NBA,BRK,Dariq Whitehead,whiteda01
2023,NBA,POR,Kris Murray,murrakr01
2023,NBA,SAC,Olivier-Maxence Prosper,prospol01
2023,NBA,MEM,Marcus Sasser,sassema01
2023,NBA,IND,Ben Sheppard,sheppbe01
2023,NBA,CHO,Nick Smith Jr.,smithni01
2023,NBA,UTA,Brice Sensabaugh,sensabr01
2023,NBA,IND,Julian Strawther,strawju01
2023,NBA,LAC,Kobe Brown,brownko01
2023,NBA,DET,James Nnaji,nnajija01
2023,NBA,IND,Jalen Pickett,pickeja02
2023,NBA,SAS,Leonard Miller,millele01
2023,NBA,CHO,Colby Jones,jonesco02
2023,NBA,BOS,Julian Phillips,phillju01
2023,NBA,ORL,Andre Jackson Jr.,jacksan01
2023,NBA,OKC,Hunter Tyson,tysonhu01
2023,NBA,SAC,Jordan Walsh,walshjo01
2023,NBA,CHO,Mouhamed Gueye,gueyemo02
2023,NBA,DEN,Maxwell Lewis,lewisma05
2023,NBA,CHO,Amari Bailey,baileam01
2023,NBA,WAS,Tristan Vukcevic,vukcetr01
2023,NBA,POR,Rayan Rupert,ruperra01
2023,NBA,SAS,Sidy Cissoko,cissosi01
2023,NBA,MEM,GG Jackson II,jacksgg01
2023,NBA,ATL,Seth Lundy,lundyse01
2023,NBA,LAL,Mojave King,kingmo01
2023,NBA,LAC,Jordan Miller,millejo02
2023,NBA,CLE,Emoni Bates,batesem01
2023,NBA,OKC,Keyontae Johnson,johnske08
2023,NBA,BRK,Jalen Wilson,wilsoja03
2023,NBA,PHO,Toumani Camara,camarto01
2023,NBA,MIN,Jaylen Clark,clarkja02
2023,NBA,SAC,Jalen Slawson,slawsja01
2023,NBA,IND,Isaiah Wong,wongis01
2023,NBA,MEM,Tarik Biberovic,biberta01
2023,NBA,WAS,Trayce Jackson-Davis,jackstr02
2023,NBA,MIL,Chris Livingston,livinch01
2022,NBA,ORL,Paolo Banchero,banchpa01
2022,NBA,OKC,Chet Holmgren,holmgch01
2022,NBA,HOU,Jabari Smith Jr.,smithja05
2022,NBA,SAC,Keegan Murray,murrake02
2022,NBA,DET,Jaden Ivey,iveyja01
2022,NBA,IND,Bennedict Mathurin,mathube01
2022,NBA,POR,Shaedon Sharpe,sharpsh01
2022,NBA,NOP,Dyson Daniels,daniedy01
2022,NBA,SAS,Jeremy Sochan,sochaje01
2022,NBA,WAS,Johnny Davis,davisjo06
2022,NBA,NYK,Ousmane Dieng,diengou01
2022,NBA,OKC,Jalen Williams,willija06
2022,NBA,CHO,Jalen Duren,durenja01
2022,NBA,CLE,Ochai Agbaji,agbajoc01
2022,NBA,CHO,Mark Williams,willima07
2022,NBA,ATL,AJ Griffin,griffaj01
2022,NBA,HOU,Tari Eason,easonta01
2022,NBA,CHI,Dalen Terry,terryda01
2022,NBA,MIN,Jake LaRavia,laravja01
2022,NBA,SAS,Malaki Branham,branhma01
2022,NBA,DEN,Christian Braun,braunch01
2022,NBA,MEM,Walker Kessler,kesslwa01
2022,NBA,PHI,David Roddy,roddyda01
2022,NBA,MIL,MarJon Beauchamp,beaucma01
2022,NBA,SAS,Blake Wesley,weslebl01
2022,NBA,DAL,Wendell Moore Jr.,moorewe01
2022,NBA,MIA,Nikola Jović,jovicni01
2022,NBA,GSW,Patrick Baldwin Jr.,baldwpa01
2022,NBA,MEM,TyTy Washington Jr.,washity02
2022,NBA,OKC,Peyton Watson,watsope01
2022,NBA,IND,Andrew Nembhard,nembhan01
2022,NBA,ORL,Caleb Houstan,houstca01
2022,NBA,TOR,Christian Koloko,kolokch01
2022,NBA,OKC,Jaylin Williams,willija07
2022,NBA,LAL,Max Christie,chrisma02
2022,NBA,POR,Gabriele Procida,prociga01
2022,NBA,SAC,Jaden Hardy,hardyja02
2022,NBA,SAS,Kennedy Chandler,chandke01
2022,NBA,CLE,Khalifa Diop,diopkh01
2022,NBA,MIN,Bryce McGowens,mcgowbr01
2022,NBA,NOP,E.J. Liddell,liddeej01
2022,NBA,NYK,Trevor Keels,keelstr01
2022,NBA,LAC,Moussa Diabaté,diabamo01
2022,NBA,ATL,Ryan Rollins,rolliry01
2022,NBA,CHO,Josh Minott,minotjo01
2022,NBA,DET,Ismael Kamagate,kamagis01
2022,NBA,MEM,Vince Williams Jr.,willivi01
2022,NBA,MIN,Kendall Brown,brownke03
2022,NBA,CLE,Isaiah Mobley,mobleis01
2022,NBA,MIN,Matteo Spagnolo,spagnma01
2022,NBA,GSW,Tyrese Martin,martity01
2022,NBA,NOP,Karlo Matković,matkoka01
2022,NBA,BOS,JD Davison,davisjd01
2022,NBA,WAS,Yannick Nzosa,nzosaya01
2022,NBA,GSW,Gui Santos,santogu01
2022,NBA,CLE,Luke Travers,travelu01
2022,NBA,POR,Jabari Walker,walkeja01
2022,NBA,IND,Hugo Besson,bessohu01
2021,NBA,DET,Cade Cunningham,cunnica01
2021,NBA,HOU,Jalen Green,greenja05
2021,NBA,CLE,Evan Mobley,mobleev01
2021,NBA,TOR,Scottie Barnes,barnesc01
2021,NBA,ORL,Jalen Suggs,suggsja01
2021,NBA,OKC,Josh Giddey,giddejo01
2021,NBA,GSW,Jonathan Kuminga,kuminjo01
2021,NBA,ORL,Franz Wagner,wagnefr01
2021,NBA,SAC,Davion Mitchell,mitchda01
2021,NBA,NOP,Ziaire Williams,willizi02
2021,NBA,CHO,James Bouknight,bouknja01
2021,NBA,SAS,Joshua Primo,primojo01
2021,NBA,IND,Chris Duarte,duartch01
2021,NBA,GSW,Moses Moody,moodymo01
2021,NBA,WAS,Corey Kispert,kispeco01
2021,NBA,OKC,Alperen Şengün,sengual01
2021,NBA,MEM,Trey Murphy III,murphtr02
2021,NBA,OKC,Tre Mann,manntr01
2021,NBA,NYK,Kai Jones,joneska01
2021,NBA,ATL,Jalen Johnson,johnsja05
2021,NBA,NYK,Keon Johnson,johnske07
2021,NBA,LAL,Isaiah Jackson,jacksis01
2021,NBA,HOU,Usman Garuba,garubus01
2021,NBA,HOU,Josh Christopher,chrisjo01
2021,NBA,LAC,Quentin Grimes,grimequ01
2021,NBA,DEN,Bones Hyland,hylanbo01
2021,NBA,BRK,Cam Thomas,thomaca02
2021,NBA,PHI,Jaden Springer,sprinja01
2021,NBA,PHO,Day'Ron Sharpe,sharpda01
2021,NBA,UTA,Santi Aldama,aldamsa01
2021,NBA,MIL,Isaiah Todd,toddis01
2021,NBA,NYK,Jeremiah Robinson-Earl,robinje02
2021,NBA,ORL,Jason Preston,prestja01
2021,NBA,OKC,Rokas Jokubaitis,jokubro01
2021,NBA,NOP,Herbert Jones,joneshe01
2021,NBA,OKC,Miles McBride,mcbrimi01
2021,NBA,DET,JT Thor,thorjt01
2021,NBA,CHI,Ayo Dosunmu,dosunay01
2021,NBA,SAC,Neemias Queta,quetane01
2021,NBA,NOP,Jared Butler,butleja02
2021,NBA,SAS,Joe Wieskamp,wieskjo01
2021,NBA,DET,Isaiah Livers,liveris01
2021,NBA,NOP,Greg Brown III,browngr01
2021,NBA,BRK,Kessler Edwards,edwarke02
2021,NBA,BOS,Juhann Begarin,begarju01
2021,NBA,TOR,Dalano Banton,bantoda01
2021,NBA,TOR,David Johnson,johnsda08
2021,NBA,ATL,Sharife Cooper,coopesh01
2021,NBA,BRK,Marcus Zegarowski,zegarma01
2021,NBA,PHI,Filip Petrušev,petrufi01
2021,NBA,MEM,Brandon Boston Jr.,bostobr01
2021,NBA,DET,Luka Garza,garzalu01
2021,NBA,PHI,Charles Bassey,bassech01
2021,NBA,IND,Sandro Mamukelashvili,mamuksa01
2021,NBA,OKC,Aaron Wiggins,wiggiaa01
2021,NBA,CHO,Scottie Lewis,lewissc01
2021,NBA,CHO,Balša Koprivica,kopriba01
2021,NBA,NYK,Jericho Sims,simsje01
2021,NBA,BRK,RaiQuan Gray,grayra01
2021,NBA,IND,Georgios Kalaitzakis,kalaige01
2020,NBA,MIN,Anthony Edwards,edwaran01
2020,NBA,GSW,James Wiseman,wisemja01
2020,NBA,CHO,LaMelo Ball,ballla01
2020,NBA,CHI,Patrick Williams,willipa01
2020,NBA,CLE,Isaac Okoro,okorois01
2020,NBA,ATL,Onyeka Okongwu,okongon01
2020,NBA,DET,Killian Hayes,hayeski01
2020,NBA,NYK,Obi Toppin,toppiob01
2020,NBA,WAS,Deni Avdija,avdijde01
2020,NBA,PHO,Jalen Smith,smithja04
2020,NBA,SAS,Devin Vassell,vassede01
2020,NBA,SAC,Tyrese Haliburton,halibty01
2020,NBA,NOP,Kira Lewis Jr.,lewiski01
2020,NBA,BOS,Aaron Nesmith,nesmiaa01
2020,NBA,ORL,Cole Anthony,anthoco01
2020,NBA,POR,Isaiah Stewart,stewais01
2020,NBA,MIN,Aleksej Pokusevski,pokusal01
2020,NBA,DAL,Josh Green,greenjo02
2020,NBA,BRK,Saddiq Bey,beysa01
2020,NBA,MIA,Precious Achiuwa,achiupr01
2020,NBA,PHI,Tyrese Maxey,maxeyty01
2020,NBA,DEN,Zeke Nnaji,nnajize01
2020,NBA,NYK,Leandro Bolmaro,bolmale01
2020,NBA,MIL,R.J. Hampton,hamptrj01
2020,NBA,OKC,Immanuel Quickley,quickim01
2020,NBA,BOS,Payton Pritchard,pritcpa01
2020,NBA,UTA,Udoka Azubuike,azubuud01
2020,NBA,LAL,Jaden McDaniels,mcdanja02
2020,NBA,TOR,Malachi Flynn,flynnma01
2020,NBA,BOS,Desmond Bane,banede01
2020,NBA,DAL,Tyrell Terry,terryty01
2020,NBA,CHO,Vernon Carey Jr.,careyve01
2020,NBA,MIN,Daniel Oturu,oturuda01
2020,NBA,PHI,Théo Maledon,maledth01
2020,NBA,SAC,Xavier Tillman Sr.,tillmxa01
2020,NBA,PHI,Tyler Bey,beyty01
2020,NBA,WAS,Vit Krejci,krejcvi01
2020,NBA,UTA,Saben Lee,leesa01
2020,NBA,NOP,Elijah Hughes,hugheel01
2020,NBA,MEM,Robert Woodard II,woodaro01
2020,NBA,SAS,Tre Jones,jonestr01
2020,NBA,NOP,Nick Richards,richani01
2020,NBA,SAC,Jahmi'us Ramsey,ramseja01
2020,NBA,CHI,Marko Simonovic,simonma01
2020,NBA,MIL,Jordan Nwora,nworajo01
2020,NBA,POR,CJ Elleby,ellebcj01
2020,NBA,BOS,Yam Madar,madarya01
2020,NBA,GSW,Nico Mannion,mannini01
2020,NBA,PHI,Isaiah Joe,joeis01
2020,NBA,ATL,Skylar Mays,mayssk01
2020,NBA,GSW,Justinian Jessup,jessuju01
2020,NBA,SAC,KJ Martin,martike04
2020,NBA,OKC,Cassius Winston,winstca01
2020,NBA,IND,Cassius Stanley,stanlca01
2020,NBA,BRK,Jay Scrubb,scrubja01
2020,NBA,CHO,Grant Riller,rillegr01
2020,NBA,LAC,Reggie Perry,perryre01
2020,NBA,PHI,Paul Reed,reedpa01
2020,NBA,TOR,Jalen Harris,harrija01
2020,NBA,NOP,Sam Merrill,merrisa01
2019,NBA,NOP,Zion Williamson,willizi01
2019,NBA,MEM,Ja Morant,moranja01
2019,NBA,NYK,RJ Barrett,barrerj01
2019,NBA,LAL,De'Andre Hunter,huntede01
2019,NBA,CLE,Darius Garland,garlada01
2019,NBA,PHO,Jarrett Culver,culveja01
2019,NBA,CHI,Coby White,whiteco01
2019,NBA,ATL,Jaxson Hayes,hayesja02
2019,NBA,WAS,Rui Hachimura,hachiru01
2019,NBA,ATL,Cam Reddish,reddica01
2019,NBA,MIN,Cameron Johnson,johnsca02
2019,NBA,CHO,P.J. Washington,washipj01
2019,NBA,MIA,Tyler Herro,herroty01
2019,NBA,BOS,Romeo Langford,langfro01
2019,NBA,DET,Sekou Doumbouya,doumbse01
2019,NBA,ORL,Chuma Okeke,okekech01
2019,NBA,BRK,Nickeil Alexander-Walker,alexani01
2019,NBA,IND,Goga Bitadze,bitadgo01
2019,NBA,SAS,Luka Šamanić,samanlu01
2019,NBA,BOS,Matisse Thybulle,thybuma01
2019,NBA,OKC,Brandon Clarke,clarkbr01
2019,NBA,BOS,Grant Williams,willigr01
2019,NBA,UTA,Darius Bazley,bazleda01
2019,NBA,PHI,Ty Jerome,jeromty01
2019,NBA,POR,Nassir Little,littlna01
2019,NBA,CLE,Dylan Windler,windldy01
2019,NBA,BRK,Mfiondu Kabengele,kabenmf01
2019,NBA,GSW,Jordan Poole,poolejo01
2019,NBA,SAS,Keldon Johnson,johnske04
2019,NBA,MIL,Kevin Porter Jr.,porteke02
2019,NBA,BRK,Nic Claxton,claxtni01
2019,NBA,PHO,KZ Okpala,okpalkz01
2019,NBA,PHI,Carsen Edwards,edwarca01
2019,NBA,PHI,Bruno Fernando,fernabr01
2019,NBA,ATL,Didi Louzada,louzama01
2019,NBA,CHO,Cody Martin,martico01
2019,NBA,DAL,Deividas Sirvydis,sirvyde01
2019,NBA,CHI,Daniel Gafford,gaffoda01
2019,NBA,NOP,Alen Smailagić,smailal01
2019,NBA,SAC,Justin James,jamesju01
2019,NBA,GSW,Eric Paschall,pascher01
2019,NBA,PHI,Admiral Schofield,schofad01
2019,NBA,MIN,Jaylen Nowell,nowelja01
2019,NBA,MIA,Bol Bol,bolbo01
2019,NBA,DET,Isaiah Roby,robyis01
2019,NBA,ORL,Talen Horton-Tucker,hortota01
2019,NBA,SAC,Ignas Brazdeikis,brazdig01
2019,NBA,LAC,Terance Mann,mannte01
2019,NBA,SAS,Quinndary Weatherspoon,weathqu01
2019,NBA,IND,Jarrell Brantley,brantja01
2019,NBA,BOS,Tremont Waters,watertr01
2019,NBA,CHO,Jalen McDaniels,mcdanja01
2019,NBA,UTA,Justin Wright-Foreman,wrighju02
2019,NBA,PHI,Marial Shayok,shayoma01
2019,NBA,NYK,Kyle Guy,guyky01
2019,NBA,LAC,Jaylen Hands,handsja01
2019,NBA,NOP,Jordan Bone,bonejo01
2019,NBA,GSW,Miye Oni,onimi01
2019,NBA,TOR,Dewan Hernandez,hernade01
2019,NBA,SAC,Vanja Marinković,marinva01
2018,NBA,PHO,Deandre Ayton,aytonde01
2018,NBA,SAC,Marvin Bagley III,baglema01
2018,NBA,ATL,Luka Dončić,doncilu01
2018,NBA,MEM,Jaren Jackson Jr.,jacksja02
2018,NBA,DAL,Trae Young,youngtr01
2018,NBA,ORL,Mo Bamba,bambamo01
2018,NBA,CHI,Wendell Carter Jr.,cartewe01
2018,NBA,CLE,Collin Sexton,sextoco01
2018,NBA,NYK,Kevin Knox,knoxke01
2018,NBA,PHI,Mikal Bridges,bridgmi01
2018,NBA,CHO,Shai Gilgeous-Alexander,gilgesh01
2018,NBA,LAC,Miles Bridges,bridgmi02
2018,NBA,LAC,Jerome Robinson,robinje01
2018,NBA,DEN,Michael Porter Jr.,portemi01
2018,NBA,WAS,Troy Brown Jr.,browntr01
2018,NBA,PHO,Zhaire Smith,smithzh01
2018,NBA,MIL,Donte DiVincenzo,divindo01
2018,NBA,SAS,Lonnie Walker IV,walkelo01
2018,NBA,ATL,Kevin Huerter,huertke01
2018,NBA,MIN,Josh Okogie,okogijo01
2018,NBA,UTA,Grayson Allen,allengr01
2018,NBA,CHI,Chandler Hutchison,hutchch01
2018,NBA,IND,Aaron Holiday,holidaa01
2018,NBA,POR,Anfernee Simons,simonan01
2018,NBA,LAL,Moritz Wagner,wagnemo01
2018,NBA,PHI,Landry Shamet,shamela01
2018,NBA,BOS,Robert Williams,williro04
2018,NBA,GSW,Jacob Evans,evansja02
2018,NBA,BRK,Džanan Musa,musadz01
2018,NBA,ATL,Omari Spellman,spellom01
2018,NBA,PHO,Elie Okobo,okoboel01
2018,NBA,MEM,Jevon Carter,carteje01
2018,NBA,DAL,Jalen Brunson,brunsja01
2018,NBA,ATL,Devonte' Graham,grahade01
2018,NBA,ORL,Melvin Frazier,frazime01
2018,NBA,NYK,Mitchell Robinson,robinmi01
2018,NBA,SAC,Gary Trent Jr.,trentga02
2018,NBA,PHI,Khyri Thomas,thomakh01
2018,NBA,PHI,Isaac Bonga,bongais01
2018,NBA,BRK,Rodions Kurucs,kurucro01
2018,NBA,ORL,Jarred Vanderbilt,vandeja01
2018,NBA,DET,Bruce Brown,brownbr01
2018,NBA,DEN,Justin Jackson,jacksju02
2018,NBA,WAS,Issuf Sanon,sanonis01
2018,NBA,BRK,Hamidou Diallo,diallha01
2018,NBA,HOU,De'Anthony Melton,meltode01
2018,NBA,LAL,Svi Mykhailiuk,mykhasv01
2018,NBA,MIN,Keita Bates-Diop,bateske01
2018,NBA,SAS,Chimezie Metu,metuch01
2018,NBA,IND,Alize Johnson,johnsal02
2018,NBA,NOP,Tony Carr,carrto01
2018,NBA,UTA,Vince Edwards,edwarvi01
2018,NBA,OKC,Devon Hall,hallde01
2018,NBA,DAL,Shake Milton,miltosh01
2018,NBA,CHO,Arnoldas Kulboka,kulboar01
2018,NBA,PHI,Ray Spalding,spaldra01
2018,NBA,OKC,Kevin Hervey,herveke01
2018,NBA,DEN,Thomas Welsh,welshth01
2018,NBA,PHO,George King,kingge03
2018,NBA,PHI,Kostas Antetokounmpo,antetko01
2017,NBA,PHI,Markelle Fultz,fultzma01
2017,NBA,LAL,Lonzo Ball,balllo01
2017,NBA,BOS,Jayson Tatum,tatumja01
2017,NBA,PHO,Josh Jackson,jacksjo02
2017,NBA,SAC,De'Aaron Fox,foxde01
2017,NBA,ORL,Jonathan Isaac,isaacjo01
2017,NBA,MIN,Lauri Markkanen,markkla01
2017,NBA,NYK,Frank Ntilikina,ntilila01
2017,NBA,DAL,Dennis Smith Jr.,smithde03
2017,NBA,SAC,Zach Collins,colliza01
2017,NBA,CHO,Malik Monk,monkma01
2017,NBA,DET,Luke Kennard,kennalu01
2017,NBA,DEN,Donovan Mitchell,mitchdo01
2017,NBA,MIA,Bam Adebayo,adebaba01
2017,NBA,POR,Justin Jackson,jacksju01
2017,NBA,CHI,Justin Patton,pattoju01
2017,NBA,MIL,D.J. Wilson,wilsodj01
2017,NBA,IND,T.J. Leaf,leaftj01
2017,NBA,ATL,John Collins,collijo01
2017,NBA,POR,Harry Giles,gilesha01
2017,NBA,OKC,Terrance Ferguson,fergute01
2017,NBA,BRK,Jarrett Allen,allenja01
2017,NBA,TOR,OG Anunoby,anunoog01
2017,NBA,UTA,Tyler Lydon,lydonty01
2017,NBA,ORL,Anžejs Pasečņiks,pasecan01
2017,NBA,POR,Caleb Swanigan,swanica01
2017,NBA,BRK,Kyle Kuzma,kuzmaky01
2017,NBA,LAL,Tony Bradley,bradlto01
2017,NBA,SAS,Derrick White,whitede01
2017,NBA,UTA,Josh Hart,hartjo01
2017,NBA,CHO,Frank Jackson,jacksfr01
2017,NBA,PHO,Davon Reed,reedda01
2017,NBA,ORL,Wes Iwundu,iwundwe01
2017,NBA,SAC,Frank Mason III,masonfr01
2017,NBA,ORL,Ivan Rabb,rabbiv01
2017,NBA,PHI,Jonah Bolden,boldejo01
2017,NBA,BOS,Semi Ojeleye,ojelese01
2017,NBA,CHI,Jordan Bell,belljo01
2017,NBA,PHI,Jawun Evans,evansja01
2017,NBA,NOP,Dwayne Bacon,bacondw01
2017,NBA,ATL,Tyler Dorsey,dorsety01
2017,NBA,UTA,Thomas Bryant,bryanth01
2017,NBA,HOU,Isaiah Hartenstein,harteis01
2017,NBA,NYK,Damyean Dotson,dotsoda01
2017,NBA,HOU,Dillon Brooks,brookdi01
2017,NBA,PHI,Sterling Brown,brownst02
2017,NBA,IND,Ike Anigbogu,anigbik01
2017,NBA,MIL,Sindarius Thornwell,thornsi01
2017,NBA,DEN,Vlatko Čančar,cancavl01
2017,NBA,PHI,Mathias Lessort,lessoma01
2017,NBA,DEN,Monte Morris,morrimo01
2017,NBA,NOP,Edmond Sumner,sumneed01
2017,NBA,BOS,Kadeem Allen,allenka01
2017,NBA,PHO,Alec Peters,peteral01
2017,NBA,UTA,Nigel Williams-Goss,willini01
2017,NBA,BOS,Jabari Bird,birdja01
2017,NBA,BRK,Sasha Vezenkov,vezenal01
2017,NBA,NYK,Ognjen Jaramaz,jaramog01
2017,NBA,SAS,Jaron Blossomgame,blossja01
2017,NBA,ATL,Alpha Kaba,kabaal01
2016,NBA,PHI,Ben Simmons,simmobe01
2016,NBA,LAL,Brandon Ingram,ingrabr01
2016,NBA,BOS,Jaylen Brown,brownja02
2016,NBA,PHO,Dragan Bender,bendedr01
2016,NBA,MIN,Kris Dunn,dunnkr01
2016,NBA,NOP,Buddy Hield,hieldbu01
2016,NBA,DEN,Jamal Murray,murraja01
2016,NBA,SAC,Marquese Chriss,chrisma01
2016,NBA,TOR,Jakob Poeltl,poeltja01
2016,NBA,MIL,Thon Maker,makerth01
2016,NBA,ORL,Domantas Sabonis,sabondo01
2016,NBA,UTA,Taurean Prince,princta02
2016,NBA,PHO,Georgios Papagiannis,papagge01
2016,NBA,CHI,Denzel Valentine,valende01
2016,NBA,DEN,Juancho Hernangómez,hernaju01
2016,NBA,BOS,Guerschon Yabusele,yabusgu01
2016,NBA,MEM,Wade Baldwin,baldwwa01
2016,NBA,DET,Henry Ellenson,ellenhe01
2016,NBA,DEN,Malik Beasley,beaslma01
2016,NBA,IND,Caris LeVert,leverca01
2016,NBA,ATL,DeAndre' Bembry,bembrde01
2016,NBA,CHO,Malachi Richardson,richama01
2016,NBA,BOS,Ante Žižić,zizican01
2016,NBA,PHI,Timothé Luwawu-Cabarrot,luwawti01
2016,NBA,LAC,Brice Johnson,johnsbr02
2016,NBA,PHI,Furkan Korkmaz,korkmfu01
2016,NBA,TOR,Pascal Siakam,siakapa01
2016,NBA,PHO,Skal Labissière,labissk01
2016,NBA,SAS,Dejounte Murray,murrade01
2016,NBA,GSW,Damian Jones,jonesda03
2016,NBA,BOS,Deyonta Davis,davisde01
2016,NBA,LAL,Ivica Zubac,zubaciv01
2016,NBA,LAC,Cheick Diallo,diallch01
2016,NBA,PHO,Tyler Ulis,ulisty01
2016,NBA,BOS,Rade Zagorac,zagorra01
2016,NBA,MIL,Malcolm Brogdon,brogdma01
2016,NBA,HOU,Chinanu Onuaku,onuakch01
2016,NBA,MIL,Patrick McCaw,mccawpa01
2016,NBA,NOP,David Michineau,michida01
2016,NBA,NOP,Diamond Stone,stonedi01
2016,NBA,ORL,Stephen Zimmerman,zimmest01
2016,NBA,UTA,Isaiah Whitehead,whiteis01
2016,NBA,HOU,Zhou Qi,qizh01
2016,NBA,ATL,Isaïa Cordinier,cordiis01
2016,NBA,BOS,Demetrius Jackson,jacksde01
2016,NBA,DAL,A.J. Hammons,hammoaj01
2016,NBA,ORL,Jake Layman,laymaja01
2016,NBA,CHI,Paul Zipser,zipsepa01
2016,NBA,DET,Michael Gbinije,gbinimi01
2016,NBA,IND,Georges Niang,niangge01
2016,NBA,BOS,Ben Bentil,bentibe01
2016,NBA,UTA,Joel Bolomboy,bolomjo01
2016,NBA,DEN,Petr Cornelie,cornepe01
2016,NBA,ATL,Kay Felder,feldeka01
2016,NBA,BRK,Marcus Paige,paigema01
2016,NBA,DEN,Daniel Hamilton,hamilda02
2016,NBA,MEM,Wang Zhelin,sheliwa01
2016,NBA,BOS,Abdel Nader,naderab01
2016,NBA,SAC,Isaiah Cousins,cousiis01
2016,NBA,UTA,Tyrone Wallace,wallaty01
2015,NBA,MIN,Karl-Anthony Towns,townska01
2015,NBA,LAL,D'Angelo Russell,russeda01
2015,NBA,PHI,Jahlil Okafor,okafoja01
2015,NBA,NYK,Kristaps Porziņģis,porzikr01
2015,NBA,ORL,Mario Hezonja,hezonma01
2015,NBA,SAC,Willie Cauley-Stein,caulewi01
2015,NBA,DEN,Emmanuel Mudiay,mudiaem01
2015,NBA,DET,Stanley Johnson,johnsst04
2015,NBA,CHO,Frank Kaminsky,kaminfr01
2015,NBA,MIA,Justise Winslow,winslju01
2015,NBA,IND,Myles Turner,turnemy01
2015,NBA,UTA,Trey Lyles,lylestr01
2015,NBA,PHO,Devin Booker,bookede01
2015,NBA,OKC,Cameron Payne,payneca01
2015,NBA,ATL,Kelly Oubre Jr.,oubreke01
2015,NBA,BOS,Terry Rozier,roziete01
2015,NBA,MIL,Rashad Vaughn,vaughra01
2015,NBA,HOU,Sam Dekker,dekkesa01
2015,NBA,WAS,Jerian Grant,grantje02
2015,NBA,TOR,Delon Wright,wrighde01
2015,NBA,DAL,Justin Anderson,anderju01
2015,NBA,CHI,Bobby Portis,portibo01
2015,NBA,POR,Rondae Hollis-Jefferson,holliro01
2015,NBA,CLE,Tyus Jones,jonesty01
2015,NBA,MEM,Jarell Martin,martija01
2015,NBA,SAS,Nikola Milutinov,milutni01
2015,NBA,LAL,Larry Nance Jr.,nancela02
2015,NBA,BOS,R.J. Hunter,hunterj01
2015,NBA,BRK,Chris McCullough,mcculch01
2015,NBA,GSW,Kevon Looney,looneke01
2015,NBA,MIN,Cedi Osman,osmande01
2015,NBA,HOU,Montrezl Harrell,harremo01
2015,NBA,BOS,Jordan Mickey,mickejo01
2015,NBA,LAL,Anthony Brown,brownan02
2015,NBA,PHI,Willy Hernangómez,hernawi01
2015,NBA,MIN,Rakeem Christmas,chrisra01
2015,NBA,PHI,Richaun Holmes,holmeri01
2015,NBA,DET,Darrun Hilliard,hillida01
2015,NBA,CHO,Juan Pablo Vaulet,vauleju01
2015,NBA,MIA,Josh Richardson,richajo01
2015,NBA,BRK,Pat Connaughton,connapa01
2015,NBA,UTA,Olivier Hanlan,hanlaol01
2015,NBA,IND,Joe Young,youngjo01
2015,NBA,PHO,Andrew Harrison,harrian01
2015,NBA,BOS,Marcus Thornton,thornma02
2015,NBA,MIL,Norman Powell,powelno01
2015,NBA,PHI,Artūras Gudaitis,gudaiar01
2015,NBA,OKC,Dakari Johnson,johnsda04
2015,NBA,WAS,Aaron White,whiteaa01
2015,NBA,ATL,Marcus Eriksson,eriksma01
2015,NBA,ORL,Tyler Harvey,harvety01
2015,NBA,DAL,Satnam Singh,singhsa01
2015,NBA,CLE,Sir'Dominic Pointer,pointsi01
2015,NBA,UTA,Dani Díez,diezda01
2015,NBA,SAS,Cady Lalanne,lalanca01
2015,NBA,NOP,Branden Dawson,dawsobr01
2015,NBA,DEN,Nikola Radičević,radicni01
2015,NBA,PHI,J.P. Tokoto,tokotjp01
2015,NBA,ATL,Dimitrios Agravanis,agravdi01
2015,NBA,PHI,Luka Mitrović,mitrolu01
2014,NBA,CLE,Andrew Wiggins,wiggian01
2014,NBA,MIL,Jabari Parker,parkeja01
2014,NBA,PHI,Joel Embiid,embiijo01
2014,NBA,ORL,Aaron Gordon,gordoaa01
2014,NBA,UTA,Dante Exum,exumda01
2014,NBA,BOS,Marcus Smart,smartma01
2014,NBA,LAL,Julius Randle,randlju01
2014,NBA,SAC,Nik Stauskas,stausni01
2014,NBA,CHO,Noah Vonleh,vonleno01
2014,NBA,PHI,Elfrid Payton,paytoel01
2014,NBA,DEN,Doug McDermott,mcderdo01
2014,NBA,ORL,Dario Šarić,saricda01
2014,NBA,MIN,Zach LaVine,lavinza01
2014,NBA,PHO,T.J. Warren,warretj01
2014,NBA,ATL,Adreian Payne,paynead01
2014,NBA,CHI,Jusuf Nurkić,nurkiju01
2014,NBA,BOS,James Young,youngja01
2014,NBA,PHO,Tyler Ennis,ennisty01
2014,NBA,CHI,Gary Harris,harriga01
2014,NBA,TOR,Bruno Caboclo,cabocbr01
2014,NBA,OKC,Mitch McGary,mcgarmi01
2014,NBA,MEM,Jordan Adams,adamsjo01
2014,NBA,UTA,Rodney Hood,hoodro01
2014,NBA,CHO,Shabazz Napier,napiesh01
2014,NBA,HOU,Clint Capela,capelca01
2014,NBA,MIA,P.J. Hairston,hairspj02
2014,NBA,PHO,Bogdan Bogdanović,bogdabo01
2014,NBA,LAC,C.J. Wilcox,wilcocj01
2014,NBA,OKC,Josh Huestis,huestjo01
2014,NBA,SAS,Kyle Anderson,anderky01
2014,NBA,MIL,Damien Inglis,inglida01
2014,NBA,PHI,K.J. McDaniels,mcdankj01
2014,NBA,CLE,Joe Harris,harrijo01
2014,NBA,NYK,Cleanthony Early,earlycl01
2014,NBA,UTA,Jarnell Stokes,stokeja01
2014,NBA,MIL,Johnny O'Bryant,obryajo01
2014,NBA,TOR,DeAndre Daniels,daniede01
2014,NBA,DET,Spencer Dinwiddie,dinwisp01
2014,NBA,PHI,Jerami Grant,grantje01
2014,NBA,MIN,Glenn Robinson III,robingl02
2014,NBA,DEN,Nikola Jokić,jokicni01
2014,NBA,HOU,Nick Johnson,johnsni01
2014,NBA,ATL,Edy Tavares,tavarwa01
2014,NBA,MIN,Markel Brown,brownma02
2014,NBA,CHO,Dwight Powell,poweldw01
2014,NBA,WAS,Jordan Clarkson,clarkjo01
2014,NBA,PHI,Russ Smith,smithru01
2014,NBA,MIL,Lamar Patterson,pattela01
2014,NBA,CHI,Cameron Bairstow,bairsca01
2014,NBA,PHO,Alec Brown,brownal01
2014,NBA,NYK,Thanasis Antetokounmpo,antetth01
2014,NBA,PHI,Vasilije Micić,micicva01
2014,NBA,MIN,Alessandro Gentile,gential01
2014,NBA,PHI,Nemanja Dangubić,dangune01
2014,NBA,MIA,Semaj Christon,chrisse01
2014,NBA,DEN,Devyn Marble,marblde01
2014,NBA,IND,Louis Labeyrie,labeylo01
2014,NBA,SAS,Jordan McRae,mcraejo01
2014,NBA,TOR,Xavier Thames,thamexa01
2014,NBA,SAS,Cory Jefferson,jeffeco01
2013,NBA,CLE,Anthony Bennett,bennean01
2013,NBA,ORL,Victor Oladipo,oladivi01
2013,NBA,WAS,Otto Porter Jr.,porteot01
2013,NBA,CHA,Cody Zeller,zelleco01
2013,NBA,PHO,Alex Len,lenal01
2013,NBA,NOH,Nerlens Noel,noelne01
2013,NBA,SAC,Ben McLemore,mclembe01
2013,NBA,DET,Kentavious Caldwell-Pope,caldwke01
2013,NBA,MIN,Trey Burke,burketr01
2013,NBA,POR,CJ McCollum,mccolcj01
2013,NBA,PHI,Michael Carter-Williams,cartemi01
2013,NBA,OKC,Steven Adams,adamsst01
2013,NBA,DAL,Kelly Olynyk,olynyke01
2013,NBA,UTA,Shabazz Muhammad,muhamsh01
2013,NBA,MIL,Giannis Antetokounmpo,antetgi01
2013,NBA,BOS,Lucas Nogueira,noguelu01
2013,NBA,ATL,Dennis Schröder,schrode01
2013,NBA,ATL,Shane Larkin,larkish01
2013,NBA,CLE,Sergey Karasev,karasse01
2013,NBA,CHI,Tony Snell,snellto01
2013,NBA,UTA,Gorgui Dieng,dienggo01
2013,NBA,BRK,Mason Plumlee,plumlma01
2013,NBA,IND,Solomon Hill,hillso01
2013,NBA,NYK,Tim Hardaway Jr.,hardati02
2013,NBA,LAC,Reggie Bullock,bullore01
2013,NBA,MIN,Andre Roberson,roberan03
2013,NBA,DEN,Rudy Gobert,goberru01
2013,NBA,SAS,Livio Jean-Charles,jeancli01
2013,NBA,OKC,Archie Goodwin,goodwar01
2013,NBA,PHO,Nemanja Nedović,nedovne01
2013,NBA,CLE,Allen Crabbe,crabbal01
2013,NBA,OKC,Álex Abrines,abrinal01
2013,NBA,CLE,Carrick Felix,felixca01
2013,NBA,HOU,Isaiah Canaan,canaais01
2013,NBA,PHI,Glen Rice Jr.,ricegl02
2013,NBA,SAC,Ray McCallum,mccalra01
2013,NBA,DET,Tony Mitchell,mitchto02
2013,NBA,WAS,Nate Wolters,woltena01
2013,NBA,POR,Jeff Withey,witheje01
2013,NBA,POR,Grant Jerrett,jerregr01
2013,NBA,MEM,Jamaal Franklin,frankja01
2013,NBA,PHI,Pierre Jackson,jackspi01
2013,NBA,MIL,Ricky Ledo,ledori01
2013,NBA,DAL,Mike Muscala,muscami01
2013,NBA,POR,Marko Todorović,todorma01
2013,NBA,UTA,Erick Green,greener01
2013,NBA,ATL,Raul Neto,netora01
2013,NBA,LAL,Ryan Kelly,kellyry01
2013,NBA,CHI,Erik Murphy,murpher01
2013,NBA,ATL,James Ennis III,ennisja01
2013,NBA,ORL,Romero Osby,osbyro01
2013,NBA,MIN,Lorenzo Brown,brownlo01
2013,NBA,IND,Colton Iverson,iversco01
2013,NBA,WAS,Arsalan Kazemi,kazemar01
2013,NBA,MEM,Joffrey Lauvergne,lauvejo01
2013,NBA,DET,Peyton Siva,sivape01
2013,NBA,PHO,Alex Oriakhi,oriakal01
2013,NBA,SAS,Deshaun Thomas,thomade01
2013,NBA,MIN,Bojan Dubljević,dubljbo01
2013,NBA,MEM,Jānis Timma,timmaja01
2012,NBA,NOH,Anthony Davis,davisan02
2012,NBA,CHA,Michael Kidd-Gilchrist,kiddgmi01
2012,NBA,WAS,Bradley Beal,bealbr01
2012,NBA,CLE,Dion Waiters,waitedi01
2012,NBA,SAC,Thomas Robinson,robinth01
2012,NBA,POR,Damian Lillard,lillada01
2012,NBA,GSW,Harrison Barnes,barneha02
2012,NBA,TOR,Terrence Ross,rosste01
2012,NBA,DET,Andre Drummond,drumman01
2012,NBA,NOH,Austin Rivers,riverau01
2012,NBA,POR,Meyers Leonard,leoname01
2012,NBA,HOU,Jeremy Lamb,lambje01
2012,NBA,PHO,Kendall Marshall,marshke01
2012,NBA,MIL,John Henson,hensojo01
2012,NBA,PHI,Maurice Harkless,harklma01
2012,NBA,HOU,Royce White,whitero03
2012,NBA,DAL,Tyler Zeller,zellety01
2012,NBA,HOU,Terrence Jones,joneste01
2012,NBA,ORL,Andrew Nicholson,nichoan01
2012,NBA,DEN,Evan Fournier,fournev01
2012,NBA,BOS,Jared Sullinger,sullija01
2012,NBA,BOS,Fab Melo,melofa01
2012,NBA,ATL,John Jenkins,jenkijo01
2012,NBA,CLE,Jared Cunningham,cunnija01
2012,NBA,MEM,Tony Wroten,wroteto01
2012,NBA,IND,Miles Plumlee,plumlmi01
2012,NBA,MIA,Arnett Moultrie,moultar01
2012,NBA,OKC,Perry Jones,jonespe01
2012,NBA,CHI,Marquis Teague,teaguma01
2012,NBA,GSW,Festus Ezeli,ezelife01
2012,NBA,CHA,Jeff Taylor,tayloje03
2012,NBA,WAS,Tomáš Satoranský,satorto01
2012,NBA,CLE,Bernard James,jamesbe01
2012,NBA,CLE,Jae Crowder,crowdja01
2012,NBA,GSW,Draymond Green,greendr01
2012,NBA,SAC,Orlando Johnson,johnsor01
2012,NBA,TOR,Quincy Acy,acyqu01
2012,NBA,DEN,Quincy Miller,millequ01
2012,NBA,DET,Khris Middleton,middlkh01
2012,NBA,POR,Will Barton,bartowi01
2012,NBA,POR,Tyshawn Taylor,tayloty01
2012,NBA,MIL,Doron Lamb,lambdo01
2012,NBA,ATL,Mike Scott,scottmi01
2012,NBA,DET,Kim English,engliki01
2012,NBA,PHI,Justin Hamilton,hamilju01
2012,NBA,NOH,Darius Miller,milleda01
2012,NBA,UTA,Kevin Murphy,murphke01
2012,NBA,NYK,Kostas Papanikolaou,papanko01
2012,NBA,ORL,Kyle O'Quinn,oquinky01
2012,NBA,DEN,İzzet Türkyılmaz,turkyiz01
2012,NBA,BOS,Kris Joseph,josepkr01
2012,NBA,GSW,Ognjen Kuzmić,kuzmiog01
2012,NBA,LAC,Furkan Aldemir,aldemfu01
2012,NBA,PHI,Tornike Shengelia,shengto01
2012,NBA,DAL,Darius Johnson-Odom,johnsda03
2012,NBA,TOR,Tomislav Zubčić,zubcito01
2012,NBA,NJN,İlkan Karaman,karamil01
2012,NBA,MIN,Robbie Hummel,hummero01
2012,NBA,SAS,Marcus Denmon,denmoma01
2012,NBA,LAL,Robert Sacre,sacrero01
2011,NBA,CLE,Kyrie Irving,irvinky01
2011,NBA,MIN,Derrick Williams,willide02
2011,NBA,UTA,Enes Freedom,kanteen01
2011,NBA,CLE,Tristan Thompson,thomptr01
2011,NBA,TOR,Jonas Valančiūnas,valanjo01
2011,NBA,WAS,Jan Veselý,veselja01
2011,NBA,SAC,Bismack Biyombo,biyombi01
2011,NBA,DET,Brandon Knight,knighbr03
2011,NBA,CHA,Kemba Walker,walkeke02
2011,NBA,MIL,Jimmer Fredette,fredeji01
2011,NBA,GSW,Klay Thompson,thompkl01
2011,NBA,UTA,Alec Burks,burksal01
2011,NBA,PHO,Markieff Morris,morrima02
2011,NBA,HOU,Marcus Morris,morrima03
2011,NBA,IND,Kawhi Leonard,leonaka01
2011,NBA,PHI,Nikola Vučević,vucevni01
2011,NBA,NYK,Iman Shumpert,shumpim01
2011,NBA,WAS,Chris Singleton,singlch01
2011,NBA,CHA,Tobias Harris,harrito02
2011,NBA,MIN,Donatas Motiejūnas,motiedo01
2011,NBA,POR,Nolan Smith,smithno01
2011,NBA,DEN,Kenneth Faried,farieke01
2011,NBA,HOU,Nikola Mirotić,mirotni01
2011,NBA,OKC,Reggie Jackson,jacksre01
2011,NBA,BOS,MarShon Brooks,brookma01
2011,NBA,DAL,Jordan Hamilton,hamiljo02
2011,NBA,NJN,JaJuan Johnson,johnsja02
2011,NBA,CHI,Norris Cole,coleno01
2011,NBA,SAS,Cory Joseph,josepco01
2011,NBA,CHI,Jimmy Butler,butleji01
2011,NBA,MIA,Bojan Bogdanović,bogdabo02
2011,NBA,CLE,Justin Harper,harpeju01
2011,NBA,DET,Kyle Singler,singlky01
2011,NBA,WAS,Shelvin Mack,macksh01
2011,NBA,SAC,Tyler Honeycutt,honeyty01
2011,NBA,NJN,Jordan Williams,willijo03
2011,NBA,LAC,Trey Thompkins,thomptr02
2011,NBA,HOU,Chandler Parsons,parsoch01
2011,NBA,CHA,Jeremy Tyler,tylerje01
2011,NBA,MIL,Jon Leuer,leuerjo01
2011,NBA,LAL,Darius Morris,morrida01
2011,NBA,IND,Dāvis Bertāns,bertada01
2011,NBA,CHI,Malcolm Lee,leema01
2011,NBA,GSW,Charles Jenkins,jenkich01
2011,NBA,NOH,Josh Harrellson,harrejo01
2011,NBA,LAL,Andrew Goudelock,goudean01
2011,NBA,LAC,Travis Leslie,leslitr01
2011,NBA,ATL,Keith Benson,bensoke02
2011,NBA,MEM,Josh Selby,selbyjo01
2011,NBA,PHI,Lavoy Allen,allenla01
2011,NBA,POR,Jon Diebler,diebljo01
2011,NBA,DET,Vernon Macklin,macklve01
2011,NBA,ORL,DeAndre Liggins,liggide01
2011,NBA,CLE,Milan Mačvan,macvami01
2011,NBA,BOS,E'Twaun Moore,mooreet01
2011,NBA,LAL,Chukwudiebere Maduabum,maduach01
2011,NBA,DAL,Tanguy Ngombo,ngombta01
2011,NBA,LAL,Ater Majok,majokat01
2011,NBA,SAS,Ádám Hanga,hangaad01
2011,NBA,SAC,Isaiah Thomas,thomais02
2010,NBA,WAS,John Wall,walljo01
2010,NBA,PHI,Evan Turner,turneev01
2010,NBA,NJN,Derrick Favors,favorde01
2010,NBA,MIN,Wesley Johnson,johnswe01
2010,NBA,SAC,DeMarcus Cousins,couside01
2010,NBA,GSW,Ekpe Udoh,udohek01
2010,NBA,DET,Greg Monroe,monrogr01
2010,NBA,LAC,Al-Farouq Aminu,aminual01
2010,NBA,UTA,Gordon Hayward,haywago01
2010,NBA,IND,Paul George,georgpa01
2010,NBA,NOH,Cole Aldrich,aldrico01
2010,NBA,MEM,Xavier Henry,henryxa01
2010,NBA,TOR,Ed Davis,davised01
2010,NBA,HOU,Patrick Patterson,pattepa01
2010,NBA,MIL,Larry Sanders,sandela01
2010,NBA,MIN,Luke Babbitt,babbilu01
2010,NBA,CHI,Kevin Séraphin,serapke01
2010,NBA,OKC,Eric Bledsoe,bledser01
2010,NBA,BOS,Avery Bradley,bradlav01
2010,NBA,SAS,James Anderson,anderja01
2010,NBA,OKC,Craig Brackins,brackcr01
2010,NBA,POR,Elliot Williams,williel01
2010,NBA,MIN,Trevor Booker,booketr01
2010,NBA,ATL,Damion James,jamesda01
2010,NBA,MEM,Dominique Jones,jonesdo02
2010,NBA,OKC,Quincy Pondexter,pondequ01
2010,NBA,NJN,Jordan Crawford,crawfjo02
2010,NBA,MEM,Greivis Vásquez,vasqugr01
2010,NBA,ORL,Daniel Orton,ortonda01
2010,NBA,WAS,Lazar Hayward,haywala01
2010,NBA,NJN,Tibor Pleiß,pleisti01
2010,NBA,MIA,Dexter Pittman,pittmde01
2010,NBA,SAC,Hassan Whiteside,whiteha01
2010,NBA,POR,Armon Johnson,johnsar02
2010,NBA,WAS,Nemanja Bjelica,bjeline01
2010,NBA,DET,Terrico White,whitete01
2010,NBA,MIL,Darington Hobson,hobsoda01
2010,NBA,NYK,Andy Rautins,rautian01
2010,NBA,NYK,Landry Fields,fieldla01
2010,NBA,IND,Lance Stephenson,stephla01
2010,NBA,MIA,Jarvis Varnado,varnaja01
2010,NBA,MIA,Da'Sean Butler,butleda03
2010,NBA,LAL,Devin Ebanks,ebankde01
2010,NBA,MIL,Jerome Jordan,jordaje01
2010,NBA,MIN,Paulão Prestes,prestpa01
2010,NBA,PHO,Gani Lawal,lawalga01
2010,NBA,MIL,Tiny Gallon,galloti01
2010,NBA,MIA,Latavious Williams,willila01
2010,NBA,SAS,Ryan Richards,richary01
2010,NBA,DAL,Solomon Alabi,alabiso01
2010,NBA,OKC,Magnum Rolle,rollema01
2010,NBA,BOS,Luke Harangody,haranlu01
2010,NBA,ATL,Pape Sy,sypa01
2010,NBA,LAC,Willie Warren,warrewi01
2010,NBA,UTA,Jeremy Evans,evansje01
2010,NBA,MIN,Hamady N'Diaye,ndiayha01
2010,NBA,IND,Ryan Reid,reidry01
2010,NBA,LAL,Derrick Caracter,caracde01
2010,NBA,ORL,Stanley Robinson,robinst01
2010,NBA,PHO,Dwayne Collins,collidw01
2009,NBA,LAC,Blake Griffin,griffbl01
2009,NBA,MEM,Hasheem Thabeet,thabeha01
2009,NBA,OKC,James Harden,hardeja01
2009,NBA,SAC,Tyreke Evans,evansty01
2009,NBA,MIN,Ricky Rubio,rubiori01
2009,NBA,MIN,Jonny Flynn,flynnjo01
2009,NBA,GSW,Stephen Curry,curryst01
2009,NBA,NYK,Jordan Hill,hilljo01
2009,NBA,TOR,DeMar DeRozan,derozde01
2009,NBA,MIL,Brandon Jennings,jennibr01
2009,NBA,NJN,Terrence Williams,willite01
2009,NBA,CHA,Gerald Henderson,hendege02
2009,NBA,IND,Tyler Hansbrough,hansbty01
2009,NBA,PHO,Earl Clark,clarkea01
2009,NBA,DET,Austin Daye,dayeau01
2009,NBA,CHI,James Johnson,johnsja01
2009,NBA,PHI,Jrue Holiday,holidjr01
2009,NBA,MIN,Ty Lawson,lawsoty01
2009,NBA,ATL,Jeff Teague,teaguje01
2009,NBA,UTA,Eric Maynor,maynoer01
2009,NBA,NOH,Darren Collison,collida01
2009,NBA,POR,Victor Claver,clavevi01
2009,NBA,SAC,Omri Casspi,casspom01
2009,NBA,DAL,Byron Mullens,mulleby01
2009,NBA,OKC,Rodrigue Beaubois,beaubro01
2009,NBA,CHI,Taj Gibson,gibsota01
2009,NBA,MEM,DeMarre Carroll,carrode01
2009,NBA,MIN,Wayne Ellington,ellinwa01
2009,NBA,LAL,Toney Douglas,douglto01
2009,NBA,CLE,Christian Eyenga,eyengch01
2009,NBA,SAC,Jeff Ayres,pendeje02
2009,NBA,WAS,Jermaine Taylor,tayloje02
2009,NBA,POR,Dante Cunningham,cunnida01
2009,NBA,DEN,Sergio Llull,llullse01
2009,NBA,DET,DaJuan Summers,summeda01
2009,NBA,MEM,Sam Young,youngsa01
2009,NBA,SAS,DeJuan Blair,blairde01
2009,NBA,POR,Jon Brockman,brockjo01
2009,NBA,DET,Jonas Jerebko,jerebjo01
2009,NBA,CHA,Derrick Brown,brownde04
2009,NBA,MIL,Jodie Meeks,meeksjo01
2009,NBA,LAL,Patrick Beverley,beverpa01
2009,NBA,MIA,Marcus Thornton,thornma01
2009,NBA,DET,Chase Budinger,budinch01
2009,NBA,MIN,Nick Calathes,calatni01
2009,NBA,CLE,Danny Green,greenda02
2009,NBA,MIN,Henk Norel,norelhe01
2009,NBA,PHO,Taylor Griffin,griffta01
2009,NBA,ATL,Sergiy Gladyr,gladyse01
2009,NBA,UTA,Goran Suton,sutongo01
2009,NBA,SAS,Jack McClinton,mcclija01
2009,NBA,IND,A.J. Price,priceaj01
2009,NBA,SAS,Nando De Colo,decolna01
2009,NBA,CHA,Robert Vaden,vadenro01
2009,NBA,POR,Patty Mills,millspa02
2009,NBA,DAL,Ahmad Nivins,nivinah01
2009,NBA,PHO,Emir Preldžić,preldem01
2009,NBA,BOS,Lester Hudson,hudsole01
2009,NBA,LAL,Chinemelu Elonu,elonuch01
2009,NBA,MIA,Robert Dozier,doziero01
2008,NBA,CHI,Derrick Rose,rosede01
2008,NBA,MIA,Michael Beasley,beaslmi01
2008,NBA,MIN,O.J. Mayo,mayooj01
2008,NBA,SEA,Russell Westbrook,westbru01
2008,NBA,MEM,Kevin Love,loveke01
2008,NBA,NYK,Danilo Gallinari,gallida01
2008,NBA,LAC,Eric Gordon,gordoer01
2008,NBA,MIL,Joe Alexander,alexajo01
2008,NBA,CHA,D.J. Augustin,augusdj01
2008,NBA,NJN,Brook Lopez,lopezbr01
2008,NBA,IND,Jerryd Bayless,bayleje01
2008,NBA,SAC,Jason Thompson,thompja02
2008,NBA,POR,Brandon Rush,rushbr01
2008,NBA,GSW,Anthony Randolph,randoan01
2008,NBA,PHO,Robin Lopez,lopezro01
2008,NBA,PHI,Marreese Speights,speigma01
2008,NBA,TOR,Roy Hibbert,hibbero01
2008,NBA,WAS,JaVale McGee,mcgeeja01
2008,NBA,CLE,J.J. Hickson,hicksjj01
2008,NBA,CHA,Alexis Ajinça,ajincal01
2008,NBA,NJN,Ryan Anderson,anderry01
2008,NBA,ORL,Courtney Lee,leeco01
2008,NBA,UTA,Kosta Koufos,koufoko01
2008,NBA,SEA,Serge Ibaka,ibakase01
2008,NBA,HOU,Nicolas Batum,batumni01
2008,NBA,SAS,George Hill,hillge01
2008,NBA,NOH,Darrell Arthur,arthuda01
2008,NBA,MEM,Donté Greene,greendo01
2008,NBA,DET,D.J. White,whitedj01
2008,NBA,BOS,J.R. Giddens,giddejr01
2008,NBA,MIN,Nikola Peković,pekovni01
2008,NBA,SEA,Walter Sharpe,sharpwa01
2008,NBA,POR,Joey Dorsey,dorsejo01
2008,NBA,MIN,Mario Chalmers,chalmma01
2008,NBA,LAC,DeAndre Jordan,jordade01
2008,NBA,POR,Ömer Aşık,asikom01
2008,NBA,MIL,Luc Mbah a Moute,mbahalu01
2008,NBA,CHA,Kyle Weaver,weaveky01
2008,NBA,CHI,Sonny Weems,weemsso01
2008,NBA,NJN,Chris Douglas-Roberts,douglch01
2008,NBA,IND,Nathan Jawai,jawaina01
2008,NBA,SAC,Sean Singletary,singlse01
2008,NBA,SAC,Patrick Ewing,ewingpa02
2008,NBA,UTA,Ante Tomić,tomican01
2008,NBA,SAS,Goran Dragić,dragigo01
2008,NBA,SEA,Trent Plaisted,plaistr01
2008,NBA,WAS,Henry Walker,walkebi01
2008,NBA,PHO,Malik Hairston,hairsma01
2008,NBA,GSW,Richard Hendrix,hendrri02
2008,NBA,SEA,DeVon Hardin,hardide01
2008,NBA,DAL,Shan Foster,fostesh01
2008,NBA,MIA,Darnell Jackson,jacksda01
2008,NBA,UTA,Tadija Dragićević,dragita01
2008,NBA,HOU,Maarty Leunen,leunema01
2008,NBA,POR,Mike Taylor,taylomi01
2008,NBA,SEA,Sasha Kaun,kaunsa01
2008,NBA,SAS,James Gist,gistja01
2008,NBA,LAL,Joe Crawford,crawfjo01
2008,NBA,DET,Deron Washington,washide02
2008,NBA,BOS,Semih Erden,erdense01
2007,NBA,POR,Greg Oden,odengr01
2007,NBA,SEA,Kevin Durant,duranke01
2007,NBA,ATL,Al Horford,horfoal01
2007,NBA,MEM,Mike Conley,conlemi01
2007,NBA,BOS,Jeff Green,greenje02
2007,NBA,MIL,Yi Jianlian,jianlyi01
2007,NBA,MIN,Corey Brewer,breweco01
2007,NBA,CHA,Brandan Wright,wrighbr03
2007,NBA,CHI,Joakim Noah,noahjo01
2007,NBA,SAC,Spencer Hawes,hawessp01
2007,NBA,ATL,Acie Law,lawac01
2007,NBA,PHI,Thaddeus Young,youngth01
2007,NBA,NOK,Julian Wright,wrighju01
2007,NBA,LAC,Al Thornton,thornal01
2007,NBA,DET,Rodney Stuckey,stuckro01
2007,NBA,WAS,Nick Young,youngni01
2007,NBA,NJN,Sean Williams,willise01
2007,NBA,GSW,Marco Belinelli,belinma01
2007,NBA,LAL,Javaris Crittenton,crittja01
2007,NBA,MIA,Jason Smith,smithja02
2007,NBA,PHI,Daequan Cook,cookda02
2007,NBA,CHA,Jared Dudley,dudleja01
2007,NBA,NYK,Wilson Chandler,chandwi01
2007,NBA,PHO,Rudy Fernández,fernaru01
2007,NBA,UTA,Morris Almond,almonmo01
2007,NBA,HOU,Aaron Brooks,brookaa01
2007,NBA,DET,Arron Afflalo,afflaar01
2007,NBA,SAS,Tiago Splitter,splitti01
2007,NBA,PHO,Alando Tucker,tuckeal02
2007,NBA,PHI,Petteri Koponen,koponpe01
2007,NBA,SEA,Carl Landry,landrca01
2007,NBA,BOS,Gabe Pruitt,pruitga01
2007,NBA,SAS,Marcus Williams,willima04
2007,NBA,DAL,Nick Fazekas,fazekni01
2007,NBA,SEA,Glen Davis,davisgl01
2007,NBA,GSW,Jermareo Davidson,davidje01
2007,NBA,POR,Josh McRoberts,mcrobjo01
2007,NBA,PHI,Kyrylo Fesenko,fesenky01
2007,NBA,MIA,Stanko Barać,baracst01
2007,NBA,LAL,Sun Yue,yuesu01
2007,NBA,MIN,Chris Richard,richach01
2007,NBA,POR,Derrick Byars,byarsde01
2007,NBA,NOK,Adam Haluska,halusad02
2007,NBA,ORL,Reyshawn Terry,terryre01
2007,NBA,LAC,Jared Jordan,jordaja01
2007,NBA,GSW,Stéphane Lasme,lasmest01
2007,NBA,WAS,Dominic McGuire,mcguido01
2007,NBA,LAL,Marc Gasol,gasolma01
2007,NBA,CHI,Aaron Gray,grayaa01
2007,NBA,DAL,Renaldas Seibutis,seibure01
2007,NBA,CHI,JamesOn Curry,curryja01
2007,NBA,POR,Taurean Green,greenta01
2007,NBA,POR,Demetris Nichols,nichode01
2007,NBA,HOU,Brad Newley,newlebr01
2007,NBA,UTA,Herbert Hill,hillhe02
2007,NBA,MIL,Ramon Sessions,sessira01
2007,NBA,DET,Sammy Mejia,mejiasa01
2007,NBA,SAS,Georgios Printezis,printgi01
2007,NBA,PHO,D.J. Strawberry,strawdj01
2007,NBA,DAL,Milovan Raković,rakovmi01
2006,NBA,TOR,Andrea Bargnani,bargnan01
2006,NBA,CHI,LaMarcus Aldridge,aldrila01
2006,NBA,CHA,Adam Morrison,morriad01
2006,NBA,POR,Tyrus Thomas,thomaty01
2006,NBA,ATL,Shelden Williams,willish02
2006,NBA,MIN,Brandon Roy,roybr01
2006,NBA,BOS,Randy Foye,foyera01
2006,NBA,HOU,Rudy Gay,gayru01
2006,NBA,GSW,Patrick O'Bryant,obryapa01
2006,NBA,SEA,Mouhamed Sene,senesa01
2006,NBA,ORL,JJ Redick,redicjj01
2006,NBA,NOK,Hilton Armstrong,armsthi01
2006,NBA,PHI,Thabo Sefolosha,sefolth01
2006,NBA,UTA,Ronnie Brewer,brewero02
2006,NBA,NOK,Cedric Simmons,simmoce01
2006,NBA,CHI,Rodney Carney,carnero01
2006,NBA,IND,Shawne Williams,willish03
2006,NBA,WAS,Oleksiy Pecherov,pecheol01
2006,NBA,SAC,Quincy Douby,doubyqu01
2006,NBA,NYK,Renaldo Balkman,balkmre01
2006,NBA,PHO,Rajon Rondo,rondora01
2006,NBA,NJN,Marcus Williams,willima03
2006,NBA,NJN,Josh Boone,boonejo01
2006,NBA,MEM,Kyle Lowry,lowryky01
2006,NBA,CLE,Shannon Brown,brownsh01
2006,NBA,LAL,Jordan Farmar,farmajo01
2006,NBA,PHO,Sergio Rodríguez,rodrise01
2006,NBA,DAL,Maurice Ager,agerma01
2006,NBA,NYK,Mardy Collins,collima01
2006,NBA,POR,Joel Freeland,freeljo01
2006,NBA,POR,James White,whiteja02
2006,NBA,HOU,Steve Novak,novakst01
2006,NBA,ATL,Solomon Jones,jonesso01
2006,NBA,LAC,Paul Davis,davispa01
2006,NBA,TOR,P.J. Tucker,tuckepj01
2006,NBA,MIN,Craig Smith,smithcr01
2006,NBA,MIN,Bobby Jones,jonesbo02
2006,NBA,GSW,Kosta Perović,perovko01
2006,NBA,MIL,David Noel,noelda01
2006,NBA,SEA,Denham Brown,brownde05
2006,NBA,ORL,James Augustine,augusja01
2006,NBA,CLE,Daniel Gibson,gibsoda01
2006,NBA,NOK,Marcus Vinicius,vincima01
2006,NBA,ORL,Lior Eliyahu,eliyali01
2006,NBA,IND,Alexander Johnson,johnsal01
2006,NBA,UTA,Dee Brown,brownde03
2006,NBA,UTA,Paul Millsap,millspa01
2006,NBA,WAS,Vladimir Veremeenko,veremvl01
2006,NBA,DEN,Leon Powe,powele01
2006,NBA,CHA,Ryan Hollins,holliry01
2006,NBA,LAL,Cheikh Samb,sambch01
2006,NBA,LAC,Guillermo Díaz,diazgu01
2006,NBA,SEA,Yotam Halperin,halpeyo01
2006,NBA,NJN,Hassan Adams,adamsha01
2006,NBA,CLE,Ejike Ugboaja,ugboaej01
2006,NBA,TOR,Edin Bavčić,bavcied01
2006,NBA,MIN,Loukas Mavrokefalidis,mavrolo01
2006,NBA,DAL,J.R. Pinnock,pinnojr01
2006,NBA,SAS,Damir Markota,markoda01
2006,NBA,DET,Will Blalock,blalowi01
2005,NBA,MIL,Andrew Bogut,bogutan01
2005,NBA,ATL,Marvin Williams,willima02
2005,NBA,UTA,Deron Williams,willide01
2005,NBA,NOH,Chris Paul,paulch01
2005,NBA,CHA,Raymond Felton,feltora01
2005,NBA,POR,Martell Webster,webstma02
2005,NBA,TOR,Charlie Villanueva,villach01
2005,NBA,NYK,Channing Frye,fryech01
2005,NBA,GSW,Ike Diogu,dioguik01
2005,NBA,LAL,Andrew Bynum,bynuman01
2005,NBA,ORL,Fran Vázquez,vazqufr01
2005,NBA,LAC,Yaroslav Korolev,korolya01
2005,NBA,CHA,Sean May,mayse01
2005,NBA,MIN,Rashad McCants,mccanra01
2005,NBA,NJN,Antoine Wright,wrighan01
2005,NBA,TOR,Joey Graham,grahajo01
2005,NBA,IND,Danny Granger,grangda01
2005,NBA,BOS,Gerald Green,greenge01
2005,NBA,MEM,Hakim Warrick,warriha01
2005,NBA,DEN,Julius Hodge,hodgeju01
2005,NBA,PHO,Nate Robinson,robinna01
2005,NBA,DEN,Jarrett Jack,jackja01
2005,NBA,SAC,Francisco García,garcifr01
2005,NBA,HOU,Luther Head,headlu01
2005,NBA,SEA,Johan Petro,petrojo01
2005,NBA,DET,Jason Maxiell,maxieja01
2005,NBA,POR,Linas Kleiza,kleizli01
2005,NBA,SAS,Ian Mahinmi,mahinia01
2005,NBA,MIA,Wayne Simien,simiewa01
2005,NBA,NYK,David Lee,leeda02
2005,NBA,ATL,Salim Stoudamire,stoudsa01
2005,NBA,LAC,Daniel Ewing,ewingda01
2005,NBA,NOH,Brandon Bass,bassbr01
2005,NBA,UTA,C.J. Miles,milescj01
2005,NBA,POR,Ricky Sánchez,sanchri01
2005,NBA,MIL,Ersan İlyasova,ilyaser01
2005,NBA,LAL,Ronny Turiaf,turiaro01
2005,NBA,ORL,Travis Diener,dienetr01
2005,NBA,LAL,Von Wafer,wafervo01
2005,NBA,GSW,Monta Ellis,ellismo01
2005,NBA,TOR,Roko Ukić,ukicro01
2005,NBA,GSW,Chris Taft,taftch01
2005,NBA,NJN,Mile Ilić,ilicmi01
2005,NBA,ORL,Martynas Andriuškevičius,andrima01
2005,NBA,PHI,Lou Williams,willilo02
2005,NBA,IND,Erazem Lorbek,lorbeer01
2005,NBA,MIN,Bracey Wright,wrighbr02
2005,NBA,SEA,Mickaël Gelabale,gelabmi01
2005,NBA,WAS,Andray Blatche,blatcan01
2005,NBA,BOS,Ryan Gomes,gomesry01
2005,NBA,UTA,Robert Whaley,whalero01
2005,NBA,DEN,Axel Hervelle,herveax01
2005,NBA,BOS,Orien Greene,greenor01
2005,NBA,NYK,Dijon Thompson,thompdi01
2005,NBA,SEA,Lawrence Roberts,roberla01
2005,NBA,DET,Amir Johnson,johnsam01
2005,NBA,PHO,Marcin Gortat,gortama01
2005,NBA,TOR,Uroš Slokar,slokaur01
2005,NBA,ATL,Cenk Akyol,akyolce01
2005,NBA,DET,Alex Acker,ackeral01
2004,NBA,ORL,Dwight Howard,howardw01
2004,NBA,CHA,Emeka Okafor,okafoem01
2004,NBA,CHI,Ben Gordon,gordobe01
2004,NBA,LAC,Shaun Livingston,livinsh01
2004,NBA,WAS,Devin Harris,harride01
2004,NBA,ATL,Josh Childress,childjo01
2004,NBA,PHO,Luol Deng,denglu01
2004,NBA,TOR,Rafael Araújo,araujra01
2004,NBA,PHI,Andre Iguodala,iguodan01
2004,NBA,CLE,Luke Jackson,jackslu02
2004,NBA,GSW,Andris Biedriņš,biedran01
2004,NBA,SEA,Robert Swift,swiftro01
2004,NBA,POR,Sebastian Telfair,telfase01
2004,NBA,UTA,Kris Humphries,humphkr01
2004,NBA,BOS,Al Jefferson,jeffeal01
2004,NBA,UTA,Kirk Snyder,snydeki01
2004,NBA,ATL,Josh Smith,smithjo03
2004,NBA,NOH,J.R. Smith,smithjr01
2004,NBA,MIA,Dorell Wright,wrighdo01
2004,NBA,DEN,Jameer Nelson,nelsoja01
2004,NBA,UTA,Pavel Podkolzin,podkopa01
2004,NBA,NJN,Viktor Khryapa,khryavi01
2004,NBA,POR,Sergei Monia,moniase01
2004,NBA,BOS,Delonte West,westde01
2004,NBA,BOS,Tony Allen,allento01
2004,NBA,SAC,Kevin Martin,martike02
2004,NBA,LAL,Sasha Vujačić,vujacsa01
2004,NBA,SAS,Beno Udrih,udrihbe01
2004,NBA,IND,David Harrison,harrida01
2004,NBA,ORL,Anderson Varejão,varejan01
2004,NBA,CHI,Jackson Vroman,vromaja01
2004,NBA,WAS,Peter John Ramos,ramospe01
2004,NBA,LAC,Lionel Chalmers,chalmli01
2004,NBA,ATL,Donta Smith,smithdo04
2004,NBA,SEA,Andre Emmett,emmetan01
2004,NBA,ORL,Antonio Burks,burksan01
2004,NBA,ATL,Royal Ivey,iveyro01
2004,NBA,CHI,Chris Duhon,duhonch01
2004,NBA,TOR,Albert Miralles,miralal01
2004,NBA,BOS,Justin Reed,reedju01
2004,NBA,SEA,David Young,youngda02
2004,NBA,ATL,Viktor Sanikidze,sanikvi01
2004,NBA,NYK,Trevor Ariza,arizatr01
2004,NBA,NOH,Tim Pickett,picketi02
2004,NBA,CHA,Bernard Robinson,robinbe01
2004,NBA,POR,Ha Seung-Jin,seungha01
2004,NBA,MIA,Pape Sow,sowpa01
2004,NBA,SAC,Ricky Minard,minarri01
2004,NBA,MEM,Sergei Lishouk,lishcse01
2004,NBA,DAL,Vassilis Spanoulis,spanova01
2004,NBA,NJN,Christian Drejer,drejech01
2004,NBA,SAS,Romain Sato,satoro01
2004,NBA,MIA,Matt Freije,freijma01
2004,NBA,DET,Rickey Paulding,pauldri01
2004,NBA,HOU,Luis Flores,florelu01
2004,NBA,LAL,Marcus Douthit,douthma01
2004,NBA,SAS,Sergei Karaulov,karause01
2004,NBA,MIN,Blake Stepp,steppbl01
2004,NBA,IND,Rashad Wright,wrighra01
2003,NBA,CLE,LeBron James,jamesle01
2003,NBA,DET,Darko Miličić,milicda01
2003,NBA,DEN,Carmelo Anthony,anthoca01
2003,NBA,TOR,Chris Bosh,boshch01
2003,NBA,MIA,Dwyane Wade,wadedw01
2003,NBA,LAC,Chris Kaman,kamanch01
2003,NBA,CHI,Kirk Hinrich,hinriki01
2003,NBA,MIL,T.J. Ford,fordtj01
2003,NBA,NYK,Mike Sweetney,sweetmi01
2003,NBA,WAS,Jarvis Hayes,hayesja01
2003,NBA,GSW,Mickaël Piétrus,pietrmi01
2003,NBA,SEA,Nick Collison,collini01
2003,NBA,MEM,Marcus Banks,banksma01
2003,NBA,SEA,Luke Ridnour,ridnolu01
2003,NBA,ORL,Reece Gaines,gainere01
2003,NBA,BOS,Troy Bell,belltr01
2003,NBA,PHO,Žarko Čabarkapa,cabarza01
2003,NBA,NOH,David West,westda01
2003,NBA,UTA,Sasha Pavlović,pavloal01
2003,NBA,BOS,Dahntay Jones,jonesda02
2003,NBA,ATL,Boris Diaw,diawbo01
2003,NBA,NJN,Zoran Planinić,planizo01
2003,NBA,POR,Travis Outlaw,outlatr01
2003,NBA,LAL,Brian Cook,cookbr01
2003,NBA,DET,Carlos Delfino,delfica01
2003,NBA,MIN,Ndudi Ebi,ebind01
2003,NBA,MEM,Kendrick Perkins,perkike01
2003,NBA,SAS,Leandro Barbosa,barbole01
2003,NBA,DAL,Josh Howard,howarjo01
2003,NBA,NYK,Maciej Lampe,lampema01
2003,NBA,CLE,Jason Kapono,kaponja01
2003,NBA,LAL,Luke Walton,waltolu01
2003,NBA,MIA,Jerome Beasley,beaslje01
2003,NBA,LAC,Sofoklis Schortsanitis,schorso01
2003,NBA,MIL,Szymon Szewczyk,szewcsz01
2003,NBA,CHI,Mario Austin,austima01
2003,NBA,ATL,Travis Hansen,hansetr01
2003,NBA,WAS,Steve Blake,blakest01
2003,NBA,NYK,Slavko Vraneš,vranesl01
2003,NBA,GSW,Derrick Zimmerman,zimmede01
2003,NBA,SEA,Willie Green,greenwi01
2003,NBA,ORL,Zaza Pachulia,pachuza01
2003,NBA,MIL,Keith Bogans,boganke01
2003,NBA,HOU,Malick Badiane,badiama01
2003,NBA,CHI,Matt Bonner,bonnema01
2003,NBA,DEN,Sani Bečirovič,becirsa01
2003,NBA,UTA,Mo Williams,willima01
2003,NBA,NOH,James Lang,langja01
2003,NBA,IND,James Jones,jonesja02
2003,NBA,PHI,Paccelis Morlende,morlepa01
2003,NBA,NJN,Kyle Korver,korveky01
2003,NBA,TOR,Remon van de Hare,vandera01
2003,NBA,CHI,Tommy Smith,smithto03
2003,NBA,POR,Nedžad Sinanović,sinanne01
2003,NBA,MIN,Rick Rickert,rickeri01
2003,NBA,BOS,Brandon Hunter,huntebr01
2003,NBA,DAL,Xue Yuyang,yuyanxu01
2003,NBA,DET,Andreas Glyniadakis,glynian01
2002,NBA,HOU,Yao Ming,mingya01
2002,NBA,CHI,Jay Williams,willija03
2002,NBA,GSW,Mike Dunleavy,dunlemi02
2002,NBA,MEM,Drew Gooden,goodedr01
2002,NBA,DEN,Nikoloz Tskitishvili,tskitni01
2002,NBA,CLE,Dajuan Wagner,wagneda02
2002,NBA,NYK,Nenê,hilarne01
2002,NBA,LAC,Chris Wilcox,wilcoch01
2002,NBA,PHO,Amar'e Stoudemire,stoudam01
2002,NBA,MIA,Caron Butler,butleca01
2002,NBA,WAS,Jared Jeffries,jeffrja01
2002,NBA,LAC,Melvin Ely,elyme01
2002,NBA,MIL,Marcus Haislip,haislma01
2002,NBA,IND,Fred Jones,jonesfr01
2002,NBA,HOU,Boštjan Nachbar,nachbbo01
2002,NBA,PHI,Jiří Welsch,welscji01
2002,NBA,WAS,Juan Dixon,dixonju01
2002,NBA,ORL,Curtis Borchardt,borchcu01
2002,NBA,UTA,Ryan Humphrey,humphry01
2002,NBA,TOR,Kareem Rush,rushka01
2002,NBA,POR,Qyntel Woods,woodsqy01
2002,NBA,PHO,Casey Jacobsen,jacobca01
2002,NBA,DET,Tayshaun Prince,princta01
2002,NBA,NJN,Nenad Krstić,krstine01
2002,NBA,DEN,Frank Williams,willifr02
2002,NBA,SAS,John Salmons,salmojo01
2002,NBA,LAL,Chris Jefferies,jeffech01
2002,NBA,SAC,Dan Dickau,dickada01
2002,NBA,GSW,Steve Logan,loganst01
2002,NBA,CHI,Roger Mason,masonro01
2002,NBA,MEM,Robert Archibald,archiro01
2002,NBA,DEN,Vincent Yarbrough,yarbrvi01
2002,NBA,MIL,Dan Gadzuric,gadzuda01
2002,NBA,CLE,Carlos Boozer,boozeca01
2002,NBA,NYK,Milos Vujanic,vujanmi01
2002,NBA,ATL,David Andersen,anderda03
2002,NBA,HOU,Tito Maddox,maddoti01
2002,NBA,WAS,Rod Grizzard,grizzro01
2002,NBA,WAS,Juan Carlos Navarro,navarju01
2002,NBA,LAC,Mario Kasun,kasunma01
2002,NBA,MIL,Ronald Murray,murraro01
2002,NBA,POR,Jason Jennings,jennija01
2002,NBA,CHI,Lonny Baxter,baxtelo01
2002,NBA,PHI,Sam Clancy,clancsa02
2002,NBA,MEM,Matt Barnes,barnema02
2002,NBA,UTA,Jamal Sampson,sampsja01
2002,NBA,MIL,Chris Owens,owensch01
2002,NBA,SEA,Peter Fehse,fehsepe01
2002,NBA,BOS,Darius Songaila,songada01
2002,NBA,POR,Federico Kammerichs,kammefe01
2002,NBA,MIN,Marcus Taylor,tayloma03
2002,NBA,MIA,Rasual Butler,butlera01
2002,NBA,NJN,Tamar Slay,slayta01
2002,NBA,DAL,Mladen Sekularac,sekulml01
2002,NBA,SAS,Luis Scola,scolalu01
2002,NBA,SAS,Randy Holcomb,holcora01
2002,NBA,SAC,Corsley Edwards,edwarco01
2001,NBA,WAS,Kwame Brown,brownkw01
2001,NBA,LAC,Tyson Chandler,chandty01
2001,NBA,ATL,Pau Gasol,gasolpa01
2001,NBA,CHI,Eddy Curry,curryed01
2001,NBA,GSW,Jason Richardson,richaja01
2001,NBA,MEM,Shane Battier,battish01
2001,NBA,NJN,Eddie Griffin,griffed01
2001,NBA,CLE,DeSagana Diop,diopde01
2001,NBA,DET,Rodney White,whitero02
2001,NBA,BOS,Joe Johnson,johnsjo02
2001,NBA,BOS,Kedrick Brown,brownke01
2001,NBA,SEA,Vladimir Radmanović,radmavl01
2001,NBA,HOU,Richard Jefferson,jefferi01
2001,NBA,GSW,Troy Murphy,murphtr01
2001,NBA,ORL,Steven Hunter,huntest01
2001,NBA,CHH,Kirk Haston,hastoki01
2001,NBA,TOR,Michael Bradley,bradlmi01
2001,NBA,HOU,Jason Collins,collija04
2001,NBA,POR,Zach Randolph,randoza01
2001,NBA,CLE,Brendan Haywood,haywobr01
2001,NBA,BOS,Joseph Forte,fortejo01
2001,NBA,ORL,Jeryl Sasser,sasseje01
2001,NBA,HOU,Brandon Armstrong,armstbr01
2001,NBA,UTA,Raül López,lopezra01
2001,NBA,SAC,Gerald Wallace,wallage01
2001,NBA,PHI,Samuel Dalembert,dalemsa01
2001,NBA,MEM,Jamaal Tinsley,tinslja01
2001,NBA,SAS,Tony Parker,parketo01
2001,NBA,CHI,Trenton Hassell,hassetr01
2001,NBA,GSW,Gilbert Arenas,arenagi01
2001,NBA,ORL,Omar Cook,cookom01
2001,NBA,MEM,Will Solomon,solomwi01
2001,NBA,ATL,Terence Morris,morrite01
2001,NBA,NJN,Brian Scalabrine,scalabr01
2001,NBA,CLE,Jeff Trepagnier,trepaje01
2001,NBA,PHI,Damone Brown,brownda02
2001,NBA,DET,Mehmet Okur,okurme01
2001,NBA,NYK,Michael Wright,wrighmi01
2001,NBA,SEA,Earl Watson,watsoea01
2001,NBA,IND,Jamison Brewer,breweja01
2001,NBA,SEA,Bobby Simmons,simmobo01
2001,NBA,NYK,Eric Chenowith,chenoer01
2001,NBA,DAL,Kyle Hill,hillky01
2001,NBA,CHI,Sean Lampley,lamplse01
2001,NBA,MIN,Loren Woods,woodslo01
2001,NBA,DEN,Ousmane Cisse,cisseou01
2001,NBA,MEM,Antonis Fotsis,fotsian01
2001,NBA,MIA,Ken Johnson,johnske03
2001,NBA,POR,Ruben Boumtje-Boumtje,boumtru01
2001,NBA,PHO,Alton Ford,fordal02
2001,NBA,MIL,Andre Hutson,hutsoan01
2001,NBA,UTA,Jarron Collins,collija03
2001,NBA,DAL,Kenny Satterfield,satteke01
2001,NBA,SAC,Maurice Jeffers,jeffema01
2001,NBA,SAS,Robertas Javtokas,javtoro01
2001,NBA,PHI,Alvin Jones,jonesal01
2001,NBA,SAS,Bryan Bracey,bracebr01
2000,NBA,NJN,Kenyon Martin,martike01
2000,NBA,VAN,Stromile Swift,swiftst01
2000,NBA,LAC,Darius Miles,milesda01
2000,NBA,CHI,Marcus Fizer,fizerma01
2000,NBA,ORL,Mike Miller,millemi01
2000,NBA,ATL,DerMarr Johnson,johnsde03
2000,NBA,CHI,Chris Mihm,mihmch01
2000,NBA,CLE,Jamal Crawford,crawfja01
2000,NBA,HOU,Joel Przybilla,przybjo01
2000,NBA,ORL,Keyon Dooling,doolike01
2000,NBA,BOS,Jérôme Moïso,moisoje01
2000,NBA,DAL,Etan Thomas,thomaet01
2000,NBA,ORL,Courtney Alexander,alexaco02
2000,NBA,DET,Mateen Cleaves,cleavma01
2000,NBA,MIL,Jason Collier,collija02
2000,NBA,SAC,Hedo Türkoğlu,turkohe01
2000,NBA,SEA,Desmond Mason,masonde01
2000,NBA,LAC,Quentin Richardson,richaqu01
2000,NBA,CHH,Jamaal Magloire,magloja01
2000,NBA,PHI,Speedy Claxton,claxtsp01
2000,NBA,TOR,Morris Peterson,petermo01
2000,NBA,NYK,Donnell Harvey,harvedo01
2000,NBA,UTA,DeShawn Stevenson,stevede01
2000,NBA,CHI,Dalibor Bagarić,bagarda01
2000,NBA,PHO,Jake Tsakalidis,tsakaja01
2000,NBA,DEN,Mamadou N'Diaye,ndiayma02
2000,NBA,IND,Primož Brezec,brezepr01
2000,NBA,POR,Erick Barkley,barkler01
2000,NBA,LAL,Mark Madsen,madsema01
2000,NBA,LAC,Marko Jarić,jaricma01
2000,NBA,DAL,Dan Langhi,langhda01
2000,NBA,CHI,A.J. Guyton,guytoaj01
2000,NBA,CHI,Jake Voskuhl,voskuja01
2000,NBA,CHI,Khalid El-Amin,elamikh01
2000,NBA,WAS,Mike Smith,smithmi03
2000,NBA,NJN,Soumaila Samake,samakso01
2000,NBA,MIA,Eddie House,houseed01
2000,NBA,HOU,Eduardo Nájera,najered01
2000,NBA,NYK,Lavor Postell,postela01
2000,NBA,ATL,Hanno Möttölä,mottoha01
2000,NBA,SAS,Chris Carrawell,carrach01
2000,NBA,SEA,Olumide Oyedeji,oyedeol01
2000,NBA,MIL,Michael Redd,reddmi01
2000,NBA,DET,Brian Cardinal,cardibr01
2000,NBA,SAC,Jabari Smith,smithja01
2000,NBA,TOR,DeeAndre Hulett,huletde01
2000,NBA,SEA,Josip Sesar,sesarjo01
2000,NBA,PHI,Mark Karcher,karchma01
2000,NBA,MIL,Jason Hart,hartja01
2000,NBA,UTA,Kaniel Dickens,dickeka01
2000,NBA,MIN,Igor Rakočević,rakocig01
2000,NBA,MIA,Ernest Brown,browner01
2000,NBA,DEN,Dan McClintock,mcclida01
2000,NBA,SAS,Cory Hightower,hightco01
2000,NBA,GSW,Chris Porter,portech01
2000,NBA,IND,Jaquay Walls,wallsja01
2000,NBA,ATL,Scoonie Penn,pennsc01
2000,NBA,DAL,Pete Mickeal,mickepe01
1999,NBA,CHI,Elton Brand,brandel01
1999,NBA,VAN,Steve Francis,francst01
1999,NBA,CHH,Baron Davis,davisba01
1999,NBA,LAC,Lamar Odom,odomla01
1999,NBA,TOR,Jonathan Bender,bendejo01
1999,NBA,MIN,Wally Szczerbiak,szczewa02
1999,NBA,WAS,Richard Hamilton,hamilri01
1999,NBA,CLE,Andre Miller,millean02
1999,NBA,PHO,Shawn Marion,mariosh01
1999,NBA,ATL,Jason Terry,terryja01
1999,NBA,CLE,Trajan Langdon,langdtr01
1999,NBA,TOR,Aleksandar Radojević,radojal01
1999,NBA,SEA,Corey Maggette,maggeco01
1999,NBA,MIN,William Avery,averywi01
1999,NBA,NYK,Frédéric Weis,weisfr01
1999,NBA,CHI,Metta World Peace,artesro01
1999,NBA,ATL,Cal Bowdler,bowdlca01
1999,NBA,DEN,James Posey,poseyja01
1999,NBA,UTA,Quincy Lewis,lewisqu01
1999,NBA,ATL,Dion Glover,glovedi01
1999,NBA,GSW,Jeff Foster,fosteje01
1999,NBA,HOU,Kenny Thomas,thomake01
1999,NBA,LAL,Devean George,georgde01
1999,NBA,UTA,Andrei Kirilenko,kirilan01
1999,NBA,MIA,Tim James,jamesti01
1999,NBA,IND,Vonteego Cummings,cummivo01
1999,NBA,ATL,Jumaine Jones,jonesju01
1999,NBA,UTA,Scott Padgett,padgesc01
1999,NBA,SAS,Leon Smith,smithle01
1999,NBA,LAL,John Celestand,celesjo01
1999,NBA,LAC,Rico Hill,hillri01
1999,NBA,CHI,Michael Ruffin,ruffimi01
1999,NBA,DEN,Chris Herren,herrech01
1999,NBA,NJN,Evan Eschmeyer,eschmev01
1999,NBA,WAS,Calvin Booth,boothca01
1999,NBA,DAL,Wang Zhizhi,zhizhwa01
1999,NBA,VAN,Obinna Ekezie,ekeziob01
1999,NBA,ORL,Laron Profit,profila01
1999,NBA,CLE,A.J. Bramlett,bramlaj01
1999,NBA,DAL,Gordan Giriček,giricgo01
1999,NBA,DEN,Francisco Elson,elsonfr01
1999,NBA,MIN,Louis Bullock,bullolo01
1999,NBA,CHH,Lee Nailon,nailole01
1999,NBA,HOU,Tyrone Washington,washity01
1999,NBA,SAC,Ryan Robertson,roberry01
1999,NBA,NYK,J.R. Koch,kochjr01
1999,NBA,PHI,Todd MacCulloch,maccuto01
1999,NBA,MIL,Galen Young,youngga01
1999,NBA,CHI,Lari Ketner,ketnela01
1999,NBA,HOU,Venson Hamilton,hamilve01
1999,NBA,VAN,Antwain Smith,smithan03
1999,NBA,POR,Roberto Bergersen,bergero01
1999,NBA,MIA,Rodney Buford,buforro01
1999,NBA,DET,Melvin Levett,levetme01
1999,NBA,BOS,Kris Clack,clackkr01
1999,NBA,GSW,Tim Young,youngti01
1999,NBA,SAS,Manu Ginóbili,ginobma01
1999,NBA,UTA,Eddie Lucas,lucased01
1998,NBA,LAC,Michael Olowokandi,olowomi01
1998,NBA,VAN,Mike Bibby,bibbymi01
1998,NBA,DEN,Raef LaFrentz,lafrera01
1998,NBA,TOR,Antawn Jamison,jamisan01
1998,NBA,GSW,Vince Carter,cartevi01
1998,NBA,DAL,Robert Traylor,traylro01
1998,NBA,SAC,Jason Williams,willija02
1998,NBA,PHI,Larry Hughes,hughela01
1998,NBA,MIL,Dirk Nowitzki,nowitdi01
1998,NBA,BOS,Paul Pierce,piercpa01
1998,NBA,DET,Bonzi Wells,wellsbo01
1998,NBA,ORL,Michael Doleac,doleami01
1998,NBA,ORL,Keon Clark,clarkke01
1998,NBA,HOU,Michael Dickerson,dickemi01
1998,NBA,ORL,Matt Harpring,harprma01
1998,NBA,HOU,Bryce Drew,drewbr01
1998,NBA,MIN,Rasho Nesterović,nestera01
1998,NBA,HOU,Mirsad Türkcan,turkcmi01
1998,NBA,MIL,Pat Garrity,garripa01
1998,NBA,ATL,Roshown McLeod,mcleoro01
1998,NBA,CHH,Ricky Davis,davisri01
1998,NBA,LAC,Brian Skinner,skinnbr01
1998,NBA,DEN,Tyronn Lue,luety01
1998,NBA,SAS,Felipe López,lopezfe01
1998,NBA,IND,Al Harrington,harrial01
1998,NBA,LAL,Sam Jacobson,jacobsa01
1998,NBA,SEA,Vladimir Stepania,stepavl01
1998,NBA,CHI,Corey Benjamin,benjaco01
1998,NBA,UTA,Nazr Mohammed,mohamna01
1998,NBA,DAL,Ansu Sesay,sesayan01
1998,NBA,LAL,Ruben Patterson,patteru01
1998,NBA,SEA,Rashard Lewis,lewisra02
1998,NBA,SEA,Jelani McCoy,mccoyje01
1998,NBA,CHI,Shammond Williams,willish01
1998,NBA,DAL,Bruno Šundov,sundobr01
1998,NBA,SAC,Jerome James,jamesje01
1998,NBA,PHI,Casey Shaw,shawca01
1998,NBA,NYK,DeMarco Johnson,johnsde02
1998,NBA,MIL,Rafer Alston,alstora01
1998,NBA,DET,Korleone Young,youngko01
1998,NBA,HOU,Cuttino Mobley,moblecu01
1998,NBA,ORL,Miles Simon,simonmi01
1998,NBA,WAS,Jahidi White,whiteja01
1998,NBA,NYK,Sean Marks,marksse01
1998,NBA,LAL,Toby Bailey,baileto01
1998,NBA,MIN,Andrae Patterson,pattean01
1998,NBA,TOR,Tyson Wheeler,wheelty01
1998,NBA,CLE,Ryan Stack,stackry01
1998,NBA,ATL,Cory Carr,carrco01
1998,NBA,CHH,Andrew Betts,bettsan01
1998,NBA,MIA,Corey Brewer,breweco02
1998,NBA,SAS,Derrick Dial,dialde01
1998,NBA,DAL,Greg Buckner,buckngr01
1998,NBA,DEN,Tremaine Fowlkes,fowlktr01
1998,NBA,DEN,Ryan Bowen,bowenry01
1998,NBA,VAN,J.R. Henderson,hendejr01
1998,NBA,UTA,Torraye Braggs,braggto01
1998,NBA,CHI,Maceo Baston,bastoma01
1997,NBA,SAS,Tim Duncan,duncati01
1997,NBA,PHI,Keith Van Horn,vanhoke01
1997,NBA,BOS,Chauncey Billups,billuch01
1997,NBA,VAN,Antonio Daniels,daniean01
1997,NBA,DEN,Tony Battie,battito01
1997,NBA,BOS,Ron Mercer,mercero01
1997,NBA,NJN,Tim Thomas,thomati01
1997,NBA,GSW,Adonal Foyle,foylead01
1997,NBA,TOR,Tracy McGrady,mcgratr01
1997,NBA,MIL,Danny Fortson,fortsda01
1997,NBA,SAC,Tariq Abdul-Wahad,abdulta01
1997,NBA,IND,Austin Croshere,croshau01
1997,NBA,CLE,Derek Anderson,anderde01
1997,NBA,LAC,Maurice Taylor,tayloma01
1997,NBA,DAL,Kelvin Cato,catoke01
1997,NBA,CLE,Brevin Knight,knighbr01
1997,NBA,ORL,Johnny Taylor,taylojo01
1997,NBA,POR,Chris Anstey,anstech01
1997,NBA,DET,Scot Pollard,pollasc01
1997,NBA,MIN,Paul Grant,grantpa01
1997,NBA,NJN,Anthony Parker,parkean01
1997,NBA,ATL,Ed Gray,grayed01
1997,NBA,SEA,Bobby Jackson,jacksbo01
1997,NBA,HOU,Rodrick Rhodes,rhodero01
1997,NBA,NYK,John Thomas,thomajo02
1997,NBA,MIA,Charles Smith,smithch04
1997,NBA,UTA,Jacque Vaughn,vaughja01
1997,NBA,CHI,Keith Booth,boothke01
1997,NBA,HOU,Serge Zwikker,zwikkse01
1997,NBA,MIA,Mark Sanford,sanfoma01
1997,NBA,DET,Charles O'Bannon,obannch01
1997,NBA,DEN,James Cotton,cottoja02
1997,NBA,PHI,Marko Milič,milicma01
1997,NBA,DAL,Bubba Wells,wellsbu01
1997,NBA,PHI,Kebu Stewart,stewake01
1997,NBA,PHI,James Collins,collija01
1997,NBA,GSW,Marc Jackson,jacksma02
1997,NBA,MIL,Jerald Honeycutt,honeyje01
1997,NBA,SAC,Anthony Johnson,johnsan02
1997,NBA,SEA,Eddie Elisma,elismed01
1997,NBA,DEN,Jason Lawson,lawsoja01
1997,NBA,PHO,Stephen Jackson,jacksst02
1997,NBA,MIN,Gordon Malone,malongo01
1997,NBA,CLE,Cedric Henderson,hendece02
1997,NBA,WAS,God Shammgod,shammgo01
1997,NBA,ORL,Eric Washington,washier01
1997,NBA,POR,Alvin Williams,willial02
1997,NBA,WAS,Predrag Drobnjak,drobnpr01
1997,NBA,ATL,Alain Digbeu,digbeal01
1997,NBA,ATL,Chris Crawford,crawfch01
1997,NBA,LAL,DeJuan Wheat,wheatde01
1997,NBA,VAN,C.J. Bruton,brutocj01
1997,NBA,LAL,Paul Rogers,rogerpa01
1997,NBA,SEA,Mark Blount,blounma01
1997,NBA,BOS,Ben Pepper,peppebe01
1997,NBA,UTA,Nate Erdmann,erdmana01
1997,NBA,CHI,Roberto Duenas,duenaro01
1996,NBA,PHI,Allen Iverson,iversal01
1996,NBA,TOR,Marcus Camby,cambyma01
1996,NBA,VAN,Shareef Abdur-Rahim,abdursh01
1996,NBA,MIL,Stephon Marbury,marbust01
1996,NBA,MIN,Ray Allen,allenra02
1996,NBA,BOS,Antoine Walker,walkean02
1996,NBA,LAC,Lorenzen Wright,wrighlo02
1996,NBA,NJN,Kerry Kittles,kittlke01
1996,NBA,DAL,Samaki Walker,walkesa01
1996,NBA,IND,Erick Dampier,dampier01
1996,NBA,GSW,Todd Fuller,fulleto02
1996,NBA,CLE,Vitaly Potapenko,potapvi01
1996,NBA,CHH,Kobe Bryant,bryanko01
1996,NBA,SAC,Peja Stojaković,stojape01
1996,NBA,PHO,Steve Nash,nashst01
1996,NBA,CHH,Tony Delk,delkto01
1996,NBA,POR,Jermaine O'Neal,onealje01
1996,NBA,NYK,John Wallace,wallajo01
1996,NBA,NYK,Walter McCarty,mccarwa01
1996,NBA,CLE,Zydrunas Ilgauskas,ilgauzy01
1996,NBA,NYK,Dontae' Jones,jonesdo01
1996,NBA,VAN,Roy Rogers,rogerro02
1996,NBA,DEN,Efthimios Rentzias,rentzef01
1996,NBA,LAL,Derek Fisher,fishede01
1996,NBA,UTA,Martin Müürsepp,muursma01
1996,NBA,DET,Jerome Williams,willije01
1996,NBA,ORL,Brian Evans,evansbr01
1996,NBA,ATL,Priest Lauderdale,laudepr01
1996,NBA,CHI,Travis Knight,knightr01
1996,NBA,HOU,Othella Harrington,harriot01
1996,NBA,PHI,Mark Hendrickson,hendrma01
1996,NBA,PHI,Ryan Minor,minorry01
1996,NBA,MIL,Moochie Norris,norrimo01
1996,NBA,DAL,Shawn Harvey,harvesh01
1996,NBA,SEA,Joseph Blair,blairjo02
1996,NBA,LAC,Doron Sheffer,sheffdo01
1996,NBA,DEN,Jeff McInnis,mcinnje01
1996,NBA,BOS,Steve Hamer,hamerst01
1996,NBA,PHO,Russ Millard,millaru01
1996,NBA,GSW,Marcus Mann,mannma01
1996,NBA,SAC,Jason Sasser,sasseja01
1996,NBA,HOU,Randy Livingston,livinra01
1996,NBA,PHO,Ben Davis,davisbe01
1996,NBA,CHH,Malik Rose,rosema01
1996,NBA,SEA,Joe Vogel,vogeljo01
1996,NBA,POR,Marcus Brown,brownma01
1996,NBA,SEA,Ron Riley,rileyro02
1996,NBA,PHI,Jamie Feick,feickja01
1996,NBA,ORL,Amal McCaskill,mccasam01
1996,NBA,HOU,Terrell Bell,bellte01
1996,NBA,VAN,Chris Robinson,robinch01
1996,NBA,IND,Mark Pope,popema01
1996,NBA,MIL,Jeff Nordgaard,nordgje01
1996,NBA,UTA,Shandon Anderson,andersh01
1996,NBA,WSB,Ronnie Henderson,hendero02
1996,NBA,CLE,Reggie Geary,gearyre01
1996,NBA,SEA,Drew Barry,barrydr01
1996,NBA,DAL,Darnell Robinson,robinda03
1995,NBA,GSW,Joe Smith,smithjo02
1995,NBA,LAC,Antonio McDyess,mcdyean01
1995,NBA,PHI,Jerry Stackhouse,stackje01
1995,NBA,WSB,Rasheed Wallace,wallara01
1995,NBA,MIN,Kevin Garnett,garneke01
1995,NBA,VAN,Bryant Reeves,reevebr01
1995,NBA,TOR,Damon Stoudamire,stoudda01
1995,NBA,POR,Shawn Respert,respesh01
1995,NBA,NJN,Ed O'Bannon,obanned01
1995,NBA,MIA,Kurt Thomas,thomaku01
1995,NBA,MIL,Gary Trent,trentga01
1995,NBA,DAL,Cherokee Parks,parksch02
1995,NBA,SAC,Corliss Williamson,willico02
1995,NBA,BOS,Eric Williams,willier01
1995,NBA,DEN,Brent Barry,barrybr01
1995,NBA,ATL,Alan Henderson,hendeal01
1995,NBA,CLE,Bob Sura,surabo01
1995,NBA,DET,Theo Ratliff,ratlith01
1995,NBA,DET,Randolph Childress,childra01
1995,NBA,CHI,Jason Caffey,caffeja01
1995,NBA,PHO,Michael Finley,finlemi01
1995,NBA,CHH,George Zídek,zidekge01
1995,NBA,IND,Travis Best,besttr01
1995,NBA,DAL,Loren Meyer,meyerlo01
1995,NBA,ORL,David Vaughn,vaughda02
1995,NBA,SEA,Sherell Ford,fordsh01
1995,NBA,PHO,Mario Bennett,bennema01
1995,NBA,UTA,Greg Ostertag,ostergr01
1995,NBA,SAS,Cory Alexander,alexaco01
1995,NBA,DET,Lou Roe,roelo01
1995,NBA,CHI,Dragan Tarlać,tarladr01
1995,NBA,WSB,Terrence Rencher,renchte01
1995,NBA,BOS,Junior Burrough,burroju01
1995,NBA,GSW,Andrew DeClercq,declean01
1995,NBA,TOR,Jimmy King,kingji02
1995,NBA,VAN,Lawrence Moten,motenla01
1995,NBA,LAL,Frankie King,kingfr01
1995,NBA,MIL,Rashard Griffith,griffra01
1995,NBA,CLE,Donny Marshall,marshdo02
1995,NBA,GSW,Dwayne Whitfield,whitfdw01
1995,NBA,HOU,Erik Meek,meeker01
1995,NBA,ATL,Donnie Boyce,boycedo01
1995,NBA,MIL,Eric Snow,snower01
1995,NBA,DEN,Anthony Pelle,pellean01
1995,NBA,ATL,Troy Brown,browntr02
1995,NBA,MIA,George Banks,banksge02
1995,NBA,SAC,Tyus Edney,edneyty01
1995,NBA,MIN,Mark Davis,davisma02
1995,NBA,MIN,Jerome Allen,allenje01
1995,NBA,GSW,Martin Lewis,lewisma01
1995,NBA,SAC,Dejan Bodiroga,bodirde01
1995,NBA,IND,Fred Hoiberg,hoibefr01
1995,NBA,LAC,Constantin Popa,popaco01
1995,NBA,SEA,Eurelijus Žukauskas,zukauau01
1995,NBA,GSW,Michael McDonald,mcdonmi01
1995,NBA,PHO,Chris Carr,carrch01
1995,NBA,ATL,Cuonzo Martin,marticu01
1995,NBA,DET,Don Reid,reiddo01
1994,NBA,MIL,Glenn Robinson,robingl01
1994,NBA,DAL,Jason Kidd,kiddja01
1994,NBA,DET,Grant Hill,hillgr01
1994,NBA,MIN,Donyell Marshall,marshdo01
1994,NBA,WSB,Juwan Howard,howarju01
1994,NBA,PHI,Sharone Wright,wrighsh01
1994,NBA,LAC,Lamond Murray,murrala01
1994,NBA,SAC,Brian Grant,grantbr01
1994,NBA,BOS,Eric Montross,montrer01
1994,NBA,LAL,Eddie Jones,jonesed02
1994,NBA,SEA,Carlos Rogers,rogerca01
1994,NBA,MIA,Khalid Reeves,reevekh01
1994,NBA,DEN,Jalen Rose,roseja01
1994,NBA,NJN,Yinka Dare,dareyi01
1994,NBA,IND,Eric Piatkowski,piatker01
1994,NBA,GSW,Clifford Rozier,roziecl01
1994,NBA,POR,Aaron McKie,mckieaa01
1994,NBA,MIL,Eric Mobley,mobleer01
1994,NBA,DAL,Tony Dumas,dumasto01
1994,NBA,PHI,B.J. Tyler,tylerbj01
1994,NBA,CHI,Dickey Simpkins,simpkdi01
1994,NBA,SAS,Bill Curley,curlebi01
1994,NBA,PHO,Wesley Person,persowe01
1994,NBA,NYK,Monty Williams,willimo01
1994,NBA,LAC,Greg Minor,minorgr01
1994,NBA,NYK,Charlie Ward,wardch01
1994,NBA,ORL,Brooks Thompson,thompbr01
1994,NBA,DAL,Deon Thomas,thomade02
1994,NBA,PHO,Antonio Lang,langan02
1994,NBA,MIN,Howard Eisley,eisleho01
1994,NBA,ORL,Rodney Dent,dentro01
1994,NBA,WSB,Jim McIlvaine,mcilvji01
1994,NBA,PHI,Derrick Alston,alstode01
1994,NBA,ATL,Gaylon Nickerson,nickega01
1994,NBA,SAC,Michael Smith,smithmi02
1994,NBA,BOS,Andrei Fetisov,fetisan01
1994,NBA,SEA,Dontonio Wingfield,wingfdo01
1994,NBA,CHH,Darrin Hancock,hancoda01
1994,NBA,GSW,Anthony Miller,millean01
1994,NBA,MIA,Jeff Webster,webstje01
1994,NBA,IND,William Njoku,njokuwi01
1994,NBA,CLE,Gary Collier,colliga01
1994,NBA,POR,Shawnelle Scott,scottsh01
1994,NBA,IND,Damon Bailey,baileda01
1994,NBA,GSW,Dwayne Morton,mortodw01
1994,NBA,MIL,Voshon Lenard,lenarvo01
1994,NBA,UTA,Jamie Watson,watsoja01
1994,NBA,DET,Jevon Crudup,cruduje01
1994,NBA,CHI,Kris Bruton,brutokr01
1994,NBA,PHO,Charles Claxton,claxtch01
1994,NBA,SAC,Lawrence Funderburke,fundela01
1994,NBA,PHO,Anthony Goldwire,goldwan01
1994,NBA,HOU,Albert Burditt,burdial01
1994,NBA,SEA,Željko Rebrača,rebraze01
1993,NBA,ORL,Chris Webber,webbech01
1993,NBA,PHI,Shawn Bradley,bradlsh01
1993,NBA,GSW,Anfernee Hardaway,hardaan01
1993,NBA,DAL,Jamal Mashburn,mashbja01
1993,NBA,MIN,Isaiah Rider,rideris01
1993,NBA,WSB,Calbert Cheaney,cheanca01
1993,NBA,SAC,Bobby Hurley,hurlebo01
1993,NBA,MIL,Vin Baker,bakervi01
1993,NBA,DEN,Rodney Rogers,rogerro01
1993,NBA,DET,Lindsey Hunter,hunteli01
1993,NBA,DET,Allan Houston,houstal01
1993,NBA,LAL,George Lynch,lynchge01
1993,NBA,LAC,Terry Dehere,deherte01
1993,NBA,IND,Scott Haskin,haskisc01
1993,NBA,ATL,Doug Edwards,edwardo01
1993,NBA,NJN,Rex Walters,waltere01
1993,NBA,CHH,Greg Graham,grahagr01
1993,NBA,UTA,Luther Wright,wrighlu01
1993,NBA,BOS,Acie Earl,earlac01
1993,NBA,CHH,Scott Burrell,burresc01
1993,NBA,POR,James Robinson,robinja02
1993,NBA,CLE,Chris Mills,millsch01
1993,NBA,SEA,Ervin Johnson,johnser02
1993,NBA,HOU,Sam Cassell,cassesa01
1993,NBA,CHI,Corie Blount,blounco01
1993,NBA,ORL,Geert Hammink,hammige01
1993,NBA,PHO,Malcolm Mackey,mackema01
1993,NBA,DAL,Lucious Harris,harrilu01
1993,NBA,MIN,Sherron Mills,millssh01
1993,NBA,WSB,Gheorghe Mureșan,muresgh01
1993,NBA,SAC,Evers Burns,burnsev01
1993,NBA,PHI,Alphonso Ford,fordal01
1993,NBA,DAL,Eric Riley,rileyer01
1993,NBA,GSW,Darnell Mee,meeda01
1993,NBA,MIA,Ed Stokes,stokeed01
1993,NBA,NJN,John Best,bestjo01
1993,NBA,LAL,Nick Van Exel,vanexni01
1993,NBA,WSB,Conrad McRae,mcraeco01
1993,NBA,IND,Thomas Hill,hillth01
1993,NBA,ATL,Rich Manning,manniri01
1993,NBA,CHI,Anthony Reed,reedan01
1993,NBA,SEA,Adonis Jordan,jordaad01
1993,NBA,DEN,Josh Grant,grantjo01
1993,NBA,SAC,Alex Holcombe,holcoal01
1993,NBA,UTA,Bryon Russell,russebr01
1993,NBA,HOU,Richard Petruška,petruri01
1993,NBA,SAS,Chris Whitney,whitnch01
1993,NBA,POR,Kevin Thompson,thompke01
1993,NBA,PHO,Mark Buford,buforma01
1993,NBA,HOU,Marcelo Nicola,nicolma01
1993,NBA,IND,Spencer Dunkley,dunklsp01
1993,NBA,SAC,Mike Peplowski,peplomi01
1993,NBA,LAC,Leonard White,whitele01
1993,NBA,PHO,Byron Wilson,wilsoby01
1992,NBA,ORL,Shaquille O'Neal,onealsh01
1992,NBA,CHH,Alonzo Mourning,mournal01
1992,NBA,MIN,Christian Laettner,laettch01
1992,NBA,DAL,Jim Jackson,jacksji01
1992,NBA,DEN,LaPhonso Ellis,ellisla01
1992,NBA,WSB,Tom Gugliotta,guglito01
1992,NBA,SAC,Walt Williams,williwa02
1992,NBA,MIL,Todd Day,dayto01
1992,NBA,PHI,Clarence Weatherspoon,weathcl01
1992,NBA,ATL,Adam Keefe,keefead01
1992,NBA,HOU,Robert Horry,horryro01
1992,NBA,MIA,Harold Miner,minerha01
1992,NBA,DEN,Bryant Stith,stithbr01
1992,NBA,IND,Malik Sealy,sealyma01
1992,NBA,LAL,Anthony Peeler,peelean01
1992,NBA,LAC,Randy Woods,woodsra01
1992,NBA,SEA,Doug Christie,chrisdo01
1992,NBA,SAS,Tracy Murray,murratr01
1992,NBA,DET,Don MacLean,macledo01
1992,NBA,NYK,Hubert Davis,davishu01
1992,NBA,BOS,Jon Barry,barryjo01
1992,NBA,PHO,Oliver Miller,milleol01
1992,NBA,MIL,Lee Mayberry,maybele01
1992,NBA,GSW,Latrell Sprewell,sprewla01
1992,NBA,LAC,Elmore Spencer,spencel01
1992,NBA,POR,Dave Johnson,johnsda01
1992,NBA,CHI,Byron Houston,houstby01
1992,NBA,MIN,Marlon Maxey,maxeyma01
1992,NBA,NJN,P.J. Brown,brownpj01
1992,NBA,DAL,Sean Rooks,rooksse01
1992,NBA,POR,Reggie Smith,smithre01
1992,NBA,WSB,Brent Price,pricebr01
1992,NBA,CHI,Corey Williams,willico01
1992,NBA,MIN,Chris Smith,smithch03
1992,NBA,CHH,Tony Bennett,benneto01
1992,NBA,LAL,Duane Cooper,coopedu01
1992,NBA,MIA,Isaiah Morris,morriis01
1992,NBA,ATL,Elmer Bennett,benneel01
1992,NBA,CHI,Litterial Green,greenli01
1992,NBA,NJN,Steve Rogers,rogerst01
1992,NBA,HOU,Popeye Jones,jonespo01
1992,NBA,MIA,Matt Geiger,geigema01
1992,NBA,GSW,Sasha Danilović,danilsa01
1992,NBA,SAS,Henry Williams,willihe02
1992,NBA,SEA,Chris King,kingch01
1992,NBA,DEN,Robert Werdann,werdaro01
1992,NBA,BOS,Darren Morningstar,mornida01
1992,NBA,PHO,Brian Davis,davisbr02
1992,NBA,PHO,Ron Ellis,ellisro01
1992,NBA,GSW,Matt Fish,fishma01
1992,NBA,MIN,Tim Burroughs,burroti01
1992,NBA,CHI,Matt Steigenga,steigma01
1992,NBA,HOU,Curtis Blair,blaircu01
1992,NBA,SAC,Brett Roberts,roberbr02
1991,NBA,CHH,Larry Johnson,johnsla02
1991,NBA,NJN,Kenny Anderson,anderke01
1991,NBA,SAC,Billy Owens,owensbi01
1991,NBA,DEN,Dikembe Mutombo,mutomdi01
1991,NBA,MIA,Steve Smith,smithst01
1991,NBA,DAL,Doug Smith,smithdo03
1991,NBA,MIN,Luc Longley,longllu01
1991,NBA,DEN,Mark Macon,maconma01
1991,NBA,ATL,Stacey Augmon,augmost01
1991,NBA,ORL,Bison Dele,delebi01
1991,NBA,CLE,Terrell Brandon,brandte01
1991,NBA,NYK,Greg Anthony,anthogr01
1991,NBA,IND,Dale Davis,davisda01
1991,NBA,SEA,Rich King,kingri01
1991,NBA,ATL,Anthony Avent,aventan01
1991,NBA,GSW,Chris Gatling,gatlich01
1991,NBA,GSW,Victor Alexander,alexavi01
1991,NBA,MIL,Kevin Brooks,brookke01
1991,NBA,WSB,LaBradford Smith,smithla02
1991,NBA,HOU,John Turner,turnejo01
1991,NBA,UTA,Eric Murdock,murdoer01
1991,NBA,LAC,LeRon Ellis,ellisle02
1991,NBA,ORL,Stanley Roberts,roberst01
1991,NBA,BOS,Rick Fox,foxri01
1991,NBA,GSW,Shaun Vandiver,vandish01
1991,NBA,CHI,Mark Randall,randama01
1991,NBA,SAC,Pete Chilcutt,chilcpe01
1991,NBA,CHH,Kevin Lynch,lynchke01
1991,NBA,MIA,George Ackles,acklege01
1991,NBA,ATL,Rodney Monroe,monroro01
1991,NBA,SAC,Randy Brown,brownra02
1991,NBA,PHO,Chad Gallagher,gallach01
1991,NBA,DAL,Donald Hodge,hodgedo01
1991,NBA,MIN,Myron Brown,brownmy01
1991,NBA,DAL,Mike Iuzzolino,iuzzomi01
1991,NBA,ORL,Chris Corchiani,corchch01
1991,NBA,LAC,Elliot Perry,perryel01
1991,NBA,LAC,Joe Wylie,wyliejo01
1991,NBA,CLE,Jimmy Oliver,oliveji01
1991,NBA,DET,Doug Overton,overtdo01
1991,NBA,IND,Sean Green,greense01
1991,NBA,SAC,Steve Hood,hoodst01
1991,NBA,GSW,Lamont Strothers,strotla01
1991,NBA,PHI,Alvaro Teheran,teheral01
1991,NBA,MIL,Bobby Phills,phillbo01
1991,NBA,PHO,Richard Dumas,dumasri02
1991,NBA,HOU,Keith Hughes,hugheke02
1991,NBA,UTA,Isaac Austin,austiis01
1991,NBA,SAS,Greg Sutton,suttogr01
1991,NBA,PHO,Joey Wright,wrighjo02
1991,NBA,HOU,Žan Tabak,tabakza01
1991,NBA,LAL,Anthony Jones,jonesan02
1991,NBA,NJN,Von McDade,mcdadvo01
1991,NBA,POR,Marcus Kennedy,kennema01
1990,NBA,NJN,Derrick Coleman,colemde01
1990,NBA,SEA,Gary Payton,paytoga01
1990,NBA,DEN,Mahmoud Abdul-Rauf,abdulma02
1990,NBA,ORL,Dennis Scott,scottde01
1990,NBA,CHH,Kendall Gill,gillke01
1990,NBA,MIN,Felton Spencer,spencfe01
1990,NBA,SAC,Lionel Simmons,simmoli01
1990,NBA,LAC,Bo Kimble,kimblbo01
1990,NBA,MIA,Willie Burton,burtowi01
1990,NBA,ATL,Rumeal Robinson,robinru01
1990,NBA,GSW,Tyrone Hill,hillty01
1990,NBA,HOU,Alec Kessler,kesslal01
1990,NBA,LAC,Loy Vaught,vaughlo01
1990,NBA,SAC,Travis Mays,maystr01
1990,NBA,MIA,Dave Jamerson,jamerda01
1990,NBA,MIL,Terry Mills,millste01
1990,NBA,NYK,Jerrod Mustaf,mustaje01
1990,NBA,SAC,Duane Causwell,causwdu01
1990,NBA,BOS,Dee Brown,brownde01
1990,NBA,MIN,Gerald Glass,glassge01
1990,NBA,PHO,Jayson Williams,willija01
1990,NBA,NJN,Tate George,georgta01
1990,NBA,SAC,Anthony Bonner,bonnean01
1990,NBA,SAS,Dwayne Schintzius,schindw01
1990,NBA,POR,Alaa Abdelnaby,abdelal01
1990,NBA,DET,Lance Blanks,blankla01
1990,NBA,LAL,Elden Campbell,campbel01
1990,NBA,GSW,Les Jepsen,jepsele01
1990,NBA,CHI,Toni Kukoč,kukocto01
1990,NBA,MIA,Carl Herrera,herreca01
1990,NBA,PHO,Negele Knight,knighne01
1990,NBA,PHI,Brian Oliver,olivebr01
1990,NBA,UTA,Walter Palmer,palmewa01
1990,NBA,GSW,Kevin Pritchard,pritcke01
1990,NBA,WSB,Greg Foster,fostegr01
1990,NBA,ATL,Trevor Wilson,wilsotr01
1990,NBA,WSB,A.J. English,engliaj01
1990,NBA,SEA,Jud Buechler,buechju01
1990,NBA,CHH,Steve Scheffler,schefst01
1990,NBA,SAC,Bimbo Coles,colesbi01
1990,NBA,ATL,Steve Bardo,bardost01
1990,NBA,DEN,Marcus Liberty,liberma01
1990,NBA,SAS,Tony Massenburg,masseto01
1990,NBA,MIL,Steve Henson,hensost01
1990,NBA,IND,Antonio Davis,davisan01
1990,NBA,IND,Kenny Williams,willike03
1990,NBA,PHI,Derek Strong,stronde01
1990,NBA,PHO,Cedric Ceballos,cebalce01
1990,NBA,DAL,Phil Henderson,hendeph01
1990,NBA,PHO,Miloš Babić,babicmi01
1990,NBA,LAL,Tony Smith,smithto02
1990,NBA,CLE,Stefano Rusconi,ruscost01
1990,NBA,SEA,Abdul Shamsid-Deen,shamsab01
1990,NBA,SAS,Sean Higgins,higgise01
1989,NBA,SAC,Pervis Ellison,ellispe01
1989,NBA,LAC,Danny Ferry,ferryda01
1989,NBA,SAS,Sean Elliott,elliose01
1989,NBA,MIA,Glen Rice,ricegl01
1989,NBA,CHH,J.R. Reid,reidjr01
1989,NBA,CHI,Stacey King,kingst01
1989,NBA,IND,George McCloud,mccloge01
1989,NBA,DAL,Randy White,whitera01
1989,NBA,WSB,Tom Hammonds,hammoto01
1989,NBA,MIN,Pooh Richardson,richapo01
1989,NBA,ORL,Nick Anderson,anderni01
1989,NBA,NJN,Mookie Blaylock,blaylmo01
1989,NBA,BOS,Michael Smith,smithmi01
1989,NBA,GSW,Tim Hardaway,hardati01
1989,NBA,DEN,Todd Lichti,lichtto01
1989,NBA,SEA,Dana Barros,barroda01
1989,NBA,SEA,Shawn Kemp,kempsh01
1989,NBA,CHI,B.J. Armstrong,armstbj01
1989,NBA,PHI,Kenny Payne,payneke01
1989,NBA,CHI,Jeff Sanders,sandeje01
1989,NBA,UTA,Blue Edwards,edwarbl01
1989,NBA,POR,Byron Irvin,irvinby01
1989,NBA,ATL,Roy Marble,marblro01
1989,NBA,PHO,Anthony Cook,cookan01
1989,NBA,CLE,John Morton,mortojo01
1989,NBA,LAL,Vlade Divac,divacvl01
1989,NBA,DET,Kenny Battle,battlke01
1989,NBA,MIA,Sherman Douglas,douglsh01
1989,NBA,CHH,Dyron Nix,nixdy01
1989,NBA,MIL,Frank Kornet,kornefr01
1989,NBA,LAC,Jeff Martin,martije01
1989,NBA,NJN,Stanley Brundy,brundst01
1989,NBA,LAC,Jay Edwards,edwarja02
1989,NBA,MIN,Gary Leonard,leonaga01
1989,NBA,DAL,Pat Durham,durhapa01
1989,NBA,POR,Clifford Robinson,robincl02
1989,NBA,ORL,Michael Ansley,anslemi01
1989,NBA,MIN,Doug West,westdo01
1989,NBA,WSB,Ed Horton,hortoed01
1989,NBA,BOS,Dino Radja,radjadi01
1989,NBA,WSB,Doug Roth,rothdo01
1989,NBA,DEN,Michael Cutright,cutrimi01
1989,NBA,CLE,Chucky Brown,brownch01
1989,NBA,PHI,Reggie Cross,crossre01
1989,NBA,MIA,Scott Haffner,haffnsc01
1989,NBA,PHO,Ricky Blanton,blantri01
1989,NBA,DEN,Reggie Turner,turnere01
1989,NBA,UTA,Junie Lewis,lewisju01
1989,NBA,ATL,Haywoode Workman,workmha01
1989,NBA,NYK,Brian Quinnett,quinnbr01
1989,NBA,PHO,Mike Morrison,morrimi01
1989,NBA,PHO,Greg Grant,grantgr01
1989,NBA,DAL,Jeff Hodge,hodgeje01
1989,NBA,PHI,Toney Mack,mackto01
1988,NBA,LAC,Danny Manning,mannida01
1988,NBA,IND,Rik Smits,smitsri01
1988,NBA,PHI,Charles Smith,smithch01
1988,NBA,NJN,Chris Morris,morrich01
1988,NBA,GSW,Mitch Richmond,richmmi01
1988,NBA,LAC,Hersey Hawkins,hawkihe01
1988,NBA,PHO,Tim Perry,perryti01
1988,NBA,CHH,Rex Chapman,chapmre01
1988,NBA,MIA,Rony Seikaly,seikaro01
1988,NBA,SAS,Willie Anderson,anderwi01
1988,NBA,CHI,Will Perdue,perduwi01
1988,NBA,WSB,Harvey Grant,grantha01
1988,NBA,MIL,Jeff Grayer,grayeje01
1988,NBA,PHO,Dan Majerle,majerda01
1988,NBA,SEA,Gary Grant,grantga01
1988,NBA,HOU,Derrick Chievous,chievde01
1988,NBA,UTA,Eric Leckner,leckner01
1988,NBA,SAC,Ricky Berry,berryri01
1988,NBA,NYK,Rod Strickland,stricro02
1988,NBA,MIA,Kevin Edwards,edwarke01
1988,NBA,POR,Mark Bryant,bryanma01
1988,NBA,CLE,Randolph Keys,keysra01
1988,NBA,DEN,Jerome Lane,laneje01
1988,NBA,BOS,Brian Shaw,shawbr01
1988,NBA,LAL,David Rivers,riverda01
1988,NBA,POR,Rolando Ferreira,ferrero01
1988,NBA,SAS,Shelton Jones,jonessh01
1988,NBA,PHO,Andrew Lang,langan01
1988,NBA,SAC,Vinny Del Negro,delnevi01
1988,NBA,DET,Fennis Dembo,dembofe01
1988,NBA,PHI,Everette Stephens,stephev01
1988,NBA,NJN,Charles Shackleford,shackch01
1988,NBA,MIA,Grant Long,longgr01
1988,NBA,CHH,Tom Tolbert,tolbeto01
1988,NBA,MIA,Sylvester Gray,graysy01
1988,NBA,WSB,Ledell Eackles,eacklle01
1988,NBA,NYK,Greg Butler,butlegr01
1988,NBA,PHO,Dean Garrett,garrede01
1988,NBA,MIL,Tito Horford,horfoti01
1988,NBA,MIA,Orlando Graham,grahaor01
1988,NBA,GSW,Keith Smart,smartke01
1988,NBA,UTA,Jeff Moe,moeje01
1988,NBA,DEN,Todd Mitchell,mitchto01
1988,NBA,ATL,Anthony Taylor,tayloan01
1988,NBA,LAC,Tom Garrick,garrito01
1988,NBA,DAL,Morlon Wiley,wileymo01
1988,NBA,DEN,Vernon Maxwell,maxweve01
1988,NBA,DET,Micheal Williams,willimi02
1988,NBA,DAL,José Vargas,vargajo01
1988,NBA,PHO,Steve Kerr,kerrst01
1988,NBA,LAC,Rob Lock,lockro01
1988,NBA,NJN,Derrek Hamilton,hamilde02
1988,NBA,POR,Anthony Mason,masonan01
1988,NBA,ATL,Jorge Gonzalez,gonzajo01
1988,NBA,PHO,Rodney Johns,johnsro07
1988,NBA,SAS,Barry Sumpter,sumptba01
1988,NBA,PHI,Hernán Montenegro,montehe01
1988,NBA,CHH,Jeff Moore,mooreje01
1988,NBA,MIA,Nate Johnston,johnsna01
1988,NBA,WSB,Ed Davender,davened01
1988,NBA,IND,Herbert Crook,crookhe01
1988,NBA,CHI,Derrick Lewis,lewisde01
1988,NBA,MIL,Mike Jones,jonesmi01
1988,NBA,CLE,Winston Bennett,bennewi01
1988,NBA,SEA,Corey Gaines,gaineco01
1988,NBA,DEN,Dwight Boyd,boyddw01
1988,NBA,UTA,Ricky Grace,graceri01
1988,NBA,ATL,Darryl Middleton,middlda01
1988,NBA,NYK,Phil Stinnie,stinnph01
1988,NBA,DAL,Jerry Johnson,johnsje01
1988,NBA,POR,Craig Neal,nealcr01
1988,NBA,DET,Lee Johnson,johnsle04
1988,NBA,IND,Michael Anderson,andermi01
1988,NBA,BOS,Gerald Paddio,paddige01
1988,NBA,SAS,Archie Marshall,marshar01
1987,NBA,SAS,David Robinson,robinda01
1987,NBA,PHO,Armen Gilliam,gilliar01
1987,NBA,NJN,Dennis Hopson,hopsode01
1987,NBA,LAC,Reggie Williams,willire01
1987,NBA,SEA,Scottie Pippen,pippesc01
1987,NBA,SAC,Kenny Smith,smithke01
1987,NBA,CLE,Kevin Johnson,johnske02
1987,NBA,CHI,Olden Polynice,polynol01
1987,NBA,SEA,Derrick McKey,mckeyde01
1987,NBA,CHI,Horace Grant,grantho01
1987,NBA,IND,Reggie Miller,millere01
1987,NBA,WSB,Muggsy Bogues,boguemu01
1987,NBA,LAC,Joe Wolf,wolfjo01
1987,NBA,GSW,Tellis Frank,frankte01
1987,NBA,UTA,José Ortiz,ortizjo01
1987,NBA,PHI,Chris Welp,welpch01
1987,NBA,POR,Ronnie Murphy,murphro01
1987,NBA,NYK,Mark Jackson,jacksma01
1987,NBA,LAC,Ken Norman,normake01
1987,NBA,DAL,Jim Farmer,farmeji01
1987,NBA,ATL,Dallas Comegys,comegda01
1987,NBA,BOS,Reggie Lewis,lewisre01
1987,NBA,SAS,Greg Anderson,andergr01
1987,NBA,DET,Freddie Banks,banksfr01
1987,NBA,NYK,Ron Moore,moorero01
1987,NBA,DAL,Steve Alford,alforst01
1987,NBA,SAS,Nate Blackwell,blackna01
1987,NBA,CHI,Rickie Winslow,winslri01
1987,NBA,POR,Lester Fonville,fonvile01
1987,NBA,POR,Nikita Wilson,wilsoni01
1987,NBA,DEN,Andre Moore,moorean01
1987,NBA,MIL,Bob McCann,mccanbo01
1987,NBA,CHI,Tony White,whiteto01
1987,NBA,IND,Brian Rowsom,rowsobr01
1987,NBA,HOU,Doug Lee,leedo01
1987,NBA,WSB,Duane Washington,washidu01
1987,NBA,WSB,Derrick Dowell,dowelde01
1987,NBA,LAC,Norris Coleman,colemno01
1987,NBA,PHI,Vincent Askew,askewvi01
1987,NBA,MIL,Winston Garland,garlawi01
1987,NBA,CLE,Kannard Johnson,johnska01
1987,NBA,ATL,Terrance Bailey,bailete01
1987,NBA,PHI,Andrew Kennedy,kennean01
1987,NBA,ATL,Terry Coner,conerte01
1987,NBA,BOS,Brad Lohaus,lohaubr01
1987,NBA,PHO,Bruce Dalrymple,dalrybr01
1987,NBA,LAC,Tim McCalister,mccalti01
1987,NBA,NJN,Jamie Waller,walleja01
1987,NBA,NYK,Jerome Batiste,batisje01
1987,NBA,SAS,Phil Zevenbergen,zevenph01
1987,NBA,SAC,Sven Meyer,myersv01
1987,NBA,CLE,Donald Royal,royaldo01
1987,NBA,PHO,Winston Crite,critewi01
1987,NBA,DEN,Tom Schafer,schafto01
1987,NBA,SEA,Tommy Amaker,amaketo01
1987,NBA,CHI,John Fox,foxjo01
1987,NBA,PHI,Hansi Gnad,gnadha01
1987,NBA,GSW,Darryl Johnson,johnsda02
1987,NBA,WSB,Danny Pearson,pearsda01
1987,NBA,IND,Sean Couch,couchse01
1987,NBA,UTA,Clarence Martin,marticl01
1987,NBA,PHI,Eric Riggins,riggier01
1987,NBA,POR,Kevin Gamble,gamblke01
1987,NBA,MIL,J. J. Weber,weberjj01
1987,NBA,DET,Eric White,whiteer01
1987,NBA,DAL,Mike Richmond,richmmi02
1987,NBA,ATL,Song Tao,taoso01
1987,NBA,UTA,Billy Donovan,donovbi01
1987,NBA,LAL,Willie Glass,glasswi01
1987,NBA,BOS,Tom Sheehey,sheehto01
1987,NBA,NYK,Mike Morgan,morgami01
1987,NBA,NJN,Andrew Moten,motenan01
1987,NBA,SAS,Todd May,mayto01
1987,NBA,SAC,Joe Arlauckas,arlaujo01
1987,NBA,CLE,Chris Dudley,dudlech02
1987,NBA,PHO,Steve Beck,beckst01
1987,NBA,DEN,David Boone,booneda01
1987,NBA,SEA,Todd Linder,lindeto01
1987,NBA,CHI,Jack Haley,haleyja01
1987,NBA,CLE,Carven Holcombe,holcoca01
1987,NBA,WSB,Scott Thompson,thompsc02
1987,NBA,HOU,Joe Niego,niegojo01
1987,NBA,GSW,Bennie Bolton,boltobe01
1987,NBA,UTA,Reuben Holmes,holmere01
1987,NBA,PHI,Brian Rahilly,rahilbr01
1987,NBA,POR,Norwood Barber,barbeno01
1987,NBA,MIL,Darryl Bedford,bedfoda01
1987,NBA,DET,Dave Popson,popsoda01
1987,NBA,DAL,David Johnson,johnsda06
1987,NBA,ATL,Theofanis Christodoulou,christh01
1987,NBA,BOS,Darryl Kennedy,kenneda02
1987,NBA,LAL,Ralph Tally,tallyra01
1987,NBA,LAC,Chad Kessler,kesslch01
1987,NBA,NJN,James Blackmon,blackja03
1987,NBA,NYK,Glen Clem,clemgl01
1987,NBA,SAS,Dennis Willliams,willide05
1987,NBA,SAC,Vernon Carr,carrve01
1987,NBA,CLE,Carl Lott,lottca01
1987,NBA,PHO,Brent Counts,countbr01
1987,NBA,DEN,Ron Grandison,grandro01
1987,NBA,SEA,Michael Tait,taitmi01
1987,NBA,CHI,Anthony Wilson,wilsoan01
1987,NBA,IND,Mike Milling,millimi02
1987,NBA,HOU,Andre LaFleur,laflean01
1987,NBA,GSW,Terry Williams,willite03
1987,NBA,WSB,Patrick Fairs,fairspa01
1987,NBA,UTA,Bart Kofoed,kofoeba01
1987,NBA,PHI,Frank Ross,rossfr01
1987,NBA,POR,David Moss,mossda01
1987,NBA,MIL,Brian Vaughns,vaughbr01
1987,NBA,DET,Gerry Wright,wrighge01
1987,NBA,DAL,Sam Hill,hillsa01
1987,NBA,ATL,Jose Antonio Montero,montejo01
1987,NBA,BOS,Dave Butler,butleda02
1987,NBA,LAL,Kenny Travis,travike01
1987,NBA,LAC,Martin Nessley,nesslma01
1987,NBA,NYK,Howard Triche,trichho01
1987,NBA,NJN,Perry Bromwell,bromwpe01
1987,NBA,SAS,Ricky Brown,brownri04
1987,NBA,SAC,Daryl Thomas,thomada01
1987,NBA,CLE,Harold Jensen,jenseha01
1987,NBA,PHO,Marcel Boyce,boycema01
1987,NBA,DEN,Kelvin Scarborough,scarbke01
1987,NBA,SEA,Tom Gneiting,gneitto01
1987,NBA,CHI,Doug Altenberger,altendo01
1987,NBA,IND,Gary Graham,grahaga01
1987,NBA,GSW,Šarūnas Marčiulionis,marcisa01
1987,NBA,WSB,Dwayne Scholten,scholdw01
1987,NBA,HOU,Fred Jenkins,jenkifr01
1987,NBA,UTA,Art Sabb,sabbar01
1987,NBA,PHI,Tracy Foster,fostetr01
1987,NBA,POR,Bernard Jackson,johnsbe01
1987,NBA,MIL,Gay Elmore,elmorga01
1987,NBA,DET,Antoine Joubert,joubean01
1987,NBA,DAL,Quintan Gates,gatesqu01
1987,NBA,ATL,Riccardo Morandotti,moranri01
1987,NBA,BOS,Tim Naegeli,naegeti01
1987,NBA,LAL,Frank Ford,fordfr01
1987,NBA,LAC,Henry Carr,carrhe01
1987,NBA,NJN,Frank Booker,bookefr01
1987,NBA,NYK,Wayne Williams,williwa04
1987,NBA,SAS,Raynard Davis,davisra02
1987,NBA,SAC,Scott Adubato,adubasc01
1987,NBA,CLE,Michael Foster,fostemi01
1987,NBA,PHO,Roy Singleton,singlro01
1987,NBA,DEN,Rowan Gomes,gomesro01
1987,NBA,SEA,Mike Giomi,giomimi01
1987,NBA,CHI,Ervin Leavy,leavyea01
1987,NBA,IND,Montel Hatcher,hatchmo01
1987,NBA,WSB,Jamie Dixon,dixonja01
1987,NBA,HOU,Clarence Grier,griercl01
1987,NBA,GSW,Ronnie Leggette,leggero01
1987,NBA,UTA,Keith Webster,webstke01
1987,NBA,PHI,Eric Semisch,semiser01
1987,NBA,POR,Kenny Stone,stoneke01
1987,NBA,DEN,Curtis Hunter,huntecu01
1987,NBA,DET,Mark Gottfried,gottfma01
1987,NBA,DAL,Gerald White,whitege01
1987,NBA,ATL,Franjo Arapovic,arapofr01
1987,NBA,BOS,Gerry Corcoran,corcoje01
1987,NBA,LAL,Ron Vanderschaaf,vandero01
1986,NBA,CLE,Brad Daugherty,daughbr01
1986,NBA,BOS,Len Bias,biasle01
1986,NBA,GSW,Chris Washburn,washbch01
1986,NBA,IND,Chuck Person,persoch01
1986,NBA,NYK,Kenny Walker,walkeke01
1986,NBA,PHO,William Bedford,bedfowi01
1986,NBA,DAL,Roy Tarpley,tarplro01
1986,NBA,CLE,Ron Harper,harpero01
1986,NBA,CHI,Brad Sellers,sellebr01
1986,NBA,SAS,Johnny Dawkins,dawkijo01
1986,NBA,DET,John Salley,sallejo01
1986,NBA,WSB,John Williams,willijo02
1986,NBA,NJN,Pearl Washington,washipe01
1986,NBA,POR,Walter Berry,berrywa01
1986,NBA,UTA,Dell Curry,curryde01
1986,NBA,DEN,Maurice Martin,martima01
1986,NBA,SAC,Harold Pressley,pressha01
1986,NBA,DEN,Mark Alarie,alarima01
1986,NBA,ATL,Billy Thompson,thompbi01
1986,NBA,HOU,Buck Johnson,johnsbu01
1986,NBA,WSB,Anthony Jones,jonesan01
1986,NBA,MIL,Scott Skiles,skilesc01
1986,NBA,LAL,Ken Barlow,barloke01
1986,NBA,POR,Arvydas Sabonis,sabonar01
1986,NBA,DAL,Mark Price,pricema01
1986,NBA,IND,Greg Dreiling,dreilgr01
1986,NBA,DET,Dennis Rodman,rodmade01
1986,NBA,CHI,Larry Krystkowiak,krystla01
1986,NBA,CLE,Johnny Newman,newmajo01
1986,NBA,SEA,Nate McMillan,mcmilna01
1986,NBA,PHO,Joe Ward,wardjo01
1986,NBA,ATL,Cedric Henderson,hendece01
1986,NBA,SAS,Kevin Duckworth,duckwke01
1986,NBA,SAC,Johnny Rogers,rogerjo01
1986,NBA,DAL,Milt Wagner,wagnemi01
1986,NBA,WSB,Steve Mitchell,mitchst02
1986,NBA,POR,Panagiotis Fasoulas,fasoupa01
1986,NBA,SEA,Lemone Lampley,lamplle01
1986,NBA,PHO,Rafael Addison,addisra01
1986,NBA,ATL,Augusto Binelli,binelau01
1986,NBA,DEN,Otis Smith,smithot01
1986,NBA,ATL,Ron Kellogg,kelloro01
1986,NBA,HOU,Dave Feitl,feitlda01
1986,NBA,PHI,David Wingate,wingada01
1986,NBA,MIL,Keith Smith,smithke03
1986,NBA,PHO,Jeff Hornacek,hornaje01
1986,NBA,NYK,Michael Jackson,jacksmi02
1986,NBA,SAS,Forrest McKenzie,mckenfo01
1986,NBA,POR,Juden Smith,smithju01
1986,NBA,CLE,Kevin Henderson,hendeke01
1986,NBA,GSW,Mike Williams,willimi03
1986,NBA,CHI,Ricky Wilson,wilsori02
1986,NBA,SEA,Tod Murphy,murphto01
1986,NBA,LAC,Dwayne Polee,poleedw01
1986,NBA,PHO,Kenny Gattison,gattike01
1986,NBA,PHI,Keith Colbert,colbeke01
1986,NBA,SAC,Bruce Douglas,douglbr01
1986,NBA,WSB,Dave Henderson,hendeda01
1986,NBA,GSW,Wendell Alexis,alexiwe01
1986,NBA,POR,Dražen Petrović,petrodr01
1986,NBA,UTA,John Shasky,shaskjo01
1986,NBA,DAL,Anthony Welch,welchan01
1986,NBA,UTA,Bill Breeding,breedbi01
1986,NBA,DEN,Don Redden,reddedo01
1986,NBA,ATL,Dave Hoppen,hoppeda01
1986,NBA,HOU,Anthony Bowie,bowiean01
1986,NBA,PHI,Ron Rowan,rowanro01
1986,NBA,MIL,Baskerville Holmes,holmeba01
1986,NBA,LAL,Andre Turner,turnean01
1986,NBA,ATL,Jim Les,lesji01
1986,NBA,NYK,Calvin Thompson,thompca01
1986,NBA,IND,Derrick Taylor,taylode02
1986,NBA,CLE,Warren Martin,martiwa01
1986,NBA,CHI,Scott Meents,meentsc01
1986,NBA,GSW,Dan Bingenheimer,bingeda01
1986,NBA,SEA,Michael Graham,grahami02
1986,NBA,PHO,Grant Gondrezick,gondrgr01
1986,NBA,LAC,John Brownlee,brownjo05
1986,NBA,SAS,Carlos Briggs,briggca01
1986,NBA,SAC,Alvin Franklin,frankal01
1986,NBA,NJN,Steve Hale,halest01
1986,NBA,WSB,Barry Mungar,mungaba01
1986,NBA,POR,David Shaffer,shaffda01
1986,NBA,UTA,Marty Embry,embryma01
1986,NBA,DAL,Myron Jackson,jacksmy01
1986,NBA,DET,Chauncey Robinson,robinch02
1986,NBA,DEN,Anthony Watson,watsoan01
1986,NBA,ATL,Efrem Winters,winteef01
1986,NBA,HOU,Conner Henry,henryco01
1986,NBA,PHI,Wes Stallings,stallwe01
1986,NBA,SAC,Bob Beecher,beechbo01
1986,NBA,LAL,Dale Blaney,blaneda01
1986,NBA,BOS,Tony Benford,benfoto01
1986,NBA,NYK,Jerome Mincey,minceje01
1986,NBA,IND,Richard Rellford,rellfri01
1986,NBA,CLE,Ben Davis,davisbe02
1986,NBA,GSW,Clinton Smith,smithcl01
1986,NBA,CHI,Jimmy Gilbert,gilbeji01
1986,NBA,SEA,Dominic Pressley,pressdo01
1986,NBA,LAC,Steffond Johnson,johnsst02
1986,NBA,PHO,Greg Spurling,spurlgr01
1986,NBA,SAS,Earl Kelley,kelleea01
1986,NBA,SAC,Keith Morrison,morrike01
1986,NBA,WSB,Paul Fortier,fortipa01
1986,NBA,NJN,Archie Johnson,johnsar04
1986,NBA,POR,Jerry Adams,adamsje01
1986,NBA,UTA,Kerry Boagni,boagnke01
1986,NBA,DAL,Jay Bilas,bilasja01
1986,NBA,DET,Clarence Hanley,hanlecl01
1986,NBA,DEN,Jon Collins,collijo03
1986,NBA,ATL,Nicky Jones,jonesni02
1986,NBA,HOU,Andre Banks,banksan01
1986,NBA,PHI,Kevin Holmes,holmeke01
1986,NBA,MIL,Bobby Deaton,deatobo01
1986,NBA,LAL,Roger Harden,hardero01
1986,NBA,BOS,Dave Colbert,colbeda01
1986,NBA,NYK,Butch Wade,wadebu02
1986,NBA,IND,Jeff Hall,hallje01
1986,NBA,CLE,Gilbert Wilburn,wilbugi01
1986,NBA,CHI,Pete Myers,myerspe01
1986,NBA,GSW,Bobby Lee Hurt,hurtbo01
1986,NBA,SEA,Curtis Kitchen,kitchcu01
1986,NBA,PHO,Jim McCaffrey,mccafji01
1986,NBA,LAC,Tim Kempton,kemptti01
1986,NBA,SAS,Kevin Lewis,lewiske01
1986,NBA,SAC,John Flowers,flowejo01
1986,NBA,NJN,Troy Webster,websttr01
1986,NBA,WSB,Lorenzo Duncan,duncalo01
1986,NBA,POR,Tony Hampton,hamptto01
1986,NBA,UTA,Chuck Everson,eversch01
1986,NBA,DAL,Greg Anderson,andergr02
1986,NBA,DET,Greg Grant,grantgr02
1986,NBA,DEN,Anthony Frederick,fredean01
1986,NBA,ATL,Alexander Volkov,volkoal01
1986,NBA,HOU,Robert Worthy,worthro01
1986,NBA,PHI,Andre McCloud,mccloan01
1986,NBA,MIL,John Kimbrell,kimbrjo01
1986,NBA,LAL,Walter Downing,downiwa01
1986,NBA,BOS,Greg Wendt,wendtgr01
1986,NBA,NYK,Duane Kendall,kendadu01
1986,NBA,IND,Steve Woodside,woodsst01
1986,NBA,CLE,Ralph Dalton,daltora01
1986,NBA,GSW,Steve Kenilvort,kenilst01
1986,NBA,CHI,Robert Henderson,hendero01
1986,NBA,SEA,Glen McCants,mccangl01
1986,NBA,LAC,Johnny Brown,brownjo06
1986,NBA,PHO,Damon Goodwin,goodwda01
1986,NBA,SAS,Michael Anderson,andermi02
1986,NBA,SAC,Ron Rankin,rankiro01
1986,NBA,WSB,Joe Price,pricejo01
1986,NBA,NJN,Jim Dolan,dolanji01
1986,NBA,POR,Randy Schiff,schifra01
1986,NBA,UTA,Mark Mitchell,mitchma01
1986,NBA,DAL,Kim Cooksey,cookski01
1986,NBA,DET,Larry Polec,polecla01
1986,NBA,DEN,Mike Marshall,marshmi01
1986,NBA,ATL,Valeri Tikhonenko,tikhova01
1986,NBA,HOU,Rick Olson,olsonri01
1986,NBA,PHI,Dan Palombizio,palomda01
1986,NBA,MIL,Jeff Strong,stronje01
1986,NBA,LAL,Mark Coleman,colemma03
1986,NBA,BOS,Tom Ivey,iveyto01
1985,NBA,NYK,Patrick Ewing,ewingpa01
1985,NBA,IND,Wayman Tisdale,tisdawa01
1985,NBA,LAC,Benoit Benjamin,benjabe01
1985,NBA,SEA,Xavier McDaniel,mcdanxa01
1985,NBA,ATL,Jon Koncak,koncajo01
1985,NBA,SAC,Joe Kleine,kleinjo01
1985,NBA,GSW,Chris Mullin,mullich01
1985,NBA,DAL,Detlef Schrempf,schrede01
1985,NBA,CLE,Charles Oakley,oaklech01
1985,NBA,PHO,Ed Pinckney,pincked01
1985,NBA,CHI,Keith Lee,leeke01
1985,NBA,WSB,Kenny Green,greenke02
1985,NBA,UTA,Karl Malone,malonka01
1985,NBA,SAS,Alfredrick Hughes,hugheri01
1985,NBA,DEN,Blair Rasmussen,rasmubl01
1985,NBA,DAL,Bill Wennington,wennibi01
1985,NBA,DAL,Uwe Blab,blabuw01
1985,NBA,DET,Joe Dumars,dumarjo01
1985,NBA,HOU,Steve Harris,harrist01
1985,NBA,BOS,Sam Vincent,vincesa01
1985,NBA,PHI,Terry Catledge,catlete01
1985,NBA,MIL,Jerry Reynolds,reynoje01
1985,NBA,LAL,A.C. Green,greenac01
1985,NBA,POR,Terry Porter,portete01
1985,NBA,POR,Mike Smrek,smrekmi01
1985,NBA,IND,Bill Martin,martibi01
1985,NBA,IND,Dwayne McClain,mccladw01
1985,NBA,CHI,Ken Johnson,johnske01
1985,NBA,SAS,Mike Brittain,brittmi01
1985,NBA,CLE,Calvin Duncan,duncaca01
1985,NBA,WSB,Manute Bol,bolma01
1985,NBA,PHO,Nick Vanos,vanosni01
1985,NBA,PHI,Greg Stokes,stokegr01
1985,NBA,CHI,Aubrey Sherrod,sherrau01
1985,NBA,SAS,Tyrone Corbin,corbity01
1985,NBA,NJN,Yvon Joseph,josepyv01
1985,NBA,UTA,Carey Scurry,scurrca01
1985,NBA,NJN,Fernando Martín,martife01
1985,NBA,POR,George Montgomery,montgge01
1985,NBA,DAL,Mark Acres,acresma01
1985,NBA,ATL,Lorenzo Charles,charllo01
1985,NBA,GSW,Bobby Lee Hurt,hurtbo01
1985,NBA,DEN,Barry Stevens,steveba01
1985,NBA,PHI,Voise Winters,wintevo01
1985,NBA,CLE,Hot Rod Williams,williho01
1985,NBA,CHI,Adrian Branch,brancad01
1985,NBA,NYK,Gerald Wilkins,wilkige01
1985,NBA,IND,Kenny Patterson,patteke01
1985,NBA,GSW,Brad Wright,wrighbr01
1985,NBA,DAL,Leonard Allen,allenle01
1985,NBA,SAC,Charles Bradley,bradlch02
1985,NBA,LAC,Anicet Lavodrama,lavodan01
1985,NBA,SEA,Rolando Lamb,lambro01
1985,NBA,HOU,Sam Mitchell,mitchsa01
1985,NBA,CLE,Herb Johnson,johnshe01
1985,NBA,PHO,Jerry Everett,evereje01
1985,NBA,HOU,Michael Payne,paynemi01
1985,NBA,WSB,Vernon Moore,mooreve01
1985,NBA,ATL,Sedric Toney,toneyse01
1985,NBA,DET,Andre Goode,goodean01
1985,NBA,POR,Perry Young,youngpe01
1985,NBA,NJN,Nigel Miguel,migueni01
1985,NBA,DAL,Harold Keeling,keeliha01
1985,NBA,DET,Richie Johnson,johnsri02
1985,NBA,WSB,Kenny Perry,perryke01
1985,NBA,SAC,Michael Adams,adamsmi01
1985,NBA,PHI,Steve Black,blackst01
1985,NBA,MIL,Eugene McDowell,mcdoweu01
1985,NBA,CHI,Mike Brown,brownmi01
1985,NBA,BOS,Andre Battle,battlan01
1985,NBA,GSW,Luster Goodwin,goodwlu01
1985,NBA,IND,Vince Hamilton,hamilvi01
1985,NBA,NYK,Fred Cofield,cofiefr01
1985,NBA,LAC,Jim Deines,deineji01
1985,NBA,SEA,Alex Stivrins,stivral01
1985,NBA,SAC,Willie Simmons,simmowi01
1985,NBA,ATL,Arvydas Sabonis,sabonar01
1985,NBA,PHO,Granger Hall,hallgr01
1985,NBA,CLE,Mark Davis,davisma01
1985,NBA,CHI,Craig Beard,beardcr01
1985,NBA,WSB,Richie Adams,adamsri02
1985,NBA,SAS,Scott Roth,rothsc01
1985,NBA,UTA,Delaney Rudd,ruddde01
1985,NBA,ATL,John Battle,battljo01
1985,NBA,POR,Joe Atkinson,atkinjo01
1985,NBA,DAL,Bubba Jennings,jennibu01
1985,NBA,DET,Spud Webb,webbsp01
1985,NBA,HOU,Michael Brooks,brookmi02
1985,NBA,DEN,Pete Williams,willipe01
1985,NBA,PHI,Derrick Gervin,gervide01
1985,NBA,MIL,Cozell McQueen,mcqueco01
1985,NBA,LAL,Dexter Shouse,shousde01
1985,NBA,BOS,Cliff Webber,webercl01
1985,NBA,IND,Kelvin Johnson,johnske06
1985,NBA,GSW,Greg Cavener,cavengr01
1985,NBA,NYK,Mike Schlegel,schlemi01
1985,NBA,SEA,Lou Stefanovic,stefalo01
1985,NBA,SAC,Bob Lojewski,lojewbo01
1985,NBA,LAC,Wayne Carlander,carlawa01
1985,NBA,ATL,Larry Hampton,hamptla01
1985,NBA,CLE,Gunther Behnke,behnkgu01
1985,NBA,PHO,Shawn Campbell,campbsh01
1985,NBA,CHI,Reid Gettys,gettyre01
1985,NBA,WSB,Dean Shaffer,shaffde01
1985,NBA,UTA,Ray Hall,hallra01
1985,NBA,SAS,Clayton Olivier,olivicl01
1985,NBA,POR,James Anderson,anderja03
1985,NBA,NJN,Kelly Blaine,blainke01
1985,NBA,DAL,Tommy Davis,davisto02
1985,NBA,DET,Mike Lahm,lahmmi01
1985,NBA,IND,Ivan Daniels,danieiv01
1985,NBA,DEN,Kenny Brown,brownke02
1985,NBA,PHI,Carl Wright,wrighca01
1985,NBA,MIL,Ray Knight,knighra01
1985,NBA,LAL,Timo Saarelainen,saareti01
1985,NBA,BOS,Albert Butts,buttsal01
1985,NBA,GSW,Gerald Crosby,crosbge01
1985,NBA,IND,Stu Primus,primust01
1985,NBA,NYK,Kent Lockhart,lockhke01
1985,NBA,SAC,Charles Balentine,balench01
1985,NBA,LAC,Malcolm Thomas,thomama03
1985,NBA,SEA,Earl Walker,walkeea01
1985,NBA,ATL,Tony Duckett,ducketo01
1985,NBA,PHO,Charles Rayne,raynech01
1985,NBA,CLE,Rickie Johnson,johnsri03
1985,NBA,CHI,Dan Meagher,meaghda01
1985,NBA,WSB,Matt England,englama01
1985,NBA,SAS,Chris Harper,harpech01
1985,NBA,UTA,Jim Miller,milleji01
1985,NBA,NJN,George Almones,almonge01
1985,NBA,POR,Curtis Moore,moorecu01
1985,NBA,DAL,Carlton Cooper,coopeca01
1985,NBA,DET,Vincent Giles,gilesvi01
1985,NBA,HOU,Sam Potter,pottesa01
1985,NBA,DEN,Joe Carrabino,carrajo01
1985,NBA,PHI,Daryl Lloyd,lloydda01
1985,NBA,MIL,Quentin Anderson,anderqu01
1985,NBA,LAL,Tony Neal,nealto01
1985,NBA,BOS,Ralph Lewis,lewisra01
1985,NBA,IND,Jeff Acres,acresje01
1985,NBA,GSW,Eric Boyd,boyder01
1985,NBA,NYK,Ken Bantum,bantuke01
1985,NBA,LAC,Gary Maloncon,malonga01
1985,NBA,SEA,Michael Phelps,phelpmi01
1985,NBA,SAC,Alton Lee Gipson,gipsoal01
1985,NBA,ATL,Bob Ferry Jr.,ferrybo02
1985,NBA,CLE,Buzz Peterson,peterbu01
1985,NBA,PHO,Georgi Glouchkov,gloucge01
1985,NBA,CHI,Jeff Adkins,adkinje01
1985,NBA,WSB,Keith Gray,grayke01
1985,NBA,UTA,Mike Wacker,wackemi01
1985,NBA,SAS,Al Young,youngal02
1985,NBA,POR,Mark Owen,owenma01
1985,NBA,NJN,Gary McLain,mclaiga01
1985,NBA,DAL,Ed Catchings,catched01
1985,NBA,DET,Frank James,jamesfr01
1985,NBA,IND,Don Turney,turnedo02
1985,NBA,DEN,Eddie Smith,smithed02
1985,NBA,PHI,Jaye Andrews,andreja01
1985,NBA,MIL,Mario Elie,eliema01
1985,NBA,LAL,Keith Cieplicki,cleplke01
1985,NBA,BOS,Chris Remley,remlych01
1984,NBA,HOU,Hakeem Olajuwon,olajuha01
1984,NBA,POR,Sam Bowie,bowiesa01
1984,NBA,CHI,Michael Jordan,jordami01
1984,NBA,DAL,Sam Perkins,perkisa01
1984,NBA,PHI,Charles Barkley,barklch01
1984,NBA,WSB,Melvin Turpin,turpime01
1984,NBA,SAS,Alvin Robertson,roberal01
1984,NBA,LAC,Lancaster Gordon,gordola01
1984,NBA,KCK,Otis Thorpe,thorpot01
1984,NBA,PHI,Leon Wood,woodle01
1984,NBA,ATL,Kevin Willis,willike02
1984,NBA,CLE,Tim McCormick,mccorti01
1984,NBA,PHO,Jay Humphries,humphja01
1984,NBA,LAC,Michael Cage,cagemi01
1984,NBA,DAL,Terence Stansbury,stanste01
1984,NBA,UTA,John Stockton,stockjo01
1984,NBA,NJN,Jeff Turner,turneje01
1984,NBA,IND,Vern Fleming,flemive01
1984,NBA,POR,Bernard Thompson,thompbe01
1984,NBA,DET,Tony Campbell,campbto01
1984,NBA,MIL,Kenny Fields,fieldke01
1984,NBA,PHI,Tom Sewell,sewelto01
1984,NBA,LAL,Earl Jones,jonesea01
1984,NBA,BOS,Michael Young,youngmi01
1984,NBA,IND,Devin Durrant,durrade01
1984,NBA,POR,Victor Fleming,flemivi01
1984,NBA,CLE,Ron Anderson,anderro01
1984,NBA,SEA,Cory Blackwell,blackco01
1984,NBA,IND,Stuart Gray,grayst01
1984,NBA,GSW,Steve Burtt,burttst01
1984,NBA,GSW,Jay Murphy,murphja01
1984,NBA,DET,Eric Turner,turneer01
1984,NBA,POR,Steve Colter,coltest01
1984,NBA,WSB,Tony Costner,costnto01
1984,NBA,GSW,Othell Wilson,wilsoot01
1984,NBA,PHO,Charles Jones,jonesch02
1984,NBA,CHI,Ben Coleman,colembe01
1984,NBA,DAL,Charlie Sitton,sittoch01
1984,NBA,SEA,Danny Young,youngda01
1984,NBA,DAL,Anthony Teachey,teachan01
1984,NBA,DAL,Tom Sluby,slubyto01
1984,NBA,DEN,Willie White,whitewi01
1984,NBA,CHI,Greg Wiltjer,wiltjgr01
1984,NBA,WSB,Fred Reynolds,reynofr01
1984,NBA,GSW,Gary Plummer,plummga01
1984,NBA,POR,Jerome Kersey,kerseje01
1984,NBA,BOS,Ronnie Williams,williro08
1984,NBA,PHI,James Banks,banksja01
1984,NBA,CHI,Tim Dillon,dilloti01
1984,NBA,CLE,Ben McDonald,mcdonbe01
1984,NBA,HOU,Jim Petersen,peterji01
1984,NBA,SEA,Terry Williams,willite02
1984,NBA,WSB,Ricky Ross,rossri01
1984,NBA,KCK,Roosevelt Chapman,chapmro01
1984,NBA,GSW,Lewis Jackson,jacksle03
1984,NBA,KCK,Jeff Allen,allenje03
1984,NBA,SAS,Joe Binion,biniojo01
1984,NBA,ATL,Bobby Parks,parksbo01
1984,NBA,PHO,Murray Jarman,jarmamu01
1984,NBA,CLE,Leonard Mitchell,mitchle02
1984,NBA,DAL,Jeff Cross,crossje01
1984,NBA,UTA,David Pope,popeda01
1984,NBA,NJN,Yommy Sangodeyi,sangoyo01
1984,NBA,NYK,Curtis Green,greencu01
1984,NBA,POR,Tim Kearney,kearnti01
1984,NBA,DET,Kevin Springman,sprinke01
1984,NBA,MIL,Vernon Delancy,delanve01
1984,NBA,PHI,Butch Graves,gravebu01
1984,NBA,LAL,George Singleton,singlge01
1984,NBA,BOS,Rick Carlisle,carliri01
1984,NBA,IND,Ralph Jackson,jacksra01
1984,NBA,CHI,Melvin Johnson,johnsme01
1984,NBA,CLE,Art Aaron,aaronar01
1984,NBA,HOU,Willie Jackson,jackswi02
1984,NBA,LAC,Marc Glass,glassma01
1984,NBA,WSB,Jim Grandholm,grandji01
1984,NBA,CHI,Mark Halsel,halsema01
1984,NBA,SAS,John Devereaux,deverjo01
1984,NBA,DEN,Karl Tilleman,tilleka01
1984,NBA,KCK,Carl Henry,henryca01
1984,NBA,ATL,Dicky Beal,bealdi01
1984,NBA,PHO,Jeff Collins,collije01
1984,NBA,SEA,Jeff Jenkins,jenkije01
1984,NBA,DAL,John Horrocks,horrojo01
1984,NBA,NJN,Hank Cornley,cornlha01
1984,NBA,UTA,Jim Rowinski,rowinji01
1984,NBA,NYK,Bob Thornton,thornbo01
1984,NBA,POR,Brett Applegate,applebr01
1984,NBA,DET,Phillip Smith,smithph02
1984,NBA,SAS,Ozell Jones,jonesoz01
1984,NBA,PHI,Earl Harrison,harriea01
1984,NBA,LAL,John Revelli,reveljo01
1984,NBA,BOS,Kevin Mullin,mullike01
1984,NBA,IND,Gene Smith,smithge01
1984,NBA,CHI,Lamont Robinson,robinla04
1984,NBA,CLE,Vince Hinchen,hinchvi01
1984,NBA,HOU,Al McClain,mcclaal01
1984,NBA,LAC,Alonza Allen,allenal01
1984,NBA,WSB,Colin Irish,irishco01
1984,NBA,SAS,Eric Richardson,richaer01
1984,NBA,GSW,Steve Bartek,bartest01
1984,NBA,KCK,Jim Foster,fosteji01
1984,NBA,DEN,Prince Bridges,bridgpr01
1984,NBA,ATL,Terry Martin,martite04
1984,NBA,PHO,Bill Flye,flyebi01
1984,NBA,SEA,Eli Pasquale,pasquel01
1984,NBA,DAL,Dave Williams,willida04
1984,NBA,UTA,Marcus Gaither,gaithma01
1984,NBA,NJN,Michael Gerren,gerremi01
1984,NBA,GSW,Scott McCollum,mccolsc01
1984,NBA,POR,Mike Whitmarsh,whitmmi01
1984,NBA,DET,Rick Doyle,doyleri01
1984,NBA,MIL,Ernie Floyd,floyder01
1984,NBA,PHI,Dan Federman,federda01
1984,NBA,LAL,Lance Berwald,berwala01
1984,NBA,BOS,Todd Orlando,orlanto01
1984,NBA,IND,Clyde Vaughan,vaughcl01
1984,NBA,CHI,Jeff Tipton,tiptoje01
1984,NBA,CLE,Matt Doherty,doherma01
1984,NBA,MIL,McKinley Singleton,singlmc01
1984,NBA,LAC,Phillip Haynes,hayneph01
1984,NBA,WSB,Blaise Bugajski,bugajbl01
1984,NBA,GSW,Tony Martin,martito01
1984,NBA,SAS,Dion Brown,browndi01
1984,NBA,DEN,Willie Burton,burtowi02
1984,NBA,KCK,Bruce Vanley,vanlebr01
1984,NBA,ATL,Jim Master,masteji01
1984,NBA,PHO,Herman Veal,vealhe01
1984,NBA,SEA,Graylin Warner,warnegr01
1984,NBA,DAL,LaVerne Evans,evansla01
1984,NBA,NJN,Oscar Schmidt,schmios01
1984,NBA,UTA,Chris Harrison,harrich02
1984,NBA,NYK,Eddie Lee Wilkins,wilkied01
1984,NBA,POR,Lance Ball,ballla02
1984,NBA,DET,Rennie Bailey,bailere01
1984,NBA,MIL,Mike Reddick,reddimi01
1984,NBA,PHI,Gary Springer,springa01
1984,NBA,LAL,Keith Jones,joneske04
1984,NBA,BOS,Steve Carfino,carfist01
1984,NBA,IND,Kenton Edelin,edelike01
1984,NBA,CHI,Butch Hays,haysbu01
1984,NBA,CLE,Joe Jakubick,jakubjo01
1984,NBA,HOU,Joedy Gardner,gardnjo01
1984,NBA,LAC,David Brantley,brantda01
1984,NBA,WSB,Tim Garrett,garreti01
1984,NBA,SAS,Michael Pitts,pittsmi01
1984,NBA,GSW,Cliff Higgins,higgicl01
1984,NBA,KCK,Chipper Harris,harrich03
1984,NBA,DEN,Mark Simpson,simpsma01
1984,NBA,ATL,Vince Martello,martevi01
1984,NBA,PHO,Raymond Crenshaw,crensra01
1984,NBA,SEA,Gary Gatewood,gatewga01
1984,NBA,DAL,George Turner,turnege01
1984,NBA,UTA,Bob Evans,evansbo02
1984,NBA,NJN,Sean Kerins,kerinse01
1984,NBA,NYK,Ken Bannister,bannike01
1984,NBA,POR,Victor Anger,angervi01
1984,NBA,DET,Barry Francisco,francba01
1984,NBA,MIL,Tony William,willito01
1984,NBA,PHI,Rich Congo,congori01
1984,NBA,LAL,Richard Haenisch,haeniri01
1984,NBA,BOS,Mark Van Valkenburg,vanvama01
1984,NBA,IND,Tom Heitz,heitzto01
1984,NBA,CHI,Brett Crawford,crawfbr01
1984,NBA,CLE,Elliot Beard,beardel01
1984,NBA,HOU,Greg Wolff,wolffgr01
1984,NBA,LAC,Jim McLoughlin,mclouji01
1984,NBA,WSB,Darryl Odom,odomda01
1984,NBA,GSW,Paul Brozovich,brozopa01
1984,NBA,SAS,Dan Tarkanian,tarkada01
1984,NBA,DEN,Bill Wendlandt,wendlbi01
1984,NBA,KCK,Nate Rollins,rollina01
1984,NBA,ATL,Robert Brown,brownro04
1984,NBA,PHO,Mark Fothergill,fothema01
1984,NBA,SEA,Jerry McMillan,mcmilje01
1984,NBA,DAL,Leroy Sutton,suttole01
1984,NBA,NJN,Chris Winans,winanch01
1984,NBA,UTA,Eric Booker,bookeer01
1984,NBA,NYK,Ricky Tunstall,tunstri01
1984,NBA,POR,Steve Flint,flintst01
1984,NBA,DET,Dale Roberts,roberda01
1984,NBA,MIL,Brad Jergenson,jergebr01
1984,NBA,PHI,Frank Dobbs,dobbsfr01
1984,NBA,BOS,Champ Godbolt,godboch01
1984,NBA,IND,Brian Martin,martibr01
1984,NBA,CHI,Calvin Pierce,piercca02
1984,NBA,CLE,John Shimko,shimkjo01
1984,NBA,HOU,Bill Coon,coonbi01
1984,NBA,LAC,Dave Schultz,schulda02
1984,NBA,WSB,Mike Emanuel,emanumi01
1984,NBA,SAS,Melvin Roseboro,rosebme01
1984,NBA,GSW,Mitch Arnold,arnolmi01
1984,NBA,KCK,Greg Turner,turnegr01
1984,NBA,DEN,Cecil Exum,exumce01
1984,NBA,ATL,Fred Brown,brownfr03
1984,NBA,PHO,Buddy Cox,coxbu01
1984,NBA,SEA,Mike Williams,willimi06
1984,NBA,DAL,John Tudor,tudorjo01
1984,NBA,UTA,Kelly Knight,knighke01
1984,NBA,NJN,Bill Ryan,ryanbi01
1984,NBA,NYK,Marc Marotta,marotma01
1984,NBA,POR,Dennis Black,blackde01
1984,NBA,DET,Ben Tower,towerbe01
1984,NBA,MIL,Edwin Green,greened01
1984,NBA,PHI,Michael Mitchell,mitchmi03
1984,NBA,BOS,Joe Dickson,dicksjo02
1984,NBA,IND,Gary Carver,carvega01
1984,NBA,CHI,Carl Lewis,lewisca01
1984,NBA,CLE,Darrell Space,spaceda01
1984,NBA,HOU,Robert Turner,turnero01
1984,NBA,LAC,Dick Mumma,mummadi01
1984,NBA,WSB,Glynn Myrick,myricgl01
1984,NBA,GSW,Tim Bell,bellti01
1984,NBA,SAS,Frank Rodriguez,rodrifr01
1984,NBA,DEN,Dexter Bailey,bailede01
1984,NBA,KCK,Victor Coleman,colemvi01
1984,NBA,ATL,Doug Mills,millsdo02
1984,NBA,PHO,Ezra Hill,hillez01
1984,NBA,SEA,Greg Brandon,brandgr01
1984,NBA,DAL,Napoleon Johnson,johnsna02
1984,NBA,NJN,Phil Jamison,jamisph01
1984,NBA,UTA,Mike Curran,currami01
1984,NBA,NYK,Mike Henderson,hendemi01
1984,NBA,POR,Randy Dunn,dunnra01
1984,NBA,DET,Dan Pelekoudas,pelekda01
1984,NBA,MIL,Mike Toomer,toomemi01
1984,NBA,PHI,Martin Clark,clarkma02
1984,NBA,BOS,Dan Trant,trantda01
1983,NBA,HOU,Ralph Sampson,sampsra01
1983,NBA,IND,Steve Stipanovich,stipast01
1983,NBA,HOU,Rodney McCray,mccraro01
1983,NBA,SDC,Byron Scott,scottby01
1983,NBA,CHI,Sidney Green,greensi02
1983,NBA,GSW,Russell Cross,crossru01
1983,NBA,UTA,Thurl Bailey,baileth01
1983,NBA,DET,Antoine Carr,carran01
1983,NBA,DAL,Dale Ellis,ellisda01
1983,NBA,WSB,Jeff Malone,malonje01
1983,NBA,DAL,Derek Harper,harpede01
1983,NBA,NYK,Darrell Walker,walkeda01
1983,NBA,KCK,Ennis Whatley,whatlen01
1983,NBA,POR,Clyde Drexler,drexlcl01
1983,NBA,DEN,Howard Carter,carteho01
1983,NBA,SEA,Jon Sundvold,sundvjo01
1983,NBA,PHI,Leo Rautins,rautile01
1983,NBA,MIL,Randy Breuer,breuera01
1983,NBA,SAS,John Paxson,paxsojo01
1983,NBA,CLE,Roy Hinson,hinsoro01
1983,NBA,BOS,Greg Kite,kitegr01
1983,NBA,WSB,Randy Wittman,wittmra01
1983,NBA,IND,Mitchell Wiggins,wiggimi01
1983,NBA,CLE,Stewart Granger,grangst01
1983,NBA,CHI,Sidney Lowe,lowesi01
1983,NBA,IND,Leroy Combs,combsle01
1983,NBA,CLE,John Garris,garrijo01
1983,NBA,PHO,Rod Foster,fostero01
1983,NBA,CHI,Larry Micheaux,michela01
1983,NBA,DAL,Mark West,westma01
1983,NBA,ATL,Doc Rivers,riverdo01
1983,NBA,WSB,Michael Britt,brittmi02
1983,NBA,DAL,Dirk Minniefield,minnidi01
1983,NBA,WSB,Guy Williams,willigu02
1983,NBA,SAS,Darrell Lockhart,lockhda01
1983,NBA,SEA,Scooter McCray,mccrasc01
1983,NBA,DEN,David Russell,russeda02
1983,NBA,KCK,Chris McNealy,mcneach01
1983,NBA,POR,Granville Waiters,waitegr01
1983,NBA,IND,Jim Thomas,thomaji01
1983,NBA,MIL,Ted Kitchel,kitchte01
1983,NBA,MIL,Mike Davis,davismi06
1983,NBA,GSW,Pace Mannion,mannipa01
1983,NBA,NJN,Horace Owens,owensho01
1983,NBA,PHO,Paul Williams,willipa02
1983,NBA,SAS,Kevin Williams,willike01
1983,NBA,PHI,Ken Lyons,lyonske01
1983,NBA,HOU,Craig Ehlo,ehlocr01
1983,NBA,IND,Greg Jones,jonesgr01
1983,NBA,CLE,Paul Thompson,thomppa01
1983,NBA,PHO,Dereck Whittenburg,whittde01
1983,NBA,BOS,Winfred King,kingwi01
1983,NBA,GSW,Michael Holton,holtomi01
1983,NBA,UTA,Bob Hansen,hansebo01
1983,NBA,DET,Erich Santifer,santier01
1983,NBA,CLE,Larry Anderson,anderla02
1983,NBA,WSB,Darren Daye,dayeda01
1983,NBA,ATL,John Pinone,pinonjo01
1983,NBA,NJN,Bruce Kuczenski,kuczebr01
1983,NBA,KCK,Steve Harriel,harrist02
1983,NBA,DEN,David Little,littlda01
1983,NBA,POR,Tom Piotrowski,piotrto01
1983,NBA,SEA,Frank Burnell,burnefr01
1983,NBA,PHI,Claude Riley,rileycl01
1983,NBA,MIL,Billy Goodwin,goodwbi01
1983,NBA,CLE,Les Craft,craftle01
1983,NBA,CLE,Derrick Hord,hordde01
1983,NBA,BOS,Craig Robinson,robincr01
1983,NBA,LAL,Orlando Phillips,phillor01
1983,NBA,PHI,Dan Ruland,rulanda01
1983,NBA,HOU,Darrell Browder,browdda01
1983,NBA,IND,Terry Fair,fairte01
1983,NBA,CLE,Dwight Jones,jonesdw03
1983,NBA,PHI,Kalpatrick Wells,wellska01
1983,NBA,CHI,Ron Crevier,creviro01
1983,NBA,UTA,Doug Arnold,arnoldo01
1983,NBA,GSW,Peter Thibeaux,thibepe01
1983,NBA,DET,Steve Bouchie,bouchst01
1983,NBA,DAL,Johnny Martin,martijo01
1983,NBA,WSB,Dan Gay,gayda01
1983,NBA,ATL,Harry Kelly,kelleha01
1983,NBA,NYK,Mark Jones,jonesma02
1983,NBA,DEN,York Gross,grossyo01
1983,NBA,KCK,Mike Jackson,jacksmi04
1983,NBA,POR,Tim Dunham,dunhati01
1983,NBA,SEA,Pete DeBisschop,debispe01
1983,NBA,NJN,Barney Mines,minesba01
1983,NBA,MIL,Mark Nickens,nickema01
1983,NBA,PHO,Sam Mosley,moslesa01
1983,NBA,SAS,Brant Weidner,weidnbr01
1983,NBA,BOS,Carlos Clark,clarkca01
1983,NBA,LAL,Terry Lewis,lewiste01
1983,NBA,PHI,Craig Robinson,robincr02
1983,NBA,HOU,Chuck Barnett,barnech01
1983,NBA,IND,Roger Stieg,stiegro01
1983,NBA,CLE,Chris Logan,loganch01
1983,NBA,SDC,Manute Bol,bolma01
1983,NBA,CHI,Tim Andree,andreti01
1983,NBA,GSW,Greg Hines,hinesgr01
1983,NBA,UTA,Matt Clark,clarkma01
1983,NBA,DET,Ken Austin,austike01
1983,NBA,DAL,Jim Lampley,lamplji01
1983,NBA,WSB,Robin Dixon,dixonro01
1983,NBA,ATL,Charles Jones,jonesch05
1983,NBA,NYK,Troy Lee Mikell,mikeltr01
1983,NBA,KCK,Lorenza Andrews,andrelo01
1983,NBA,DEN,James Braddock,braddja01
1983,NBA,POR,Gary Monroe,monroga01
1983,NBA,SEA,Brad Watson,watsobr01
1983,NBA,NJN,Tyren Naulls,naullty01
1983,NBA,MIL,Mark Petteway,pettema01
1983,NBA,SAS,Jeff Pehl,pehlje01
1983,NBA,PHO,Rick Lamb,lambri01
1983,NBA,BOS,Bob Reitz,reitzbo01
1983,NBA,LAL,Danny Dixon,dixonda02
1983,NBA,PHI,Mike Milligan,millimi01
1983,NBA,HOU,Jim Stack,stackji01
1983,NBA,IND,Cliff Pruitt,pruitcl01
1983,NBA,CLE,Mel McLaughlin,mclaume01
1983,NBA,MIL,Russell Todd,toddru01
1983,NBA,CHI,Ernest Patterson,patteer01
1983,NBA,UTA,Fred Gilliam,gillifr01
1983,NBA,GSW,Tom Heywood,heywoto01
1983,NBA,DET,Derek Perry,perryde01
1983,NBA,DAL,Billy Allen,allenbi02
1983,NBA,WSB,Donald Carroll,carrodo01
1983,NBA,ATL,Tom Bethea,betheto01
1983,NBA,NYK,Tony Simms,simmsto01
1983,NBA,DEN,Glenn Green,greengl01
1983,NBA,KCK,Alvis Rogers,rogeral01
1983,NBA,POR,Derrick Pope,popede01
1983,NBA,SEA,Tony Wilson,wilsoto01
1983,NBA,NJN,Oscar Taylor,tayloos01
1983,NBA,MIL,Charles Hurt,hurtch01
1983,NBA,PHO,Edward Bona,bonaed01
1983,NBA,SAS,Ricky Hooker,hookeri01
1983,NBA,BOS,Paul Atkins,atkinpa01
1983,NBA,LAL,Mark Steele,steelma01
1983,NBA,PHI,Sedale Threatt,threase01
1983,NBA,HOU,Brian Kellerman,kellebr01
1983,NBA,IND,Tony Brown,brownto02
1983,NBA,CLE,John Colombo,columjo01
1983,NBA,SDC,Dan Evans,evansda01
1983,NBA,CHI,Jacque Hill,hillja01
1983,NBA,GSW,Peter Williams,willipe02
1983,NBA,UTA,Gerald Kazanowski,kazanjo01
1983,NBA,DET,Rob Gonzalez,gonzaro01
1983,NBA,DAL,Terrell Schlundt,schlute01
1983,NBA,WSB,Danny Womack,womacda01
1983,NBA,ATL,Lex Drum,drumle01
1983,NBA,NYK,Desi Barmore,barimde01
1983,NBA,KCK,Dane Suttle,suttlda01
1983,NBA,DEN,Maurice McDaniel,mcdanma01
1983,NBA,POR,Paul Little,littlpa01
1983,NBA,SEA,Tony Gattis,gattito01
1983,NBA,NJN,Keith Bennett,benneke01
1983,NBA,MIL,Anthony Hicks,hicksan01
1983,NBA,SAS,Keith Williams,willike08
1983,NBA,PHO,Fred Brown,brownfr02
1983,NBA,BOS,Ron Jackson,jacksro02
1983,NBA,LAL,Ricky Mixon,mixonri01
1983,NBA,PHI,Tony Bruin,bruinto01
1983,NBA,HOU,Jeff Bolding,boldije01
1983,NBA,IND,Ray McCallum,mccalra02
1983,NBA,CLE,Larry Tucker,tuckela01
1983,NBA,SDC,Mark Gannon,gannoma01
1983,NBA,CHI,Terry Bradley,bradlte01
1983,NBA,UTA,Michael McCombs,mccommi01
1983,NBA,GSW,Doug Harris,harrido01
1983,NBA,DET,George Wenzel,wenzege01
1983,NBA,DAL,Bill Sadler,sadlebi01
1983,NBA,WSB,Bernard Perry,perrybe01
1983,NBA,ATL,George Thomas,thomage01
1983,NBA,NYK,Mike Lang,langmi01
1983,NBA,DEN,Cliff Tribus,tribucl01
1983,NBA,KCK,Preston Neumayr,neumapr01
1983,NBA,POR,Frank Smith,smithfr02
1983,NBA,SEA,Ray Smith,smithra04
1983,NBA,NJN,Joey Myers,myersjo01
1983,NBA,MIL,Brett Burkholder,burkhbr01
1983,NBA,PHO,Mike Mulquin,mulqumi01
1983,NBA,SAS,Norvell Brown,brownno01
1983,NBA,BOS,Trent Johnson,johnstr02
1983,NBA,PHI,Gordon Austin,austigo01
1983,NBA,HOU,James Campbell,campbja01
1983,NBA,IND,Lynn Mitchem,mitchly01
1983,NBA,CLE,Joe Brown,brownjo04
1983,NBA,SDC,David Maxwell,maxweda01
1983,NBA,CHI,Kenneth Orange,orangra01
1983,NBA,GSW,Greg Goorjian,goorjgr01
1983,NBA,UTA,Ron Webb,webbro01
1983,NBA,DET,Marlow McLain,mclaima01
1983,NBA,DAL,Sherrod Arnold,arnolsh01
1983,NBA,WSB,Ricky Moreland,morelri01
1983,NBA,ATL,Will Cotchery,kotchwi01
1983,NBA,NYK,Charles Jones,jonesch06
1983,NBA,KCK,Bernard Hill,hillbe01
1983,NBA,DEN,Bobby Van Noy,vannobo01
1983,NBA,POR,Phil Hopson,hopsoph01
1983,NBA,SEA,Tony Washington,washito01
1983,NBA,NJN,Kevin Black,blackke01
1983,NBA,MIL,Bill Varner,varnebi01
1983,NBA,SAS,Gary Gaspard,gaspaga01
1983,NBA,PHO,Joe Dykstra,dykstjo01
1983,NBA,BOS,John Rice,ricejo01
1983,NBA,PHI,Charles Fisher,fishech01
1983,NBA,IND,Mark Smed,smedma01
1983,NBA,CLE,Jon Hanley,hanlejo01
1983,NBA,SDC,Keith Smith,smithke06
1983,NBA,CHI,Tom Emma,emmato01
1983,NBA,UTA,Odell Mosteller,mosteod01
1983,NBA,GSW,Michael Zeno,zenomi01
1983,NBA,DET,Ike Person,persoik01
1983,NBA,DAL,Clyde Corley,corlecl01
1983,NBA,WSB,Isaiah Singletary,singlis01
1983,NBA,ATL,Ronnie Carr,carrro01
1983,NBA,NYK,Bernard Randolph,randobe01
1983,NBA,DEN,Cleveland McCrae,mccracl01
1983,NBA,KCK,Aaron Haskins,haskiaa01
1983,NBA,POR,Russ Christianson,chrisru01
1983,NBA,SEA,David Binion,binioda01
1983,NBA,NJN,Rich Simkus,simkuri01
1983,NBA,MIL,Bob Kelly,kellybo01
1983,NBA,PHO,Bo Overton,overtbo01
1983,NBA,SAS,Lamar Heard,heardla01
1983,NBA,BOS,Andy Kupec,kupecan01
1982,NBA,LAL,James Worthy,worthja01
1982,NBA,SDC,Terry Cummings,cummite01
1982,NBA,UTA,Dominique Wilkins,wilkido01
1982,NBA,DAL,Bill Garnett,garnebi02
1982,NBA,KCK,LaSalle Thompson,thompla01
1982,NBA,NYK,Trent Tucker,tucketr01
1982,NBA,CHI,Quintin Dailey,dailequ01
1982,NBA,IND,Clark Kellogg,kellocl01
1982,NBA,DET,Cliff Levingston,levincl01
1982,NBA,ATL,Keith Edmonson,edmonke01
1982,NBA,POR,Fat Lever,leverfa01
1982,NBA,CLE,John Bagley,baglejo01
1982,NBA,NJN,Sleepy Floyd,floydsl01
1982,NBA,GSW,Lester Conner,connele01
1982,NBA,PHO,David Thirdkill,thirdda01
1982,NBA,HOU,Terry Teagle,teaglte01
1982,NBA,KCK,Brook Steppe,steppbr01
1982,NBA,DET,Ricky Pierce,piercri01
1982,NBA,DEN,Rob Williams,williro02
1982,NBA,MIL,Paul Pressey,presspa01
1982,NBA,NJN,Eddie Phillips,philled01
1982,NBA,PHI,Mark McNamara,mcnamma01
1982,NBA,BOS,Darren Tillis,tillida01
1982,NBA,SAS,Oliver Robinson,robinol01
1982,NBA,WSB,Bryan Warrick,warribr01
1982,NBA,CHI,Ricky Frazier,fraziri01
1982,NBA,MIL,Fred Roberts,roberfr01
1982,NBA,CLE,Dave Magley,magleda01
1982,NBA,NYK,Scott Hastings,hastisc01
1982,NBA,CHI,Wallace Bryant,bryanwa01
1982,NBA,CHI,Rod Higgins,higgiro01
1982,NBA,SDC,Richard Anderson,anderri01
1982,NBA,POR,Linton Townes,towneli01
1982,NBA,NYK,Vince Taylor,taylovi01
1982,NBA,GSW,Derek Smith,smithde02
1982,NBA,PHI,J.J. Anderson,anderjj01
1982,NBA,POR,Audie Norris,norriau01
1982,NBA,GSW,Wayne Sappleton,sapplwa01
1982,NBA,PHO,Kevin Magee,mageeke01
1982,NBA,IND,Guy Morgan,morgagu01
1982,NBA,WSB,Dwight Anderson,anderdw01
1982,NBA,HOU,Jeff Taylor,tayloje01
1982,NBA,IND,Jose Slaughter,slaugjo01
1982,NBA,WSB,Mike Gibson,gibsomi01
1982,NBA,PHI,Russ Schoene,schoeru01
1982,NBA,BOS,Tony Guy,guyto01
1982,NBA,CLE,Michael Wilson,wilsomi01
1982,NBA,SDC,Craig Hodges,hodgecr01
1982,NBA,UTA,Steve Trumbo,trumbst01
1982,NBA,DAL,Corny Thompson,thompco01
1982,NBA,KCK,Jim Johnstone,johnsji01
1982,NBA,NYK,Dan Caldwell,caldwda01
1982,NBA,CHI,Tyrone Adams,adamsty01
1982,NBA,LAL,Hutch Jones,joneshu01
1982,NBA,UTA,Jerry Eaves,eavesje01
1982,NBA,ATL,Joe Kopicki,kopicjo01
1982,NBA,NYK,Craig Tucker,tuckecr01
1982,NBA,WSB,Mike Largey,largemi01
1982,NBA,NJN,Jimmy Black,blackji01
1982,NBA,GSW,Chris Engler,englech01
1982,NBA,PHO,Charles Pittman,pittmch01
1982,NBA,DEN,Roylin Bond,bondro01
1982,NBA,HOU,Chuck Nevitt,nevitch01
1982,NBA,SAS,Willie Redden,reddewi01
1982,NBA,SEA,John Greig,greigjo01
1982,NBA,POR,Phillip Lockett,lockeph01
1982,NBA,LAL,Mike Hackett,hackemi01
1982,NBA,PHI,Dale Solomon,solomda01
1982,NBA,BOS,Perry Moss,mosspe01
1982,NBA,CLE,Reggie Hannah,hannare01
1982,NBA,SDC,Darius Clemons,clemoda01
1982,NBA,UTA,Mark Eaton,eatonma01
1982,NBA,DAL,Rudy Woods,woodsru01
1982,NBA,KCK,Mike Sanders,sandemi01
1982,NBA,NYK,Norm Anchrum,anchrno01
1982,NBA,CHI,Chuck Aleksinas,aleksch01
1982,NBA,IND,Jeff Jones,jonesje02
1982,NBA,DET,Walker Russell,russewa01
1982,NBA,POR,Eric Smith,smither01
1982,NBA,NJN,James Griffin,griffja01
1982,NBA,WSB,Dino Gregory,gregodi01
1982,NBA,NJN,Tony Brown,brownto01
1982,NBA,GSW,Ken Stancell,stancke01
1982,NBA,DEN,Alford Turner,turneal01
1982,NBA,HOU,Andre Gaddy,gaddyan01
1982,NBA,PHO,Rory White,whitero01
1982,NBA,SAS,Tony Grier,grierto01
1982,NBA,SEA,Ken Owens,owenske02
1982,NBA,MIL,Jerry Beck,beckje01
1982,NBA,LAL,Craig McCormick,mccorcr01
1982,NBA,PHI,Bruce Atkins,atkinbr01
1982,NBA,BOS,Greg Stewart,stewagr01
1982,NBA,CLE,Terry White,whitete02
1982,NBA,SDC,Gary Carter,cartega01
1982,NBA,UTA,Mike McKay,mckaymi01
1982,NBA,DAL,Kenny Arnold,arnolke01
1982,NBA,KCK,Kenny Simpson,simpske01
1982,NBA,NYK,Aaron Howard,howaraa01
1982,NBA,CHI,Rubin Jackson,jacksru02
1982,NBA,IND,Rich DiBenedetto,dibenri01
1982,NBA,DET,John Ebeling,ebelijo01
1982,NBA,ATL,Mark Hall,hallma01
1982,NBA,POR,Cherokee Rhone,rhonech01
1982,NBA,WSB,Clarence Dickerson,dickecl02
1982,NBA,NJN,Chris Giles,gilesch01
1982,NBA,GSW,Albert Irving,irvinal01
1982,NBA,HOU,Jeff Schneider,schneje01
1982,NBA,PHO,Marvin McCrary,mccrama01
1982,NBA,DEN,Bill Duffy,duffybi01
1982,NBA,SAS,Clarence Swannegan,swanncl01
1982,NBA,SEA,Rod Camp,campro01
1982,NBA,WSB,Jerry Davis,davisje01
1982,NBA,LAL,Howard McNeill,mcneiho01
1982,NBA,PHI,Donald Mason,masondo01
1982,NBA,BOS,William Brown,brownwi02
1982,NBA,CLE,Vince Reynolds,reynovi01
1982,NBA,SDC,Eric Marbury,marbuer01
1982,NBA,UTA,Alvin Jackson,jacksal02
1982,NBA,DAL,Wayne Waggoner,waggowa01
1982,NBA,KCK,Poncho Wright,wrighpo01
1982,NBA,NYK,Mike Kanieski,kaniemi01
1982,NBA,CHI,B. B. Fontenet,fontebb01
1982,NBA,IND,Jeff Clark,clarkje01
1982,NBA,DET,Gary Holmes,holmega01
1982,NBA,POR,Leo Cunningham,cunnile01
1982,NBA,ATL,Jay Bruchak,bruchja01
1982,NBA,WSB,Byron Williams,williby01
1982,NBA,NJN,Mel Daniel,danieme02
1982,NBA,GSW,David Vann,vannda01
1982,NBA,PHO,Jake Bethany,bethaja01
1982,NBA,DEN,Chris Brust,brustch01
1982,NBA,HOU,Don Wilson,wilsodo01
1982,NBA,SAS,Jaime Pena,penaja01
1982,NBA,SEA,Bobby Potts,pottsbo01
1982,NBA,MIL,Tony Carr,carrto02
1982,NBA,LAL,Lynden Rose,rosely01
1982,NBA,PHI,Kevin Boyle,boyleke01
1982,NBA,BOS,John Schweitz,schwejo01
1982,NBA,CLE,Randy Reed,reedra01
1982,NBA,SDC,Eddie Hughes,hugheed01
1982,NBA,UTA,Thad Garner,gardnth02
1982,NBA,DAL,Bob Grady,gradybo01
1982,NBA,KCK,Perry Range,rangepe01
1982,NBA,NYK,Phil Seymore,seymoph01
1982,NBA,CHI,Chuck Verderber,verdech01
1982,NBA,IND,Brad Leaf,leafbr01
1982,NBA,DET,Dean Marquardt,marqude01
1982,NBA,ATL,Horace Wyatt,wyattho01
1982,NBA,POR,Terry Long,longte01
1982,NBA,WSB,Wendell Gibson,gibsowe01
1982,NBA,NJN,Tony Anderson,anderto02
1982,NBA,GSW,Matt Waldron,waldrma01
1982,NBA,DEN,Jeb Barlow,barloje01
1982,NBA,HOU,Mike Helms,helmsmi01
1982,NBA,PHO,Phil Ward,wardph01
1982,NBA,SAS,Delonte Taylor,taylode01
1982,NBA,SEA,Allen Rayhorn,rayhoal01
1982,NBA,MIL,Bobby Austin,austibo01
1982,NBA,LAL,Maurice Williams,willima06
1982,NBA,PHI,Keith Hilliard,hillike01
1982,NBA,BOS,Phil Collins,colliph01
1982,NBA,CLE,Monty Knight,knighmo01
1982,NBA,SDC,Jacques Tuz,tuzja01
1982,NBA,UTA,Rick Campbell,campbri01
1982,NBA,DAL,Keith Peterson,peterke01
1982,NBA,KCK,Ed Nealy,nealyed01
1982,NBA,NYK,Dan Terwilliger,terwida01
1982,NBA,CHI,Mike Burns,burnsmi01
1982,NBA,IND,Donald Reese,reesedo01
1982,NBA,DET,Brian Nyenhuis,nyenhbr01
1982,NBA,POR,Dave Porter,porteda01
1982,NBA,ATL,James Ratiff,ratifja01
1982,NBA,WSB,Ken Luck,luckke01
1982,NBA,NJN,Otis Jackson,jacksot01
1982,NBA,GSW,Mark King,kingma02
1982,NBA,HOU,Dan Callandrillo,callada01
1982,NBA,PHO,Rick Elrod,elrodri01
1982,NBA,DEN,Donnie Speer,speerdo01
1982,NBA,SAS,Chris Faggi,faggich01
1982,NBA,SEA,Steve Burks,burksst01
1982,NBA,MIL,Bryan Leonard,leonabr01
1982,NBA,LAL,Micah Blunt,bluntmi01
1982,NBA,PHI,Donald Seals,sealsdo01
1982,NBA,BOS,Ed Spriggs,spriged01
1982,NBA,CLE,Tony Hafley,hafleto01
1982,NBA,SDC,John Hegwood,hegwojo01
1982,NBA,UTA,Riley Clarida,clariri01
1982,NBA,DAL,Ralph McPherson,mcphera01
1982,NBA,KCK,Jack Moore,mooreja03
1982,NBA,NYK,Merle Scott,scottme01
1982,NBA,CHI,Skip Dillard,dillask01
1982,NBA,IND,Mike Scearce,scearmi01
1982,NBA,DET,Kevin Smith,smithke05
1982,NBA,ATL,Pierre Bland,blandpi01
1982,NBA,POR,Mark Dearborn,dearbma01
1982,NBA,WSB,James Terry,terryja02
1982,NBA,NJN,Gary Johnson,johnsga01
1982,NBA,GSW,Nick Morken,morkeni01
1982,NBA,PHO,Ken Lyles,lyleske01
1982,NBA,DEN,Dean Sears,searsde01
1982,NBA,SAS,Harry O'Brien,obrieha01
1982,NBA,MIL,Robert Tate,tatero01
1982,NBA,LAL,Tim Byrne,byrneti01
1982,NBA,PHI,George Melton,meltoge01
1982,NBA,BOS,Panagiotis Giannakis,giannpa01
1982,NBA,CLE,Durand Walker,walkedu01
1982,NBA,SDC,Daryl Stovall,stovada01
1982,NBA,UTA,Michael Edwards,edwarmi03
1982,NBA,DAL,Albert Culton,cultoal01
1982,NBA,KCK,Robert Estes,estesro01
1982,NBA,NYK,John Leonard,leonajo01
1982,NBA,CHI,Tony Britto,brittto01
1982,NBA,IND,Craig Summers,summecr01
1982,NBA,DET,David Coulthard,coultda01
1982,NBA,POR,Grant Taylor,taylogr01
1982,NBA,ATL,Ronnie McAdoo,mcadoro01
1982,NBA,WSB,Donald Sinclair,sincldo01
1982,NBA,NJN,Sean Tuohy,tuohyse01
1982,NBA,GSW,Randy Whieldon,whielra01
1982,NBA,DEN,Mike Phillips,phillmi02
1982,NBA,PHO,Dale Wilkinson,wilkida01
1982,NBA,SAS,Keith White,whiteke01
1982,NBA,MIL,Bob Coenen,coenebo01
1982,NBA,PHI,Randy Burkert,burkera01
1982,NBA,BOS,Landon Turner,turnela01
1981,NBA,DAL,Mark Aguirre,aguirma01
1981,NBA,DET,Isiah Thomas,thomais01
1981,NBA,NJN,Buck Williams,willibu01
1981,NBA,ATL,Al Wood,woodal01
1981,NBA,SEA,Danny Vranes,vraneda01
1981,NBA,CHI,Orlando Woolridge,woolror01
1981,NBA,KCK,Steve Johnson,johnsst03
1981,NBA,SDC,Tom Chambers,chambto01
1981,NBA,DAL,Rolando Blackman,blackro01
1981,NBA,NJN,Albert King,kingal01
1981,NBA,WSB,Frank Johnson,johnsfr01
1981,NBA,DET,Kelly Tripucka,tripuke01
1981,NBA,UTA,Danny Schayes,schayda01
1981,NBA,IND,Herb Williams,willihe01
1981,NBA,POR,Jeff Lamp,lampje01
1981,NBA,POR,Darnell Valentine,valenda01
1981,NBA,KCK,Kevin Loder,loderke01
1981,NBA,NJN,Ray Tolbert,tolbera01
1981,NBA,LAL,Mike McGee,mcgeemi01
1981,NBA,PHO,Larry Nance,nancela01
1981,NBA,MIL,Alton Lister,listeal01
1981,NBA,PHI,Franklin Edwards,edwarfr01
1981,NBA,BOS,Charles Bradley,bradlch01
1981,NBA,DAL,Jay Vincent,vinceja01
1981,NBA,BOS,Tracy Jackson,jackstr01
1981,NBA,POR,Brian Jackson,jacksbr01
1981,NBA,UTA,Howard Wood,woodho01
1981,NBA,SAS,Gene Banks,banksge01
1981,NBA,KCK,Eddie Johnson,johnsed03
1981,NBA,SAS,Ed Rains,rainsed01
1981,NBA,BOS,Danny Ainge,aingeda01
1981,NBA,CHI,Mike Olliver,ollivmi01
1981,NBA,GSW,Sam Williams,willisa02
1981,NBA,DEN,Ken Green,greenke01
1981,NBA,WSB,Charles Davis,davisch02
1981,NBA,IND,Ray Blume,blumera01
1981,NBA,IND,Al Leslie,leslial01
1981,NBA,ATL,Clyde Bradshaw,bradscl01
1981,NBA,LAL,Harvey Knuckles,knuckha01
1981,NBA,NYK,Greg Cook,cookgr01
1981,NBA,WSB,Claude Gregory,gregocl01
1981,NBA,LAL,Elvis Rolle,rolleel01
1981,NBA,DAL,Elston Turner,turneel01
1981,NBA,WSB,Steve Lingenfelter,lingest01
1981,NBA,HOU,Ed Turner,turneed01
1981,NBA,PHI,Vernon Smith,smithve01
1981,NBA,DAL,Art Housey,housear01
1981,NBA,WSB,Mike Ferrara,ferrami01
1981,NBA,NJN,David Burns,burnsda01
1981,NBA,POR,Derek Holcomb,holcode01
1981,NBA,LAL,Zam Fredrick,fredrza01
1981,NBA,ATL,Rudy Macklin,macklru01
1981,NBA,SEA,Mark Radford,radfoma01
1981,NBA,SDC,Jim Smith,smithji01
1981,NBA,CLE,Mickey Dillard,dillami01
1981,NBA,GSW,Carlton Neverson,neverca01
1981,NBA,NYK,Frank Brickowski,brickfr01
1981,NBA,KCK,Curtis Berry,berrycu01
1981,NBA,CLE,Russell Bowers,bowerru01
1981,NBA,IND,Purvis Miller,millepu01
1981,NBA,POR,Pétur Guðmundsson,gudmupe01
1981,NBA,PHO,Sam Clancy,clancsa01
1981,NBA,NYK,Wayne McKoy,mckoywa01
1981,NBA,SAS,Tom Baker,bakerto01
1981,NBA,LAL,Ron Cornelius,cornero01
1981,NBA,PHO,Craig Dykema,dykemcr01
1981,NBA,MIL,Mark Smith,smithma01
1981,NBA,PHI,Ernest Graham,grahaer01
1981,NBA,BOS,John Johnson,johnsjo05
1981,NBA,DAL,Eddie Moss,mossed01
1981,NBA,DET,John May,mayjo01
1981,NBA,NJN,Ed Sherod,sheroed01
1981,NBA,UTA,Georgie Torres,torrege01
1981,NBA,CLE,Ethan Martin,martiet01
1981,NBA,ATL,Kevin Figaro,figarke01
1981,NBA,GSW,Lewis Lloyd,lloydle01
1981,NBA,SDC,Lee Raker,rakerle01
1981,NBA,KCK,Kenny Dennard,dennake01
1981,NBA,WSB,Ron Davis,davisro02
1981,NBA,GSW,Terry Adolph,adolpte01
1981,NBA,HOU,Larry Spriggs,sprigla01
1981,NBA,KCK,B.B. Davis,davisbb01
1981,NBA,IND,Rolando Frazer,fraziro01
1981,NBA,CHI,Oliver Lee,leeol01
1981,NBA,POR,Pete Verhoeven,verhope01
1981,NBA,NYK,Alex Bradley,bradlal02
1981,NBA,SAS,Earl Belcher,belchea01
1981,NBA,LAL,Kevin McKenna,mckenke01
1981,NBA,DET,Don Koonce,kooncdo01
1981,NBA,MIL,Kris Anderson,anderkr01
1981,NBA,BOS,Stanley Williams,willist01
1981,NBA,PHI,Rynn Wright,wrighry01
1981,NBA,DAL,Pete Budko,budkope01
1981,NBA,DET,George DeVone,devonge01
1981,NBA,NJN,Joe Cooper,coopejo01
1981,NBA,CLE,Kenny Page,pageke01
1981,NBA,UTA,Mike Clark,clarkmi01
1981,NBA,ATL,Steve Krafcisin,krafsst01
1981,NBA,SEA,Andra Griffin,griffan01
1981,NBA,SDC,Dennis Isbell,isbelde01
1981,NBA,DEN,Willie Sims,simswi01
1981,NBA,GSW,Hank McDowell,mcdowha01
1981,NBA,WSB,Garry Witts,wittsga01
1981,NBA,KCK,U.S. Reed,reedus01
1981,NBA,HOU,Hasan Houston,houstha01
1981,NBA,IND,George Peterson,peterge01
1981,NBA,POR,Herb Andrew,andrehe01
1981,NBA,CHI,Johnny Nash,nashjo01
1981,NBA,NYK,Jim Wright,wrighji01
1981,NBA,SAS,Mike Rhodes,rhodemi01
1981,NBA,LAL,Craig Watts,wattscr01
1981,NBA,PHO,Paul Heuerman,heuerpa01
1981,NBA,MIL,Kelvin Troy,troyke01
1981,NBA,PHI,Steve Craig,craigst01
1981,NBA,BOS,Glen Grunwald,grunwgl01
1981,NBA,DAL,Karl Bankowski,bankoka01
1981,NBA,DET,Vince Brookins,brookvi01
1981,NBA,NJN,Kevin Lynam,lynamke01
1981,NBA,UTA,Kevin Sprewer,sprewke01
1981,NBA,CLE,Aaron Strayhorn,strayaa01
1981,NBA,ATL,Darryl Warwick,warwida01
1981,NBA,SEA,Earl Banks,banksea01
1981,NBA,SDC,Mike Pepper,peppemi01
1981,NBA,DEN,Alonzo Weatherly,weathal01
1981,NBA,WSB,Robert Williams,williro07
1981,NBA,GSW,Carter Scott,scottca02
1981,NBA,HOU,Fred Cowan,cowanfr01
1981,NBA,KCK,Brian Walker,walkebr02
1981,NBA,IND,Robert Fronk,fronkro01
1981,NBA,CHI,Roger Burkman,burkmro01
1981,NBA,POR,Roshern Amie,arniero01
1981,NBA,NYK,John Blair,blairjo01
1981,NBA,SAS,Northern Shavers,shaveno01
1981,NBA,LAL,Kevin Singleton,singlke01
1981,NBA,PHO,Pete Harris,harripe02
1981,NBA,MIL,Jo Jo Hunter,huntejo01
1981,NBA,BOS,Steve Waite,waitest01
1981,NBA,PHI,Michael Thomas,thomami01
1981,NBA,DAL,Danny Davis,davisda03
1981,NBA,DET,Greg Nance,nancegr01
1981,NBA,NJN,Rod Roberson,roberro02
1981,NBA,CLE,Andre Smith,smithan02
1981,NBA,UTA,Mike Robinson,robinmi03
1981,NBA,ATL,Kevin Vesey,veseyke01
1981,NBA,SEA,Tom Sienkiewicz,sienkto01
1981,NBA,SDC,Randy Johnson,johnsra03
1981,NBA,DEN,Greg Manning,mannigr01
1981,NBA,GSW,Robbie Dosty,dostyro01
1981,NBA,WSB,Randy Martel,martera01
1981,NBA,KCK,Clinton Wheeler,wheelcl01
1981,NBA,HOU,Joe Faine,fainejo01
1981,NBA,IND,Larry McKinney,mckinla01
1981,NBA,POR,Julius Wayne,wayneju01
1981,NBA,CHI,Scott Williams,willisc02
1981,NBA,NYK,Terry Cramer,cramete01
1981,NBA,SAS,Mark Minderman,mindema01
1981,NBA,LAL,Larry Petty,pettyla01
1981,NBA,PHO,David Williams,willida03
1981,NBA,MIL,Lewis Latimore,latimle01
1981,NBA,PHI,John Crawford,crawfjo04
1981,NBA,BOS,Tom Seaman,seamato01
1981,NBA,DAL,David Kennedy,kenneda01
1981,NBA,DET,Joe Schoen,schoejo01
1981,NBA,NJN,Ken Webb,webbke01
1981,NBA,UTA,Bobby Cattage,cattabo01
1981,NBA,CLE,Glenn Marcus,marcugl01
1981,NBA,ATL,Gilbert Salinas,salingi01
1981,NBA,SDC,Todd Haynes,hayneto01
1981,NBA,DEN,Curtis Redding,reddicu01
1981,NBA,WSB,Mike Howard,howarmi01
1981,NBA,GSW,Yasutaka Okayama,okayaya01
1981,NBA,HOU,Stanley Brewer,brewest01
1981,NBA,KCK,Randy Smithson,smithra03
1981,NBA,IND,Len Hatzenbeller,hatzele01
1981,NBA,CHI,Ben Mitchell,mitchbe01
1981,NBA,POR,John Smith,smithjo07
1981,NBA,NYK,Brian O'Connor,oconnbr01
1981,NBA,SAS,Bob Bartholomew,barthbo01
1981,NBA,LAL,Jay Triano,trianja01
1981,NBA,PHO,Steve Risley,rislest01
1981,NBA,MIL,Mike Brkovich,brkovmi01
1981,NBA,BOS,George Morrow,morroge01
1981,NBA,PHI,Frank Gilroy,gilrofr01
1981,NBA,DAL,John Hollinden,hollijo01
1981,NBA,DET,Eddie Baker,bakered01
1981,NBA,NJN,Rudy Williams,williru01
1981,NBA,CLE,Paul Roba,robapa01
1981,NBA,UTA,Ken Ollie,ollieke02
1981,NBA,ATL,Howard Thompkins,thompho02
1981,NBA,SDC,Art Jones,jonesar01
1981,NBA,DEN,Andrew Burton,burtoan01
1981,NBA,GSW,Doug Murrey,murredo02
1981,NBA,WSB,Eddie Brown,browned01
1981,NBA,KCK,Mike Perry,perrymi01
1981,NBA,IND,Scott Whitley,whitlsc01
1981,NBA,POR,Sid Williams,willisi01
1981,NBA,CHI,Terry Martin,martite03
1981,NBA,NYK,Marty Headd,headdma01
1981,NBA,SAS,Leonel Marquetti,marqule01
1981,NBA,PHO,Brian Johnson,johnsbr03
1981,NBA,MIL,Chip Rucker,ruckech01
1981,NBA,PHI,Ron Wister,wistero01
1981,NBA,BOS,Greg McCray,mccragr01
1981,NBA,DAL,Scott Bolanko,bosansc01
1981,NBA,DET,Melvin Maxwell,maxweme01
1981,NBA,NJN,Vic Sison,sisonvi01
1981,NBA,UTA,Joe Merten,mertejo01
1981,NBA,CLE,Greg Boone,boonegr01
1981,NBA,ATL,Mike Frazier,frazimi02
1981,NBA,SDC,Tony Gwynn,gwynnto01
1981,NBA,DEN,Derrick Rowland,rowlade01
1981,NBA,WSB,Ralton Way,wayra01
1981,NBA,GSW,Barry Brooks,brookba01
1981,NBA,KCK,Mark Wilson,wilsoma01
1981,NBA,IND,Rodney Benson,bensoro01
1981,NBA,CHI,Kenny Easley,easleke01
1981,NBA,POR,Steve Cochran,cochrst01
1981,NBA,NYK,Kevin Rogers,rogerke01
1981,NBA,SAS,Alvin Brooks,brookal01
1981,NBA,PHO,Felton Sealey,sealefe01
1981,NBA,MIL,Artie Green,greenar01
1981,NBA,BOS,Kenny Matthews,matthke01
1981,NBA,PHI,Pete Mullenberg,mullepe01
1980,NBA,GSW,Joe Barry Carroll,carrojo01
1980,NBA,UTA,Darrell Griffith,griffda01
1980,NBA,BOS,Kevin McHale,mchalke01
1980,NBA,CHI,Kelvin Ransey,ranseke01
1980,NBA,DEN,James Ray,rayja01
1980,NBA,NJN,Mike O'Koren,okoremi01
1980,NBA,NJN,Mike Gminski,gminsmi01
1980,NBA,PHI,Andrew Toney,toneyan01
1980,NBA,SDC,Michael Brooks,brookmi01
1980,NBA,POR,Ronnie Lester,lestero01
1980,NBA,DAL,Kiki Vandeweghe,vandeki01
1980,NBA,NYK,Mike Woodson,woodsmi01
1980,NBA,GSW,Rickey Brown,brownri01
1980,NBA,WSB,Wes Matthews,matthwe01
1980,NBA,SAS,Reggie Johnson,johnsre01
1980,NBA,KCK,Hawkeye Whitney,whitnha02
1980,NBA,DET,Larry Drew,drewla01
1980,NBA,ATL,Don Collins,collido02
1980,NBA,UTA,John Duren,durenjo01
1980,NBA,SEA,Bill Hanzlik,hanzlbi01
1980,NBA,PHI,Monti Davis,davismo01
1980,NBA,CLE,Chad Kinch,kinchch01
1980,NBA,DEN,Carl Nicks,nicksca01
1980,NBA,GSW,Larry Smith,smithla01
1980,NBA,GSW,Jeff Ruland,rulanje01
1980,NBA,CHI,Sam Worthen,worthsa01
1980,NBA,HOU,John Stroud,stroujo01
1980,NBA,ATL,Craig Shelton,sheltcr01
1980,NBA,IND,Louis Orr,orrlo01
1980,NBA,IND,Kenny Natt,nattke01
1980,NBA,LAL,Wayne Robinson,robinwa01
1980,NBA,POR,David Lawrence,lawreda01
1980,NBA,POR,Bruce Collins,collibr01
1980,NBA,DAL,Roosevelt Bouie,bouiero01
1980,NBA,WSB,Rick Mahorn,mahorri01
1980,NBA,NYK,DeWayne Scales,scalede01
1980,NBA,LAL,Butch Carter,cartebu01
1980,NBA,HOU,Terry Stotts,stottte01
1980,NBA,SAS,Michael Wiley,wileymi01
1980,NBA,IND,Dick Miller,milledi01
1980,NBA,DEN,Jawann Oldham,oldhaja01
1980,NBA,PHO,Kimberly Belton,beltoki01
1980,NBA,HOU,Billy Williams,willibi01
1980,NBA,PHI,Clyde Austin,austicl01
1980,NBA,DET,Brad Branson,bransbr01
1980,NBA,BOS,Arnette Hallman,hallmar01
1980,NBA,DEN,Kurt Nimphius,nimphku01
1980,NBA,DEN,Eddie Lee,leeed01
1980,NBA,GSW,John Virgil,virgijo01
1980,NBA,CHI,James Wilkes,wilkeja02
1980,NBA,DEN,Ronnie Valentine,valenro01
1980,NBA,NJN,Lowes Moore,moorelo01
1980,NBA,CLE,Stuart House,housest01
1980,NBA,BOS,Ron Perry,perryro03
1980,NBA,CLE,Wayne Abrams,abramwa01
1980,NBA,POR,Mike Harper,harpemi01
1980,NBA,DAL,Dave Britton,brittda01
1980,NBA,NYK,Kurt Rambis,rambiku01
1980,NBA,PHO,John Campbell,campbjo01
1980,NBA,SAS,LaVon Mercer,mercela01
1980,NBA,SAS,Rich Yonakor,yonakri01
1980,NBA,KCK,Tony Murphy,murphto02
1980,NBA,MIL,Al Beal,bealal01
1980,NBA,DET,Jonathan Moore,moorejo03
1980,NBA,PHO,Doug True,truedo01
1980,NBA,SEA,Carl Bailey,baileca01
1980,NBA,PHI,Reggie Gaines,gainere02
1980,NBA,CLE,Ron Jones,jonesro04
1980,NBA,BOS,Don Newman,newmado01
1980,NBA,DET,Darwin Cook,cookda01
1980,NBA,GSW,Robert Scott,scottro01
1980,NBA,UTA,Alan Taylor,tayloal01
1980,NBA,DEN,Sammie Ellis,ellissa01
1980,NBA,CHI,Ron Charles,charlro01
1980,NBA,NJN,Rory Sparrow,sparrro01
1980,NBA,SDC,Ed Odom,odomed01
1980,NBA,CLE,Murray Brown,brownmu01
1980,NBA,IND,Rich Branning,brannri01
1980,NBA,POR,Kelvin Henderson,hendeke02
1980,NBA,DAL,David Johnson,johnsda05
1980,NBA,WSB,Francois Wise,wisefr01
1980,NBA,NYK,Joe Chrnelich,chmeljo01
1980,NBA,SAS,Calvin Roberts,roberca01
1980,NBA,HOU,Dean Hunger,hungede01
1980,NBA,PHI,Billy Bryant,bryanbi01
1980,NBA,MIL,Jeff Wolf,wolfje01
1980,NBA,LAL,Tony Jackson,jacksto02
1980,NBA,PHO,Leroy Stampley,stample01
1980,NBA,SEA,Gary Ray Hooker,hookera01
1980,NBA,PHI,Harold Hubbard,hubbaha01
1980,NBA,LAL,Ron Baxter,baxtero01
1980,NBA,BOS,Kevin Hamilton,hamilke01
1980,NBA,DET,Tony Fuller,fulleto01
1980,NBA,UTA,Wally West,westwa01
1980,NBA,GSW,Don Carfino,carlido01
1980,NBA,CHI,Mike Campbell,campbmi01
1980,NBA,DEN,James Patrick,patrija01
1980,NBA,NJN,Aaron Curry,curryaa01
1980,NBA,SDC,Wally Rank,rankwa01
1980,NBA,IND,Joe Galvin,galvijo01
1980,NBA,CLE,LaVon Williams,willila05
1980,NBA,POR,Larry Belin,belinla01
1980,NBA,DAL,Darrell Allums,allumda01
1980,NBA,NYK,William Carey,careywi01
1980,NBA,WSB,Daryl Strickland,stricda01
1980,NBA,HOU,Albert Jones,jonesal03
1980,NBA,SAS,Gib Hinz,hinzgi01
1980,NBA,KCK,Kelvin Blakely,blaklke01
1980,NBA,MIL,Ken Jones,joneske03
1980,NBA,ATL,Mike Doyle,doylemi02
1980,NBA,PHO,Mark Stevens,stevema01
1980,NBA,SEA,Lenny Horton,hortole01
1980,NBA,PHI,Jim Swaney,swaneji01
1980,NBA,LAL,Rick Raivio,raiviri01
1980,NBA,BOS,Rufus Harris,harriru01
1980,NBA,DET,Tony Turner,turneto02
1980,NBA,GSW,Neil Bresnahan,bresnne01
1980,NBA,UTA,Kenny Cunningham,cunnike01
1980,NBA,DEN,Ernie Hill,hiller02
1980,NBA,CHI,Bernard Rencher,renchbe01
1980,NBA,NJN,Rick Mattick,mattiri01
1980,NBA,SDC,Londale Theus,theuslo01
1980,NBA,CLE,Antonio Martin,martian01
1980,NBA,IND,Randy Owens,owensra01
1980,NBA,POR,Perry Mirkovich,mirkope01
1980,NBA,DAL,Leroy Jackson,jacksle02
1980,NBA,WSB,Ken Dancy,dancyke01
1980,NBA,NYK,Kelvin Hicks,hickske01
1980,NBA,SAS,Dean Uthoff,uthofde01
1980,NBA,HOU,Everette Jefferson,jeffeev01
1980,NBA,KCK,Trent Grooms,groomtr01
1980,NBA,MIL,Alex Gilbert,gilbeal01
1980,NBA,ATL,Mike Zagardo,zagarmi01
1980,NBA,PHO,Coby Leavitt,leavico01
1980,NBA,SEA,Jim Strickland,stricji01
1980,NBA,PHI,Donald Cooper,coopedo01
1980,NBA,LAL,Otis Boddie,boddiod01
1980,NBA,BOS,Kenny Evans,evanske02
1980,NBA,DET,Carl Pierce,piercca01
1980,NBA,UTA,Dave Colescott,colesda01
1980,NBA,GSW,Lorenzo Romar,romarlo01
1980,NBA,CHI,Robert Byrd,byrdro01
1980,NBA,DEN,Tommy Springer,sprinto01
1980,NBA,NJN,Larry Spicer,spicela01
1980,NBA,SDC,Paul Anderson,anderpa01
1980,NBA,IND,Charles Naddaff,naddach01
1980,NBA,CLE,Leroy Berry,berryle01
1980,NBA,POR,Gig Sims,simsgi01
1980,NBA,DAL,Tony Forch,forchto01
1980,NBA,NYK,Bobby Turner,turnebo01
1980,NBA,WSB,Karl Godine,godinka01
1980,NBA,HOU,Joe Nehls,nehlsjo01
1980,NBA,SAS,Alan Zahn,zahnal01
1980,NBA,KCK,Arnold McDowell,mcdowar01
1980,NBA,MIL,Ron White,whitero05
1980,NBA,ATL,Charles Hightower,hightch01
1980,NBA,PHO,Ron Williams,williro06
1980,NBA,SEA,Carl Ervin,ervinca01
1980,NBA,PHI,Richard Smith,smithri01
1980,NBA,BOS,Les Henson,hansole01
1980,NBA,DET,Leroy Loggins,loggile01
1980,NBA,GSW,Kurt Kanaskie,kanasku01
1980,NBA,UTA,Jim Brandon,brandji01
1980,NBA,CHI,Modzel Greer,greermo01
1980,NBA,NJN,Lloyd Terry,terryll01
1980,NBA,CLE,Jim Ellinghausen,ellinji01
1980,NBA,IND,Steve Stielper,stielst01
1980,NBA,POR,John Stroeder,stroejo01
1980,NBA,DAL,Clarence Kea,keacl01
1980,NBA,WSB,Rich Valavicius,valavri01
1980,NBA,NYK,James Salters,salteja01
1980,NBA,SAS,Bill Bailey,bailebi01
1980,NBA,HOU,Rosie Barnes,barnero01
1980,NBA,MIL,Keith Valentine,valenke01
1980,NBA,PHO,Jim Connolly,conolji01
1980,NBA,SEA,Al Dutch,dutchal01
1980,NBA,PHI,Martin Lemelle,lemelma01
1980,NBA,LAL,Melvin Hooker,hookeme01
1980,NBA,BOS,Steve Wright,wrighst02
1980,NBA,DET,Terry DuPris,duprite01
1980,NBA,UTA,Paul Renfro,renfrpa01
1980,NBA,GSW,Billy Reid,reidbi01
1980,NBA,CHI,Jay Shidler,shidlja01
1980,NBA,DEN,Jim Graziano,graziji01
1980,NBA,NJN,Barry Young,youngba01
1980,NBA,IND,Scott Rogers,rogersc01
1980,NBA,CLE,Melvin Crafter,craftme01
1980,NBA,POR,Rick Boucher,bouchri01
1980,NBA,DAL,Ken Williams,willike06
1980,NBA,NYK,Don Wiley,wileydo01
1980,NBA,WSB,Clinton Wyatt,wyattcl01
1980,NBA,SAS,Al Williams,willial04
1980,NBA,KCK,Charley Cole,colech01
1980,NBA,MIL,Del Yarbrough,yarbrde01
1980,NBA,ATL,Stanley Lamb,lambst01
1980,NBA,PHO,Keith French,frencke01
1980,NBA,SEA,Jim Tillman,tillmji02
1980,NBA,PHI,Luke Griffin,grifflu01
1980,NBA,BOS,Brian Jung,jungbr01
1980,NBA,GSW,Tim Higgins,higgiti01
1980,NBA,UTA,Leroy Coleman,colemle01
1980,NBA,DEN,Earl Sango,sangoea01
1980,NBA,CHI,Billy Foster,fostebi01
1980,NBA,IND,John Bates,batesjo01
1980,NBA,POR,Dave Kufeld,kufelda01
1980,NBA,DAL,Tom Morgan,morgato01
1980,NBA,WSB,Don Youman,youmado01
1980,NBA,NYK,Gerard Ross,rossge01
1980,NBA,SAS,Steve Schall,schalst01
1980,NBA,MIL,Melvin Crayton,craytme01
1980,NBA,PHO,Randy Carroll,carrora01
1980,NBA,SEA,Kent Williams,willike07
1980,NBA,PHI,Joe Hand,handjo01
1980,NBA,BOS,John Nolan,nolanjo01
1979,NBA,LAL,Magic Johnson,johnsma02
1979,NBA,CHI,Dave Greenwood,greenda01
1979,NBA,NYK,Bill Cartwright,cartwbi01
1979,NBA,DET,Greg Kelser,kelsegr01
1979,NBA,MIL,Sidney Moncrief,moncrsi01
1979,NBA,SEA,James Bailey,baileja01
1979,NBA,SEA,Vinnie Johnson,johnsvi01
1979,NBA,NJN,Calvin Natt,nattca01
1979,NBA,NYK,Larry Demic,demicla01
1979,NBA,DET,Roy Hamilton,hamilro01
1979,NBA,NJN,Cliff Robinson,robincl01
1979,NBA,POR,Jim Paxson,paxsoji02
1979,NBA,IND,Dudley Bradley,bradldu01
1979,NBA,LAL,Brad Holland,hollabr01
1979,NBA,DET,Phil Hubbard,hubbaph01
1979,NBA,PHI,Jim Spanarkel,spanaji01
1979,NBA,HOU,Lee Johnson,johnsle01
1979,NBA,KCK,Reggie King,kingre01
1979,NBA,SAS,Wiley Peck,peckwi01
1979,NBA,UTA,Larry Knight,knighla01
1979,NBA,NYK,Sly Williams,willisl01
1979,NBA,PHO,Kyle Macy,macyky01
1979,NBA,UTA,Tico Brown,brownti02
1979,NBA,PHO,Johnny High,highjo01
1979,NBA,LAL,Ollie Mack,mackol01
1979,NBA,CLE,Bruce Flowers,flowebr01
1979,NBA,NYK,Reggie Carter,cartere01
1979,NBA,GSW,Danny Salisbury,salisda01
1979,NBA,DET,Tony Price,priceto01
1979,NBA,DEN,Gary Garland,garlaga01
1979,NBA,MIL,Edgar Jones,jonesed01
1979,NBA,IND,Tony Zeno,zenoto01
1979,NBA,CHI,Lawrence Butler,butlela01
1979,NBA,NYK,Kim Goetz,goetzki01
1979,NBA,ATL,James Bradley,bradlja01
1979,NBA,PHI,Clint Richardson,richacl01
1979,NBA,PHI,Bernard Toone,toonebe01
1979,NBA,ATL,Larry Wilson,wilsola01
1979,NBA,LAL,Victor King,kingvi01
1979,NBA,POR,Andrew Fields,fieldan01
1979,NBA,LAL,Mark Young,youngma01
1979,NBA,HOU,Paul Mokeski,mokespa01
1979,NBA,SEA,Johnny Moore,moorejo01
1979,NBA,WSB,Joe DeSantis,desanjo01
1979,NBA,UTA,Arvid Kramer,kramear01
1979,NBA,WSB,Andrew Parker,parkean02
1979,NBA,CHI,Calvin Garrett,garreca01
1979,NBA,DET,Terry Duerod,duerote01
1979,NBA,CHI,Cedrick Hordges,hordgce01
1979,NBA,NYK,Geoff Huston,hustoge01
1979,NBA,NJN,John Gerdy,gerdyjo01
1979,NBA,MIL,Larry Gibson,gibsola01
1979,NBA,BOS,Wayne Kreklow,kreklwa01
1979,NBA,GSW,Cheese Johnson,johnsch02
1979,NBA,SDC,Tom Channel,channto01
1979,NBA,POR,Mickey Fox,foxmi01
1979,NBA,ATL,Don Marsh,marchdo01
1979,NBA,PHI,Earl Cureton,curetea01
1979,NBA,HOU,Ricardo Brown,brownri03
1979,NBA,LAL,Walter Daniels,daniewa01
1979,NBA,BOS,Ernesto Malcolm,malcoer01
1979,NBA,KCK,Terry Crosby,crosbte01
1979,NBA,SAS,Sylvester Norris,norrisy01
1979,NBA,PHO,Al Green,greenal01
1979,NBA,CLE,Bill Laimbeer,laimbbi01
1979,NBA,WSB,Charles Floyd,floydch01
1979,NBA,UTA,Greg Deane,deanegr01
1979,NBA,BOS,Nick Galis,galisni01
1979,NBA,MIL,Eugene Robinson,robineu01
1979,NBA,CLE,Rick Swing,swingri01
1979,NBA,NYK,Larry Rogers,rogerla01
1979,NBA,CHI,George Maynor,maynoge01
1979,NBA,SEA,James Donaldson,donalja01
1979,NBA,IND,Don Newman,newmado01
1979,NBA,GSW,Ron Ripley,riplero01
1979,NBA,HOU,Sammy Drummer,drummsa01
1979,NBA,SDC,Lionel Garrett,garreli01
1979,NBA,POR,Darryl Robinson,robinda02
1979,NBA,LAL,Ray White,whitera02
1979,NBA,HOU,Lionel Green,greenli02
1979,NBA,LAL,Ricky Reed,reedri02
1979,NBA,GSW,Jerry Sichting,sichtje01
1979,NBA,PHI,Mike Niles,nilesmi01
1979,NBA,SAS,Al Daniel,danieal01
1979,NBA,KCK,John McCullough,mcculjo01
1979,NBA,PHO,Malcolm Cesare,cesarma01
1979,NBA,SEA,Richie Allen,allenri01
1979,NBA,WSB,Lamont Reid,reidla01
1979,NBA,UTA,Perry Wolfe,perrywo01
1979,NBA,BOS,Jimmy Allen,allenji01
1979,NBA,CLE,Matt Simpkins,simpkma01
1979,NBA,DET,Flintie Ray Williams,willifl02
1979,NBA,CHI,Larry Washington,washila01
1979,NBA,NYK,Johnny Green,greenjo06
1979,NBA,NJN,Jim Abromaitis,abromji01
1979,NBA,GSW,George Lett,lettge01
1979,NBA,MIL,Jim Tillman,tillmji02
1979,NBA,IND,Billy Reid,reidbi01
1979,NBA,SDC,Greg Joyner,joynegr01
1979,NBA,POR,Matt White,whitema01
1979,NBA,ATL,Tiny Pinder,pindeti01
1979,NBA,DEN,Larry Williams,willila04
1979,NBA,PHI,Carl McPipe,mcpipca01
1979,NBA,HOU,Allen Leavell,leaveal01
1979,NBA,KCK,Curtis Watkins,watkicu01
1979,NBA,SAS,Steve Schall,schalst01
1979,NBA,PHO,Mark Eaton,eatonma01
1979,NBA,WSB,Marshall Ashford,ashfoma01
1979,NBA,UTA,Ernie Cobb,cobber01
1979,NBA,BOS,Marvin Delph,delphma01
1979,NBA,DET,Truman Claytor,clayttr01
1979,NBA,CLE,Jon Manning,mannijo02
1979,NBA,NYK,Phil Abney,abneyph01
1979,NBA,CHI,Steve Smith,smithst05
1979,NBA,NJN,Tony Smith,smithto04
1979,NBA,MIL,Derrick Mayes,mayesde01
1979,NBA,IND,Greg Guye,guyegr01
1979,NBA,GSW,Jim Mitchem,mitchji01
1979,NBA,SDC,Bob Bender,bendebo01
1979,NBA,POR,Ray Ellis,ellisra01
1979,NBA,ATL,Dwight Williams,willidw01
1979,NBA,DEN,Odell Ball,ballod01
1979,NBA,PHI,Dan Hartshorne,hartsda01
1979,NBA,HOU,Collie Davis,davisco01
1979,NBA,SAS,Terry Knight,knighte01
1979,NBA,KCK,Bob Roma,romabo01
1979,NBA,PHO,Dale Shackleford,shackda01
1979,NBA,WSB,Garcia Hopkins,hopkiga01
1979,NBA,UTA,Paul Poe,poepa01
1979,NBA,BOS,Steve Castellan,castest01
1979,NBA,CLE,Steve Skaggs,skaggst01
1979,NBA,DET,Ken Jones,joneske02
1979,NBA,CHI,Mike Eversley,eversmi01
1979,NBA,NYK,Marc Coleman,colemma02
1979,NBA,NJN,Jim Strickland,stricji01
1979,NBA,IND,Dirk Ewing,ewingdi01
1979,NBA,GSW,Ren Watson,watsore01
1979,NBA,MIL,Stan Ray,rayst01
1979,NBA,SDC,Jene Grey,greyje01
1979,NBA,POR,Jeff Tropf,tropfje01
1979,NBA,ATL,Tim Waterman,waterti01
1979,NBA,PHI,Bobby Willis,willibo02
1979,NBA,HOU,Rich Valavicius,valavri01
1979,NBA,DEN,John Johnson,johnsjo04
1979,NBA,KCK,Nick Daniels,danieni01
1979,NBA,SAS,Tyrone Branyan,branyty01
1979,NBA,PHO,Ollie Matson Jr.,matsool01
1979,NBA,UTA,Keith McDonald,mcdonke02
1979,NBA,BOS,Glenn Sudhop,sudhogl01
1979,NBA,DET,Rodney Lee,leero03
1979,NBA,CLE,Mark Haymore,haymoma01
1979,NBA,NYK,Billy Tucker,tuckebi01
1979,NBA,CHI,Tony Warren,warreto01
1979,NBA,NJN,Henry Hollingsworth,hollihe01
1979,NBA,GSW,Mario Butler,butlema01
1979,NBA,MIL,Larry Spicer,spicela01
1979,NBA,IND,Brian Magid,magidbr01
1979,NBA,SDC,Renaldo Lawrence,lawrere01
1979,NBA,POR,Willie Pounds,poundwi01
1979,NBA,ATL,John Goedeke,goedejo01
1979,NBA,HOU,Delbert Watson,watsode01
1979,NBA,DEN,Matt Teahan,teahama01
1979,NBA,PHI,Rick Raivio,raiviri01
1979,NBA,KCK,Tony Vann,vannto01
1979,NBA,PHO,Charles Jones,jonesch01
1979,NBA,WSB,Jo Jo Walters,waltejo01
1979,NBA,UTA,Milt Huggins,huggimi01
1979,NBA,BOS,Kevin Sinnett,sinneke01
1979,NBA,CLE,Tim Joyce,joyceti01
1979,NBA,DET,Val Bracey,braceva01
1979,NBA,CHI,James Jackson,jacksja04
1979,NBA,NYK,Brett Wyatt,wyattbr01
1979,NBA,NJN,Ricky Free,freeri01
1979,NBA,MIL,Roger Lapham,lapharo01
1979,NBA,GSW,Gene Ransom,ransoge01
1979,NBA,SDC,Mike Dodd,doddmi01
1979,NBA,POR,Stan Eckwood,eckwost01
1979,NBA,ATL,Cedric Oliver,olivece01
1979,NBA,DEN,Emmett Lewis,lewisem01
1979,NBA,PHI,Coby Leavitt,leavico01
1979,NBA,KCK,Gary Wilson,wilsoga01
1979,NBA,SAS,Eddie McLeod,mcleoed01
1979,NBA,PHO,Hosea Champine,champho01
1979,NBA,WSB,Gary Ray Hooker,hookera01
1979,NBA,UTA,Paul Dawkins,dawkipa01
1979,NBA,BOS,Alton Byrd,byrdal01
1979,NBA,DET,Willie Polk,polkwi01
1979,NBA,CLE,Terry Peavy,peavyte01
1979,NBA,NYK,Gordon Thomas,thomago01
1979,NBA,CHI,Marvin Thomas,thomsma01
1979,NBA,NJN,Eric Fleisher,fleiser01
1979,NBA,GSW,Kevin Heenan,heenake01
1979,NBA,MIL,Chris Fahrbach,fahrbch01
1979,NBA,SDC,Greg Hunter,huntegr01
1979,NBA,POR,Kelvin Small,smallke01
1979,NBA,ATL,Chad Nelson,nelsoch01
1979,NBA,CHI,Cortez Collins,collico01
1979,NBA,PHI,Keith McCord,mccorke01
1979,NBA,SAS,Glenn Fine,finegl01
1979,NBA,KCK,Russell Saunders,saundru01
1979,NBA,PHO,Korky Nelson,nelsoko01
1979,NBA,WSB,Steve Martin,martist01
1978,NBA,POR,Mychal Thompson,thompmy01
1978,NBA,KCK,Phil Ford,fordph01
1978,NBA,IND,Rick Robey,robeyri01
1978,NBA,NYK,Michael Ray Richardson,richami01
1978,NBA,GSW,Purvis Short,shortpu01
1978,NBA,BOS,Larry Bird,birdla01
1978,NBA,POR,Ron Brewer,brewero01
1978,NBA,BOS,Freeman Williams,willifr01
1978,NBA,CHI,Reggie Theus,theusre01
1978,NBA,ATL,Butch Lee,leebu01
1978,NBA,NOJ,James Hardy,hardyja01
1978,NBA,MIL,George Johnson,johnsge03
1978,NBA,NJN,Winford Boynes,boynewi01
1978,NBA,WSB,Roger Phegley,pheglro01
1978,NBA,CLE,Mike Mitchell,mitchmi01
1978,NBA,ATL,Jack Givens,givenja01
1978,NBA,DEN,Rod Griffin,griffro01
1978,NBA,WSB,Dave Corzine,corzida01
1978,NBA,PHO,Marty Byrnes,byrnema01
1978,NBA,SAS,Frankie Sanders,sandefr01
1978,NBA,DEN,Mike Evans,evansmi01
1978,NBA,GSW,Raymond Townsend,townsra01
1978,NBA,DET,Terry Tyler,tylerte01
1978,NBA,POR,Keith Herron,herroke01
1978,NBA,ATL,Rick Wilson,wilsori01
1978,NBA,LAL,Ron Carter,cartero01
1978,NBA,IND,Wayne Radford,radfowa01
1978,NBA,HOU,Buster Matheney,mathebu01
1978,NBA,DET,John Long,longjo01
1978,NBA,BOS,Jeff Judkins,judkije01
1978,NBA,CHI,Marvin Johnson,johnsma04
1978,NBA,NYK,John Rudd,ruddjo01
1978,NBA,CLE,Harry Davis,davisha01
1978,NBA,NYK,Greg Bunch,bunchgr01
1978,NBA,NOJ,Tommie Green,greento01
1978,NBA,PHI,Maurice Cheeks,cheekma01
1978,NBA,WSB,Terry Sykes,sykeste01
1978,NBA,LAL,Lew Massey,massele01
1978,NBA,SEA,James Lee,leeja01
1978,NBA,GSW,Wayne Cooper,coopewa01
1978,NBA,SDC,Jerome Whitehead,whiteje01
1978,NBA,SEA,Keven McDonald,mcdonke01
1978,NBA,PHI,Glenn Hagan,hagangl01
1978,NBA,POR,Clemon Johnson,johnscl01
1978,NBA,NJN,Mike Phillips,phillmi01
1978,NBA,DEN,Hollis Copeland,copelho01
1978,NBA,HOU,Billy Ray Bates,batesbi01
1978,NBA,SDC,Mike Santos,santomi01
1978,NBA,KCK,Jeff Cook,cookje01
1978,NBA,BOS,Dana Skinner,skinnda01
1978,NBA,SDC,Ricky Gallon,gallori01
1978,NBA,KCK,Mike Russell,russemi01
1978,NBA,CHI,Randy Ayers,ayersra01
1978,NBA,ATL,Steve Grant,grantst01
1978,NBA,NYK,Marc Iavaroni,iavarma01
1978,NBA,GSW,Steve Neff,neffst01
1978,NBA,CLE,Kenny Higgs,higgske01
1978,NBA,WSB,Rick Apke,apkeri01
1978,NBA,MIL,Pat Cummings,cummipa01
1978,NBA,LAL,Michael Cooper,coopemi01
1978,NBA,SEA,Dave Baxter,baxteda01
1978,NBA,NJN,Dave Batton,battoda01
1978,NBA,PHO,Joel Kramer,kramejo01
1978,NBA,SAS,Gerald Henderson,hendege01
1978,NBA,SDC,Marvin Delph,delphma01
1978,NBA,POR,Sterling Edmonds,edmunst01
1978,NBA,HOU,Jackie Robinson,robinja01
1978,NBA,SDC,Jim Boylan,boylaji01
1978,NBA,HOU,Joel Thompson,thompjo02
1978,NBA,KCK,Geoff Crompton,crompge01
1978,NBA,IND,Rickey Lee,leeri01
1978,NBA,BOS,Dave Nelson,nelsoda01
1978,NBA,SDC,Larry Harris,harrila01
1978,NBA,NOJ,Mel Davis,davisme02
1978,NBA,NOJ,Jeff Covington,covinje01
1978,NBA,SDC,Leroy McDonald,mcdonle01
1978,NBA,GSW,Derrick Jackson,jacksde02
1978,NBA,CLE,Stan Rome,romest01
1978,NBA,NYK,Erving Giddings,giddier01
1978,NBA,MIL,Otis Howard,howarot01
1978,NBA,WSB,Lawrence Boston,bostola01
1978,NBA,LAL,Harold Robertson,roberha01
1978,NBA,SEA,Billy Lewis,lewisbi01
1978,NBA,NJN,Walter Jordan,jordawa01
1978,NBA,PHO,Bob Miller,millebo01
1978,NBA,SAS,Rich Adams,adamsri01
1978,NBA,PHI,Brett Vroman,vromabr01
1978,NBA,PHO,Wayne Smith,smithwa01
1978,NBA,NJN,Cecil Rose,rosece01
1978,NBA,SDC,David Thompson,thompda02
1978,NBA,HOU,Gary Goodner,goodnga01
1978,NBA,IND,James Sparrow,sparrja01
1978,NBA,KCK,Derrick Clairborne,clairde01
1978,NBA,BOS,Greg Tynes,tynesgr01
1978,NBA,DET,Dave Caligaris,caligda01
1978,NBA,NOJ,Duck Williams,willidu01
1978,NBA,CHI,Ron Anthony,anthoro01
1978,NBA,ATL,Chris Potter,pottech01
1978,NBA,CLE,Ken Koenigs,koenike01
1978,NBA,NYK,Greg Green,greengr01
1978,NBA,GSW,Bubba Wilson,wilsobu01
1978,NBA,WSB,Roger Dickens,dickero01
1978,NBA,MIL,Russ Coleman,colemru01
1978,NBA,LAL,Carlos Terry,terryca01
1978,NBA,SEA,Ralph Drollinger,drollra01
1978,NBA,DEN,Michael Edwards,edwarmi02
1978,NBA,PHO,Andre Wakefield,wakefan01
1978,NBA,SAS,Eugene Parker,parkeeu01
1978,NBA,PHI,Mark Haymore,haymoma01
1978,NBA,POR,Clay Johnson,johnscl02
1978,NBA,NJN,Golie Augustus,augusgo01
1978,NBA,SDC,Bob Misevicius,miscebo01
1978,NBA,HOU,Eddie Joe Chavez,chaveed01
1978,NBA,KCK,Jim Krivacs,krivaji01
1978,NBA,IND,Sherman Dillard,dillash02
1978,NBA,BOS,Dave Winey,wineyda01
1978,NBA,DET,Audie Matthews,matthau01
1978,NBA,NOJ,John Douglas,dougljo01
1978,NBA,CHI,John Shoemaker,shoemjo01
1978,NBA,ATL,Gerald Glover,glovege01
1978,NBA,NYK,Eddie Warren,warreed01
1978,NBA,GSW,Buzz Harnett,hartnbu01
1978,NBA,CLE,Ron Bell,bellro01
1978,NBA,MIL,Dave Kyle,kyleda01
1978,NBA,WSB,Archie Aldridge,aldriar01
1978,NBA,LAL,Kim Stewart,stewaki01
1978,NBA,DEN,Robert Heard,heardro01
1978,NBA,PHO,Charles Thompson,thompch01
1978,NBA,SAS,Harry Morgan,morgaha01
1978,NBA,PHI,Osborne Lockhart,lockhos01
1978,NBA,POR,Tim Evans,evansti01
1978,NBA,NJN,Doug Jemison,jemisdo01
1978,NBA,SDC,Stan Pietkiewicz,pietkst01
1978,NBA,HOU,Stan Stewart,stewast01
1978,NBA,IND,Ollie Matson Jr.,matsool01
1978,NBA,KCK,Charles McMillian,mcmilch01
1978,NBA,BOS,Steve Balkun,balkust01
1978,NBA,DET,Herb Entzminger,entzmhe01
1978,NBA,NOJ,Willie Howard,howarwi02
1978,NBA,CHI,Jarvis Reynolds,reynoja01
1978,NBA,ATL,Jim DeWeese,deweeji01
1978,NBA,GSW,Rick Bernard,bernari01
1978,NBA,CLE,Tony Smith,smithto04
1978,NBA,NYK,Gary Pember,pembega01
1978,NBA,WSB,Ed Hopkins,hopkied01
1978,NBA,MIL,Kim Anderson,anderki01
1978,NBA,LAL,Larry Paige,paigela01
1978,NBA,DEN,Jack Gilloon,gilloja01
1978,NBA,PHO,Steve Malovic,malovst01
1978,NBA,SAS,Hector Olivencia,olivehe01
1978,NBA,PHI,Anthony Murray,murraan01
1978,NBA,POR,Walter Reason,reasowa01
1978,NBA,NJN,Bruce Campbell,campbbr01
1978,NBA,SDC,Felton Young,youngfe01
1978,NBA,KCK,Ron Hammye,hammyro01
1978,NBA,BOS,Kim Fisher,fisheki01
1978,NBA,DET,Earl Evans,evansea01
1978,NBA,NOJ,Carl Kilpatrick,kilpaca01
1978,NBA,CHI,Chubby Cox,coxch01
1978,NBA,ATL,Ed Murphy,murphed01
1978,NBA,CLE,Roland Martin,martiro01
1978,NBA,NYK,Greg Sanders,sandegr01
1978,NBA,GSW,Tony Searcy,searcto01
1978,NBA,MIL,Tom Zaliagiris,zaligto01
1978,NBA,WSB,Nestor Cora,corane01
1978,NBA,DEN,Larry Vaculik,vaculla01
1978,NBA,PHO,George Fowler,fowlege01
1978,NBA,SAS,Henry Taylor,taylohe01
1978,NBA,PHI,Alan Cunningham,cunnial01
1978,NBA,POR,Mark Wickman,wickmma01
1978,NBA,NJN,Frank Sowinski,sowinfr01
1978,NBA,SDC,Bobby White,whitebo01
1978,NBA,BOS,Les Anderson,anderle01
1978,NBA,DET,Ulice Payne,payneul01
1978,NBA,NOJ,Chad Nelson,nelsoch01
1978,NBA,CHI,Joe Ponsetto,ponsejo01
1978,NBA,ATL,Maurice Robinson,robinma01
1978,NBA,NYK,Denny Fields,fieldda01
1978,NBA,GSW,Bobby Humbles,humblbo01
1978,NBA,CLE,Steve Bayless,baylest01
1978,NBA,WSB,Tim Claxton,claxtti01
1978,NBA,MIL,Gary Rosenberger,rosenga01
1978,NBA,DEN,Tom Schneeberger,schneto01
1978,NBA,PHO,Nate Stokes,stokena01
1978,NBA,SAS,Rick Taylor,taylori01
1978,NBA,POR,Paul Cozens,cozenpa01
1978,NBA,NJN,Michael Vicens,vicenmi01
1978,NBA,BOS,Walter Harrigan,harriwa01
1978,NBA,DET,Dave Grauzer,grauzda01
1978,NBA,NOJ,Rickey Williams,williri01
1978,NBA,CHI,Mark Tucker,tuckema01
1978,NBA,ATL,Marshall Lester,lestema01
1978,NBA,GSW,Mike Muff,muffmi01
1978,NBA,CLE,Gary Winton,winstga01
1978,NBA,NYK,Ernest Simons,simoner01
1978,NBA,MIL,Tom Anderson,anderto01
1978,NBA,WSB,Steve Connor,connost01
1978,NBA,DEN,Phil Taylor,tayloph01
1978,NBA,PHO,Lewis Cohen,cohenle01
1978,NBA,SAS,Larry Brewster,brewsla01
1978,NBA,PHI,Dennis James,jamesde02
1978,NBA,POR,Tim Warkentin,workiti01
1977,NBA,MIL,Kent Benson,bensoke01
1977,NBA,KCK,Otis Birdsong,birdsot01
1977,NBA,MIL,Marques Johnson,johnsma01
1977,NBA,WSB,Greg Ballard,ballagr01
1977,NBA,PHO,Walter Davis,daviswa03
1977,NBA,LAL,Kenny Carr,carrke01
1977,NBA,NJN,Bernard King,kingbe01
1977,NBA,SEA,Jack Sikma,sikmaja01
1977,NBA,DEN,Tom LaGarde,lagarto01
1977,NBA,NYK,Ray Williams,willira01
1977,NBA,MIL,Ernie Grunfeld,grunfer01
1977,NBA,BOS,Cedric Maxwell,maxwece01
1977,NBA,CHI,Tate Armstrong,armstta01
1977,NBA,ATL,Tree Rollins,rollitr01
1977,NBA,LAL,Brad Davis,davisbr01
1977,NBA,GSW,Rickey Green,greenri01
1977,NBA,WSB,Bo Ellis,ellisbo02
1977,NBA,GSW,Wesley Cox,coxwe01
1977,NBA,POR,Rich Laurel,laureri01
1977,NBA,PHI,Glenn Mosley,moslegl01
1977,NBA,DEN,Anthony Roberts,roberan01
1977,NBA,LAL,Norm Nixon,nixonno01
1977,NBA,CHI,Mike Glenn,glennmi01
1977,NBA,BUF,Larry Johnson,johnsla01
1977,NBA,PHI,Wilson Washington,washiwi01
1977,NBA,NYK,Glen Gondrezick,gondrgl01
1977,NBA,MIL,Glen Williams,willigl01
1977,NBA,POR,Kim Anderson,anderki01
1977,NBA,IND,Alonzo Bradley,bradlal01
1977,NBA,CHI,Steve Sheppard,sheppst01
1977,NBA,KCK,Eddie Owens,owensed01
1977,NBA,NYK,Toby Knight,knighto01
1977,NBA,CLE,Eddie Jordan,jordaed01
1977,NBA,HOU,Larry Moffett,moffela01
1977,NBA,CHI,Mark Landsberger,landsma01
1977,NBA,DET,Ben Poquette,poquebe01
1977,NBA,SAS,Jeff Wilkins,wilkije01
1977,NBA,GSW,Ricky Love,loveri01
1977,NBA,WSB,Phil Walker,walkeph01
1977,NBA,HOU,Robert Reid,reidro01
1977,NBA,POR,T.R. Dunn,dunntr01
1977,NBA,PHI,Bob Elliott,elliobo01
1977,NBA,PHI,Herm Harris,harrihe02
1977,NBA,NOJ,Essie Hollis,hollies01
1977,NBA,KCK,Bill Paterno,paterbi01
1977,NBA,LAL,James Edwards,edwarja01
1977,NBA,MIL,Gary Yoder,yoderga01
1977,NBA,ATL,Sam Smith,smithsa02
1977,NBA,ATL,Eddie Johnson,johnsed02
1977,NBA,NOJ,Tony Hanson,hansoto01
1977,NBA,IND,Stan Mayhew,mayhest01
1977,NBA,SEA,Joe Hassett,hassejo01
1977,NBA,KCK,John Kuester,kuestjo01
1977,NBA,NYK,Lloyd McMillian,mcmilll01
1977,NBA,CLE,Steve Grote,grotest01
1977,NBA,BOS,Skip Brown,brownsk01
1977,NBA,WSB,Steve Puidokas,puidost01
1977,NBA,DET,John Irving,irvinjo01
1977,NBA,SAS,Dan Henderson,hendeda02
1977,NBA,GSW,Marlon Redmond,redmoma01
1977,NBA,WSB,Jerry Schellenberg,schelje01
1977,NBA,HOU,Phil Bond,bondph01
1977,NBA,POR,Ricky Brown,brownri02
1977,NBA,PHI,Arnold Dugger,duggear01
1977,NBA,DEN,Robert Smith,smithro01
1977,NBA,PHO,Mike Bratz,bratzmi01
1977,NBA,NJN,Bob Elmore,elmorbo01
1977,NBA,BUF,Melvin Watkins,watkime01
1977,NBA,MIL,Lewis Brown,brownle02
1977,NBA,ATL,Dave Bormann,bormada01
1977,NBA,PHO,Greg Griffin,griffgr01
1977,NBA,NOJ,Dennis Boyd,boydde01
1977,NBA,IND,George Pendleton,pendlge01
1977,NBA,SEA,Jim Cooper,coopeji01
1977,NBA,KCK,Larry Williams,willila03
1977,NBA,NYK,Steve Hayes,hayesst01
1977,NBA,CLE,Melvin Jones,jonesme02
1977,NBA,BOS,Jeff Cummings,cummije01
1977,NBA,CHI,Mike McConalthy,mcconmi02
1977,NBA,DET,Bruce King,kingbr02
1977,NBA,SAS,Matt Hicks,hicksma01
1977,NBA,GSW,Roy Smith,smithro03
1977,NBA,WSB,David Reavis,reavida01
1977,NBA,HOU,Rocky Smith,smithro04
1977,NBA,POR,Greg White,whitegr01
1977,NBA,PHI,Jeff Jonas,jonesja05
1977,NBA,GSW,Leartha Scott,scottle01
1977,NBA,LAL,Tony Robertson,roberto01
1977,NBA,NJN,Gerald Cunningham,cunnige02
1977,NBA,BUF,Mike Hanley,hanlemi01
1977,NBA,MIL,Ron Norwood,norworo01
1977,NBA,ATL,Bill Gordon,gordobi01
1977,NBA,PHO,Cecil Rellford,rellfce01
1977,NBA,NOJ,Jim Grady,gradyji01
1977,NBA,IND,Marvin Jackson,jacksma03
1977,NBA,SEA,Dale Haverman,haberda01
1977,NBA,KCK,Bob Chapman,chapmbo01
1977,NBA,NYK,Bill Terry,terrybi01
1977,NBA,CLE,Al Smith,smithal02
1977,NBA,BOS,Bill Langloh,langlbi01
1977,NBA,CHI,Nate Davis,davisna01
1977,NBA,DET,Jim Kennedy,kenneji01
1977,NBA,SAS,Scott Sims,simssc01
1977,NBA,GSW,Ray Epps,eppsra01
1977,NBA,WSB,Bruce Parkinson,parkibr01
1977,NBA,HOU,Ed Thompson,thomped02
1977,NBA,POR,Donn Wilber,wilbedo01
1977,NBA,PHI,Teko Wynder,wyndete01
1977,NBA,DEN,John Billips,billujo01
1977,NBA,LAL,John Robinson,robinjo01
1977,NBA,NJN,Mark Crow,crowma01
1977,NBA,BUF,Curvan Lewis,lewiscu01
1977,NBA,MIL,Chuck Goodyear,goodych01
1977,NBA,ATL,Calvin Crews,crewsca01
1977,NBA,PHO,Billy McKinney,mckinbi01
1977,NBA,NOJ,Wayne Golden,goldewa01
1977,NBA,IND,Tom Scheffler,schefto01
1977,NBA,SEA,Bucky O'Brien,obriebu01
1977,NBA,KCK,Bob Cooper,coopebo01
1977,NBA,NYK,Jerry Craycraft,graycje01
1977,NBA,CLE,Ron Cox,coxro01
1977,NBA,BOS,Roy Pace,pacero01
1977,NBA,CHI,Jay Cheesman,chessja01
1977,NBA,DET,Herb Nobles,noblehe01
1977,NBA,SAS,Bruce Buckley,bucklbr01
1977,NBA,GSW,Jack Phelan,phelaja03
1977,NBA,WSB,Ernie Wansley,wansler01
1977,NBA,POR,Myron Jordan,jordamy01
1977,NBA,PHI,George Gibson,gibsoge01
1977,NBA,DEN,Jim Town,townji01
1977,NBA,LAL,Grover Woolard,woolagr01
1977,NBA,NJN,Scott Conant,conansc01
1977,NBA,BUF,Mike Jackson,jacksmi03
1977,NBA,MIL,Ron Bostick,bostiro01
1977,NBA,ATL,James Holliman,hollija01
1977,NBA,PHO,Alvin Scott,scottal01
1977,NBA,NOJ,Lusia Harris,harrilu02
1977,NBA,SEA,Billy Reynolds,reynobi01
1977,NBA,KCK,Caitlyn Jenner,jennebr01
1977,NBA,NYK,Tom Weadock,weadoto01
1977,NBA,CLE,Bob Riddle,riddlbo01
1977,NBA,BOS,Dave Kyle,kyleda01
1977,NBA,CHI,Mike Smith,smithmi04
1977,NBA,DET,Robert Lewis,lewisro01
1977,NBA,SAS,Richard Robinson,robinri01
1977,NBA,GSW,Jerry Thruston,thursje01
1977,NBA,WSB,Calvin Brown,brownca03
1977,NBA,POR,Don Smith,smithdo05
1977,NBA,PHI,Dennis Forrest,foresde01
1977,NBA,DEN,Willie High,highwi01
1977,NBA,LAL,Lars Hansen,hansela01
1977,NBA,NJN,Ralph Drollinger,drollra01
1977,NBA,BUF,Emery Sammons,sammoem01
1977,NBA,MIL,Larry Pikes,pikesla01
1977,NBA,ATL,Verne Thompson,thompve01
1977,NBA,PHO,Alvin Joseph,josepal01
1977,NBA,NOJ,Dave Speicher,speicda01
1977,NBA,SEA,Jeff Frey,freyje01
1977,NBA,NYK,Ken Slappy,slappke01
1977,NBA,CLE,Tom Cutter,cutteto01
1977,NBA,BOS,Tom Harris,harrito03
1977,NBA,CHI,Rich Rhodes,rhoderi01
1977,NBA,DET,Tim Appleton,appleti01
1977,NBA,SAS,Jerome Gladney,gladnje01
1977,NBA,GSW,Ricky Marsh,marshri01
1977,NBA,WSB,Pat McKinley,mckinpa01
1977,NBA,POR,Harold Rhodes,rhodeha01
1977,NBA,PHI,John Olive,olivejo01
1977,NBA,DEN,Len Sanders,saundle01
1977,NBA,LAL,Art Allen,allenar01
1976,NBA,HOU,John Lucas,lucasjo01
1976,NBA,CHI,Scott May,maysc01
1976,NBA,KCK,Richard Washington,washiri01
1976,NBA,DET,Leon Douglas,douglle01
1976,NBA,POR,Wally Walker,walkewa01
1976,NBA,BUF,Adrian Dantley,dantlad01
1976,NBA,MIL,Quinn Buckner,bucknqu01
1976,NBA,GSW,Robert Parish,parisro01
1976,NBA,ATL,Armond Hill,hillar01
1976,NBA,PHO,Ron Lee,leero01
1976,NBA,SEA,Bob Wilkerson,wilkebo01
1976,NBA,PHI,Terry Furlow,furlote01
1976,NBA,WSB,Mitch Kupchak,kupchmi01
1976,NBA,WSB,Larry Wright,wrighla01
1976,NBA,CLE,Chuckie Williams,willich03
1976,NBA,BOS,Norm Cook,cookno01
1976,NBA,GSW,Sonny Parker,parkeso01
1976,NBA,CHI,Willie Smith,smithwi02
1976,NBA,SEA,Bayard Forrest,forreba01
1976,NBA,POR,Major Jones,jonesma01
1976,NBA,LAL,Earl Tatum,tatumea01
1976,NBA,POR,Johnny Davis,davisjo01
1976,NBA,MIL,Alex English,englial01
1976,NBA,MIL,Scott Lloyd,lloydsc01
1976,NBA,NYK,Lonnie Shelton,sheltlo01
1976,NBA,NOJ,Jacky Dorsey,dorseja01
1976,NBA,HOU,Phil Hicks,hicksph01
1976,NBA,ATL,Bob Carrington,carribo01
1976,NBA,SEA,Dennis Johnson,johnsde01
1976,NBA,PHO,Al Fleming,flemial01
1976,NBA,WSB,Joe Pace,pacejo01
1976,NBA,CLE,Mo Howard,howarmo01
1976,NBA,PHO,Butch Feher,feherbu01
1976,NBA,GSW,Marshall Rogers,rogerma01
1976,NBA,CHI,Dallas Smith,smithda01
1976,NBA,LAL,Mike Dabney,dabnemi01
1976,NBA,CHI,Lars Hansen,hansela01
1976,NBA,DET,Phil Sellers,selleph01
1976,NBA,POR,Jeff Tyson,tysonje01
1976,NBA,MIL,Lloyd Walton,waltoll01
1976,NBA,NYK,John McGill,mcgiljo01
1976,NBA,NOJ,Steve Copp,coppst01
1976,NBA,LAL,Tom Abernethy,abernto01
1976,NBA,HOU,Barnes Hauptfuhrer,hauptba01
1976,NBA,PHO,Ira Terrell,terreir01
1976,NBA,ATL,Larry Cooke,cookela01
1976,NBA,PHI,Ron Norwood,norworo01
1976,NBA,BUF,Gary Brewster,brewsga01
1976,NBA,WSB,Bill Cook,cookbi01
1976,NBA,CLE,Abdul Jeelani,jeelaab01
1976,NBA,BOS,Jerry Fort,fortje01
1976,NBA,CHI,Keith Starr,starrke01
1976,NBA,ATL,Tom Barker,barketo01
1976,NBA,KCK,Clarence Ramsey,ramsecl01
1976,NBA,DET,Scott Thompson,thompsc01
1976,NBA,POR,David Everett,evereda01
1976,NBA,NYK,Rick Bullock,bullori01
1976,NBA,NOJ,John Service,servijo01
1976,NBA,MIL,Dan Frost,frostda01
1976,NBA,LAL,Wayman Britt,brittwa01
1976,NBA,HOU,Hercle Ivy,ivyhe01
1976,NBA,PHO,Paul Miller,millepa01
1976,NBA,SEA,Willie Parr,parrwi01
1976,NBA,PHI,Freeman Blade,bladefr01
1976,NBA,WSB,Marion Hillard,hillama01
1976,NBA,CLE,John Engles,englejo01
1976,NBA,BOS,Lewis Linder,lindele01
1976,NBA,GSW,Jeff Fosnes,fosneje01
1976,NBA,CHI,Nate Williams,willina02
1976,NBA,ATL,Ron Davis,davisro01
1976,NBA,KCK,Willie Hodge,hodgewi01
1976,NBA,DET,Jim Hearns,hearnji01
1976,NBA,POR,Gary Redding,reddiga01
1976,NBA,NOJ,Paul Griffin,griffpa01
1976,NBA,MIL,Tom Lockhart,lockhto01
1976,NBA,NYK,Beaver Smith,smithbe01
1976,NBA,MIL,James Rappis,rappija01
1976,NBA,HOU,Dave Marrs,marrsda01
1976,NBA,PHO,Ralph Walker,walkera01
1976,NBA,SEA,Robert Gray,grayro02
1976,NBA,PHI,Jeff Brown,brownje01
1976,NBA,ATL,Connie White,whiteco02
1976,NBA,WSB,L.C. Mason,masonlc01
1976,NBA,CLE,Edmund Lawrence,lawreed01
1976,NBA,BOS,Lewis McKinney,mckinlo01
1976,NBA,GSW,Carl Bird,birdca01
1976,NBA,CHI,Tom Paulin,paulito01
1976,NBA,ATL,Pete Padgett,padgepe01
1976,NBA,KCK,Andre McCarter,mccaran01
1976,NBA,DET,Russell Davis,davisru01
1976,NBA,GSW,Dwayne Barnett,barnedu01
1976,NBA,MIL,Phil Spence,spencph01
1976,NBA,NYK,Joe Jones,jonesjo03
1976,NBA,NOJ,Bernard Tomlin,tomliba01
1976,NBA,LAL,Ed Schweitzer,schweed01
1976,NBA,HOU,Robert Paige,paigero01
1976,NBA,PHO,Carl Brown,brownca02
1976,NBA,SEA,Daryl Peterson,peterda01
1976,NBA,PHI,Mike Dunleavy,dunlemi01
1976,NBA,BUF,Danny Odums,odumsda01
1976,NBA,WSB,Pat Tallent,tallepa01
1976,NBA,CLE,Harry Davis,davisha02
1976,NBA,BOS,Art Collins,colliar01
1976,NBA,GSW,Gene Cunningham,cunnige01
1976,NBA,CHI,Barry McLeod,mcleoba01
1976,NBA,ATL,Carl Gerlach,gerlaca01
1976,NBA,KCK,Craig Prosser,prosscr01
1976,NBA,DET,Curt Peterson,petercu01
1976,NBA,POR,Al DeWitt,dewital01
1976,NBA,NYK,Boyd Batts,battsbo01
1976,NBA,NOJ,Andy Walker,walkean01
1976,NBA,MIL,Ron Barrow,barroro01
1976,NBA,LAL,Tommie Lipsey,lipseto01
1976,NBA,HOU,Barry Davis,davisba02
1976,NBA,PHO,Brad Warble,warblbr01
1976,NBA,SEA,Mark Klein,kleinma01
1976,NBA,PHI,Phil Walker,walkeph01
1976,NBA,BUF,Frank Jones,jonesfr03
1976,NBA,WSB,Ralph Vallot,vallora01
1976,NBA,CLE,Johnny Britt,brittjo01
1976,NBA,BOS,Ralph Drollinger,drollra01
1976,NBA,GSW,Jesse Campbell,campbje01
1976,NBA,CLE,Dale Koehler,koehlda01
1976,NBA,ATL,Doug Terry,terrydo01
1976,NBA,KCK,Mike Davis,davismi05
1976,NBA,DET,Randy Henry,henryra01
1976,NBA,POR,Brant Gibler,gibblbr01
1976,NBA,NOJ,Richard Bryant,bryanri01
1976,NBA,MIL,Bob Warner,warnebo01
1976,NBA,NYK,Rick McCutcheon,mccutri01
1976,NBA,LAL,Ed Gregg,gregged01
1976,NBA,HOU,Dan Krueger,krugeda01
1976,NBA,PHO,Tom DeBerry,deberto01
1976,NBA,SEA,Norton Barnhill,barnhno01
1976,NBA,PHI,Lee Dixon,dixonle01
1976,NBA,BUF,Mark McAndrew,mcandma01
1976,NBA,WSB,Merlin Wilson,wilsome01
1976,NBA,CLE,Tim Sisneros,sisneti01
1976,NBA,BOS,John Clark,clarkjo02
1976,NBA,GSW,Stan Boskovich,boskost01
1976,NBA,CHI,John Thomas,thomajo04
1976,NBA,ATL,Bob Kovach,kovacbo01
1976,NBA,KCK,Dave Logan,loganda01
1976,NBA,DET,Bill Martin,martibi02
1976,NBA,POR,Rob Torresdal,torrero01
1976,NBA,MIL,Bennie Shaw,shawbe01
1976,NBA,NYK,Archie Talley,tallear01
1976,NBA,NOJ,Calvin Robinson,robinca01
1976,NBA,LAL,David Pickett,pickeda01
1976,NBA,PHO,John Irving,irvinjo01
1976,NBA,SEA,Ron Johnson,johnsro06
1976,NBA,PHI,Fly Williams,willifl01
1976,NBA,BUF,Bob Rozyczko,rozycbo01
1976,NBA,WSB,Clyde Agnew,agnewcl01
1976,NBA,CLE,Bruce Parkinson,parkibr01
1976,NBA,BOS,Bill Collins,collibi01
1976,NBA,GSW,Howard Smith,smithho01
1976,NBA,CHI,John Hudson,hudsojo01
1976,NBA,ATL,Mike Dickerson,dickemi02
1976,NBA,KCK,Terry Bailey,baileha01
1976,NBA,DET,Bob Johnson,johnsbo01
1976,NBA,POR,Marcos Leite,leitema01
1976,NBA,NYK,Gene Shy,shyeu01
1976,NBA,NOJ,Art Johnson,johnsar03
1976,NBA,MIL,Hugo Cabrera,cabrehu01
1976,NBA,PHO,Gary Jackson,jacksga01
1976,NBA,SEA,Ricky Lewis,lewisri01
1976,NBA,PHI,Ed Stefanski,stefaed01
1976,NBA,BUF,Tim Stokes,stoketi01
1976,NBA,WSB,Mike Buescher,beuscmi01
1976,NBA,CLE,Elisha McSweeney,mcsweel01
1976,NBA,BOS,Otho Tucker,tuckeot01
1976,NBA,GSW,Ken Smith,smithke04
1975,NBA,ATL,David Thompson,thompda01
1975,NBA,LAL,Dave Meyers,meyerda01
1975,NBA,ATL,Marvin Webster,webstma01
1975,NBA,PHO,Alvan Adams,adamsal01
1975,NBA,PHI,Darryl Dawkins,dawkida01
1975,NBA,POR,Lionel Hollins,hollili01
1975,NBA,NOJ,Rich Kelley,kelleri01
1975,NBA,LAL,Junior Bridgeman,bridgju01
1975,NBA,NYK,Gene Short,shortge01
1975,NBA,KCK,Bill Robinzine,robinbi01
1975,NBA,HOU,Joe Meriweather,meriwjo01
1975,NBA,SEA,Frank Oleynick,oleynfr01
1975,NBA,KCK,Bob Bigelow,bigelbo01
1975,NBA,GSW,Joe Bryant,bryanjo01
1975,NBA,CLE,John Lambert,lambejo01
1975,NBA,PHO,Ricky Sobers,soberri01
1975,NBA,BOS,Tom Boswell,bosweto01
1975,NBA,WSB,Kevin Grevey,greveke01
1975,NBA,ATL,Bill Willoughby,willobi01
1975,NBA,GSW,Gus Williams,willigu01
1975,NBA,SEA,Bruce Seals,sealsbr01
1975,NBA,MIL,Clyde Mayes,mayescl01
1975,NBA,PHI,World B. Free,freewo01
1975,NBA,MIL,Cornelius Cash,cashco01
1975,NBA,POR,Bob Gross,grossbo01
1975,NBA,NYK,Ticky Burden,burdeti01
1975,NBA,DET,Walter Luckett,luckewa01
1975,NBA,CLE,Dan Roundfield,roundda01
1975,NBA,HOU,Jim Blanks,blankji01
1975,NBA,CHI,Steve Green,greenst01
1975,NBA,KCK,Glenn Hansen,hansegl01
1975,NBA,CHI,John Laskowski,laskojo01
1975,NBA,CLE,Mel Utley,utleyme01
1975,NBA,NYK,Larry Fogle,foglela01
1975,NBA,PHO,Allen Murphy,murphal01
1975,NBA,PHO,Jimmy Conner,conneji01
1975,NBA,NOJ,Rudy Hackett,hackeru01
1975,NBA,NOJ,Jim McElroy,mcelrji01
1975,NBA,PHI,Jimmie Baker,bakerji01
1975,NBA,GSW,Otis Johnson,johnsot01
1975,NBA,PHI,Charles Cleveland,clevech01
1975,NBA,POR,Tom Roy,royto01
1975,NBA,MIL,Brian Hammel,hammebr01
1975,NBA,DET,Pete Trgovich,trgovpe01
1975,NBA,CLE,Ted Hathaway,hathate01
1975,NBA,NYK,John Ramsay,ramsejo02
1975,NBA,HOU,Rudy White,whiteru01
1975,NBA,WSB,Tom Kropp,kroppto01
1975,NBA,KCK,Bob Guyette,guyetbo01
1975,NBA,POR,Gus Gerard,gerargu01
1975,NBA,GSW,Bubbles Hawkins,hawkiro01
1975,NBA,BUF,George Bucci,buccige01
1975,NBA,BOS,Jerome Anderson,anderje01
1975,NBA,PHO,Bayard Forrest,forreba01
1975,NBA,NOJ,Mack Coleman,colemma01
1975,NBA,LAL,C.J. Kupec,kupeccj01
1975,NBA,ATL,Monte Towe,towemo01
1975,NBA,PHO,Sam McCants,mccansa01
1975,NBA,PHI,Louis Dunbar,dunbalo01
1975,NBA,MIL,Bill Campion,campibi01
1975,NBA,POR,Phil Hicks,hicksph01
1975,NBA,CLE,Eric Fernsten,fernser01
1975,NBA,NYK,David Vaughn,vaughda01
1975,NBA,DET,Lindsay Hairston,hairsli01
1975,NBA,HOU,Ken Smith,smithke02
1975,NBA,SEA,Jim Moore,mooreji01
1975,NBA,KCK,Kevin Cluess,cleuske01
1975,NBA,CHI,Ron Haigler,haiglro01
1975,NBA,GSW,Billy Taylor,taylobi01
1975,NBA,BUF,Bob Fleischer,fleisbo01
1975,NBA,WSB,Fessor Leonard,leonafe01
1975,NBA,BOS,Cyrus Mann,manncy01
1975,NBA,NOJ,Andre Hampton,hamptan01
1975,NBA,LAL,Charles Russell,russech01
1975,NBA,ATL,Wilbur Holland,hollawi01
1975,NBA,PHO,Joe Pace,pacejo01
1975,NBA,PHI,Ken Tyler,tylerke01
1975,NBA,POR,Maurice Presley,preslma01
1975,NBA,CLE,Jim Lee,leeji01
1975,NBA,NYK,Don Washington,washido01
1975,NBA,DET,Cliff Pratt,prattcl01
1975,NBA,CLE,Mike Odemns,odemsmi01
1975,NBA,HOU,Rick Whitlow,whitlri01
1975,NBA,SEA,Dwain Govan,govandw01
1975,NBA,KCK,Ed Stahl,stahled01
1975,NBA,CHI,Bob Iverson,iversbo01
1975,NBA,GSW,Larry Pounds,poundla01
1975,NBA,BUF,Sam Berry,berrysa01
1975,NBA,BOS,Darryl Brown,brownda03
1975,NBA,WSB,Rich Jones,jonesri02
1975,NBA,NOJ,Rick Schmidt,schmiri01
1975,NBA,LAL,Don Ford,forddo01
1975,NBA,ATL,Danny Williams,willida02
1975,NBA,PHO,Biff Burrell,burrebu01
1975,NBA,PHI,Ken Alston,alstoke01
1975,NBA,MIL,Oliver Purnell,purneol01
1975,NBA,POR,Gerald Willett,willege01
1975,NBA,DET,Allen Spruill,spruial01
1975,NBA,CLE,Henry Ward,wardhe01
1975,NBA,NYK,Hank Williams,williha01
1975,NBA,HOU,William Johnson,johnswi01
1975,NBA,SEA,Larry Smith,smithla03
1975,NBA,KCK,Clint Chapman,chapmcl02
1975,NBA,CHI,Bill Andreas,andrebi01
1975,NBA,GSW,Tony Styles,styleto01
1975,NBA,BUF,George Jackson,jacksla03
1975,NBA,WSB,John Garrett,garrejo01
1975,NBA,BOS,Rick Coleman,colemri01
1975,NBA,NOJ,Bill Higgins,higgibi01
1975,NBA,LAL,Rick Suttle,suttlri01
1975,NBA,ATL,Gus Johnson,johnsgu02
1975,NBA,PHO,Dave Edmonds,edmunda01
1975,NBA,PHI,Mike Flynn,flynnmi01
1975,NBA,POR,Steve Fields,fieldst01
1975,NBA,MIL,Wilbur Thomas,thomawi02
1975,NBA,CLE,Shawn Leftwich,leftwsh01
1975,NBA,NYK,Pete Davis,davispe01
1975,NBA,DET,Ike Williams,williik01
1975,NBA,HOU,Nate Barnett,barnena01
1975,NBA,SEA,Hollis Miller,milleho01
1975,NBA,KCK,Wayne Croft,croftwa01
1975,NBA,CHI,John Grochowalski,grochjo01
1975,NBA,GSW,Stan Boyer,boyerst01
1975,NBA,BUF,Mike Franklin,frankmi01
1975,NBA,BOS,Al Boswell,bosweal01
1975,NBA,WSB,Fletcher Johnson,johnsfl02
1975,NBA,NOJ,Harvey Carmichael,carmiha01
1975,NBA,LAL,Mike Cashman,cashmmi01
1975,NBA,ATL,Oscar Jackson,jacksos01
1975,NBA,PHO,Jack Schrader,schraja01
1975,NBA,PHI,Freeman Blade,bladefr01
1975,NBA,MIL,Bob McCurdy,mccurbo01
1975,NBA,POR,Charlie Neal,nealch01
1975,NBA,NYK,Jerry Homan,homanje01
1975,NBA,DET,John Kelley,kellejo01
1975,NBA,CLE,Andre McCarter,mccaran01
1975,NBA,HOU,Leon Johnson,johnsle03
1975,NBA,SEA,Ken McKenzie,mckenke02
1975,NBA,KCK,Jim Bostic,bostiji01
1975,NBA,CHI,John Murphy,murphjo03
1975,NBA,GSW,Mike Rozenski,rozenmi01
1975,NBA,BUF,Allan Jones,jonesal02
1975,NBA,WSB,Bruce Hamming,hammibr01
1975,NBA,BOS,Roger Morningstar,morniro01
1975,NBA,NOJ,Fred Stokes,stokefr01
1975,NBA,ATL,Dave Schlesser,schleda01
1975,NBA,PHO,Owen Brown,brownow01
1975,NBA,PHI,Larry Haralson,harrala01
1975,NBA,POR,Quentin Braxton,braxtqu01
1975,NBA,MIL,Eric Hays,hayser01
1975,NBA,DET,Terry Thomas,thomate01
1975,NBA,CLE,Skip Howard,howarsk01
1975,NBA,NYK,Tim van Blommesteyn,vanblti01
1975,NBA,HOU,Steve Strother,stortst01
1975,NBA,SEA,Rich Haws,hawsri01
1975,NBA,CHI,Gary Tomaszewski,tomasga01
1975,NBA,GSW,Scott Trobbe,trobbsc01
1975,NBA,BUF,George Rautins,rautige01
1975,NBA,BOS,Robert Rhodes,rhodero02
1975,NBA,WSB,Doug Brookins,brookdo01
1975,NBA,NOJ,Aleksander Belov,beloval01
1975,NBA,ATL,Vic Kelly,kellyvi01
1975,NBA,PHO,Mike Moon,moonmi01
1975,NBA,PHI,Ric Reed,reedri01
1975,NBA,MIL,Romie Thomas,thomaro02
1975,NBA,POR,Tyree Foster,fostety01
1975,NBA,CLE,Eric Anderson,anderer02
1975,NBA,NYK,Moe Rivers,rivermo01
1975,NBA,DET,Mickey Fox,foxmi01
1975,NBA,SEA,Jerry Bellotti,belloje01
1975,NBA,GSW,Maurice Harper,harpema01
1975,NBA,BUF,Art Allen,allenar01
1975,NBA,WSB,Mike Fahey,faheymi01
1975,NBA,BOS,Bill Endicott,endicbi01
1974,NBA,POR,Bill Walton,waltobi01
1974,NBA,PHI,Marvin Barnes,barnema01
1974,NBA,SEA,Tom Burleson,burleto01
1974,NBA,PHO,John Shumate,shumajo01
1974,NBA,HOU,Bobby Jones,jonesbo01
1974,NBA,KCO,Scott Wedman,wedmasc01
1974,NBA,ATL,Tom Henderson,hendeto01
1974,NBA,CLE,Campy Russell,russeca02
1974,NBA,BUF,Tom McMillen,mcmilto01
1974,NBA,ATL,Mike Sojourner,sojoumi01
1974,NBA,GSW,Jamaal Wilkes,wilkeja01
1974,NBA,LAL,Brian Winters,wintebr01
1974,NBA,WSB,Len Elmore,elmorle01
1974,NBA,CHI,Maurice Lucas,lucasma01
1974,NBA,DET,Al Eberhard,eberhal01
1974,NBA,CHI,Cliff Pondexter,pondecl01
1974,NBA,BOS,Glenn McDonald,mcdongl01
1974,NBA,MIL,Gary Brokaw,brokaga01
1974,NBA,PHI,Don Smith,smithdo02
1974,NBA,POR,Jan van Breda Kolff,vanbrja01
1974,NBA,LAL,Billy Knight,knighbi01
1974,NBA,WSB,Truck Robinson,robintr01
1974,NBA,HOU,Gus Bailey,bailegu01
1974,NBA,KCO,Len Kosmalski,kosmale01
1974,NBA,ATL,John Drew,drewjo01
1974,NBA,SEA,Leonard Gray,grayle01
1974,NBA,CHI,Leon Benbow,benbole01
1974,NBA,NOJ,Aaron James,jamesaa01
1974,NBA,GSW,Phil Smith,smithph01
1974,NBA,WSB,Dennis DuVal,duvalde01
1974,NBA,PHO,Fred Saunders,saundfr01
1974,NBA,NYK,Jesse Dark,darkje01
1974,NBA,DET,Eric Money,moneyer01
1974,NBA,POR,Phil Lumpkin,lumpkph01
1974,NBA,BOS,Kevin Stacom,stacoke01
1974,NBA,POR,Rubin Collins,colliru01
1974,NBA,PHI,Connie Norman,normaco01
1974,NBA,CLE,Foots Walker,walkefo01
1974,NBA,CLE,Kevin Restani,restake01
1974,NBA,PHO,George Gervin,gervige01
1974,NBA,HOU,Robert Wilson,wilsoro01
1974,NBA,PHI,Harvey Catchings,catchha01
1974,NBA,ATL,Darrell Elston,elstoda01
1974,NBA,SEA,Tal Skinner,skinnta01
1974,NBA,BUF,Kim Hughes,hugheki01
1974,NBA,NOJ,Bruce King,kingbr01
1974,NBA,GSW,Frank Kendrick,kendrfr01
1974,NBA,LAL,Jim Bradley,bradlji01
1974,NBA,PHO,Earl Williams,williea01
1974,NBA,NYK,Rudy Jackson,jacksru01
1974,NBA,DET,Roland Grant,grantro01
1974,NBA,CHI,Bobby Wilson,wilsobo03
1974,NBA,BOS,Roscoe Pondexter,pondero01
1974,NBA,MIL,Greg McDougald,mcdougr01
1974,NBA,PHI,Butch Taylor,taylobu01
1974,NBA,POR,Mickey Johnson,johnsmi01
1974,NBA,CLE,Jimmy Foster,fosteja01
1974,NBA,PHO,Randy Allen,allenra03
1974,NBA,HOU,Larry Robinson,robinla03
1974,NBA,KCO,Lloyd Batts,battsll01
1974,NBA,ATL,Ed Palubinskas,palubed01
1974,NBA,SEA,William Gordon,gordowi01
1974,NBA,BUF,Bernie Harris,harribe01
1974,NBA,NOJ,Ray Price,pricera01
1974,NBA,GSW,Willie Biles,bileswi01
1974,NBA,WSB,Stan Washington,washist01
1974,NBA,LAL,Ron deVries,devriro01
1974,NBA,NYK,Roy Ebron,ebronro01
1974,NBA,DET,Mickey Martin,martimi01
1974,NBA,CHI,Jim Forbes,forbeji01
1974,NBA,BOS,Lerman Battle,battlle01
1974,NBA,MIL,Lionel Billingy,billili01
1974,NBA,PHI,Gary Crowthers,crowtga01
1974,NBA,POR,Bernard Hardin,hardibe01
1974,NBA,CLE,Gary Novak,novakga01
1974,NBA,PHO,Ralph Bobik,bobikra01
1974,NBA,HOU,Owen Wells,wellsow01
1974,NBA,KCO,Terry Compton,comptte01
1974,NBA,ATL,Tyrone Medley,medlety01
1974,NBA,SEA,Dean Tolson,tolsode01
1974,NBA,BUF,Tony Byers,byersto01
1974,NBA,NOJ,Ed Searcy,searced01
1974,NBA,GSW,Steve Erickson,erickst01
1974,NBA,LAL,Seymour Reed,reedse01
1974,NBA,WSB,Gary Anderson,anderga01
1974,NBA,NYK,Greg Jackson,jacksgr01
1974,NBA,DET,Joe Newman,newmajo02
1974,NBA,CHI,Randy Knowles,knowlra01
1974,NBA,BOS,Ben Clyde,clydebe01
1974,NBA,MIL,John Johnson,johnsjo03
1974,NBA,PHI,Mike Westra,westrma01
1974,NBA,POR,Dan Anderson,anderda02
1974,NBA,CLE,Aron Stewart,stewaar01
1974,NBA,PHO,Collis Temple,templco01
1974,NBA,HOU,Lawrence Johnson,johnsla04
1974,NBA,KCO,Ron Kennedy,kennero01
1974,NBA,ATL,Sam Hervey,hervesa01
1974,NBA,SEA,Wardell Jackson,jackswa01
1974,NBA,BUF,Gary Link,linkga01
1974,NBA,NOJ,Lawrence McCray,mccrala01
1974,NBA,GSW,John Errecart,errecjo01
1974,NBA,WSB,Roy McPipe,mcpipro01
1974,NBA,LAL,Billy Morris,morribi01
1974,NBA,NYK,Terry Mikan,mikante01
1974,NBA,DET,Mike Sylvester,sylvemi01
1974,NBA,CHI,Robert Rosier,rosiero01
1974,NBA,BOS,Gene Harmon,harmoge01
1974,NBA,MIL,Larry Williams,willila02
1974,NBA,PHI,Dave Stoczynski,stoczda01
1974,NBA,POR,Doug Richards,richado01
1974,NBA,CLE,Mike Robinson,robinmi02
1974,NBA,PHO,Clyde Dickey,dickecl01
1974,NBA,HOU,Kevin Fitzgerald,fitzgke01
1974,NBA,KCO,Mark Brown,brownma04
1974,NBA,ATL,Greg Lee,leegr01
1974,NBA,SEA,Jerry Faulkner,faulkje01
1974,NBA,BUF,Tommy Curtis,curtito01
1974,NBA,NOJ,Joel Copeland,copeljo01
1974,NBA,GSW,Brady Allen,allenbr01
1974,NBA,LAL,Dennis Van Zant,vanzade01
1974,NBA,WSB,Tom Turner,turneto01
1974,NBA,NYK,Billy Smith,smithbi04
1974,NBA,DET,Sammy High,highsa01
1974,NBA,CHI,Geoff Roberts,roberge02
1974,NBA,BOS,Ron Brown,brownro03
1974,NBA,MIL,Bob Hornstein,hornsbo01
1974,NBA,PHI,Jimmy Powell,powelji01
1974,NBA,POR,Eldridge Broussard,brousel01
1974,NBA,CLE,Kerry Hughes,hugheke01
1974,NBA,PHO,Tom Holland,hollato01
1974,NBA,HOU,Steve Brooks,brookst01
1974,NBA,KCO,Richie O'Connor,oconnri01
1974,NBA,ATL,Bill Butler,butlebi02
1974,NBA,SEA,Leonard Coulter,coultle01
1974,NBA,BUF,Glenn Price,pricegl01
1974,NBA,NOJ,Jay Piccola,piccoja01
1974,NBA,GSW,Clarence Allen,allencl01
1974,NBA,WSB,Steve Platt,plattst01
1974,NBA,LAL,Bob Florence,florebo01
1974,NBA,NYK,Dennis McDermott,mcderde01
1974,NBA,DET,Greg Newman,newmagr01
1974,NBA,CHI,Sam McCants,mccansa01
1974,NBA,BOS,Richard Wallace,wallari01
1974,NBA,MIL,Ralph Palomar,palamra01
1974,NBA,PHI,Perry Warbington,warbipe01
1974,NBA,POR,Lee Haven,havenle01
1974,NBA,CLE,Jim Bushkofsky,buskoji01
1974,NBA,PHO,Ted Evans,evanste01
1974,NBA,HOU,Ken Stalling,stallke01
1974,NBA,KCO,Jeff Dawson,dawsoje01
1974,NBA,ATL,Lon Kruger,krugelo01
1974,NBA,SEA,Bertram du Pont,duponbe01
1974,NBA,BUF,John Falconi,falcojo01
1974,NBA,NOJ,Ken Boyd,boydke01
1974,NBA,GSW,Carl Meier,meierca01
1974,NBA,WSB,Mark Raterink,raterma01
1974,NBA,NYK,Earl Brown,brownea01
1974,NBA,DET,Gary Deitelhoff,deitega01
1974,NBA,CHI,Jerry Davenport,davenje01
1974,NBA,BOS,Al Skinner,skinnal01
1974,NBA,MIL,Mike Deane,deanemi01
1974,NBA,PHI,Larry Witherspoon,withela01
1974,NBA,POR,Ron Jones,jonesro03
1974,NBA,CLE,Jim Kelly,kellyji01
1974,NBA,PHO,Mark Wasley,waslema01
1974,NBA,HOU,Marcus Washington,washima01
1974,NBA,KCO,Dennis White,whitede02
1974,NBA,ATL,Brendy Lee,leebr01
1974,NBA,SEA,Rod Derline,derliro01
1974,NBA,BUF,Andy Rimol,rimolan01
1974,NBA,NOJ,Walt McGary,mcgrawa01
1974,NBA,GSW,Marvin Buckley,bucklma01
1974,NBA,WSB,Pete Collins,collipe01
1974,NBA,NYK,John O'Donnell,oconnjo01
1974,NBA,DET,Bill Ligon,ligonbi01
1974,NBA,CHI,Rick Hockenos,hockeri01
1974,NBA,BOS,Phil Rogers,rogerph01
1974,NBA,MIL,Bruce Featherston,feathbr01
1973,NBA,PHI,Doug Collins,collido01
1973,NBA,CLE,Jim Brewer,breweji01
1973,NBA,BUF,Ernie DiGregorio,digreer01
1973,NBA,SEA,Mike Green,greenmi01
1973,NBA,LAL,Kermit Washington,washike01
1973,NBA,HOU,Ed Ratleff,ratleed01
1973,NBA,KCO,Ron Behagen,behagro01
1973,NBA,PHO,Mike Bantom,bantomi01
1973,NBA,ATL,Dwight Jones,jonesdw01
1973,NBA,ATL,John Brown,brownjo01
1973,NBA,GSW,Kevin Joyce,joyceke01
1973,NBA,CHI,Kevin Kunnert,kunneke01
1973,NBA,CAP,Nick Weatherspoon,weathni01
1973,NBA,NYK,Mel Davis,davisme01
1973,NBA,POR,Barry Parkhill,parkhba01
1973,NBA,MIL,Swen Nater,natersw01
1973,NBA,BOS,Steve Downing,downist01
1973,NBA,PHI,Raymond Lewis,lewisra03
1973,NBA,CAP,Louie Nelson,nelsolo01
1973,NBA,KCO,Mike D'Antoni,dantomi01
1973,NBA,PHI,Allan Bristow,bristal01
1973,NBA,PHI,George McGinnis,mcginge01
1973,NBA,LAL,Billy Schaeffer,schaebi01
1973,NBA,CHI,Kevin Stacom,stacoke01
1973,NBA,KCO,Larry McNeill,mcneila01
1973,NBA,CLE,Allan Hornyak,hornyal01
1973,NBA,ATL,Tom Ingelsby,ingelto01
1973,NBA,NYK,Pat McFarland,mcfarpa01
1973,NBA,GSW,Derrek Dickey,dickede01
1973,NBA,CHI,Wendell Hudson,hudsowe01
1973,NBA,LAL,Jim Chones,choneji01
1973,NBA,PHI,Caldwell Jones,jonesca01
1973,NBA,PHO,Gary Melchionni,melchga01
1973,NBA,LAL,John Perry,perryjo01
1973,NBA,BOS,Phil Hankinson,hankiph01
1973,NBA,ATL,Ted Manakas,manakte01
1973,NBA,CLE,Jim O'Brien,obrieji02
1973,NBA,BUF,Ken Charles,charlke01
1973,NBA,CHI,Martin Terry,terryma01
1973,NBA,CLE,Ozie Edwards,edwaroz01
1973,NBA,CLE,James Lister,listeja01
1973,NBA,PHO,Joe Reaves,reavejo01
1973,NBA,PHO,Steve Mitchell,mitchst01
1973,NBA,DET,Bo Lamar,lamarbo01
1973,NBA,ATL,Leonard Gray,grayle01
1973,NBA,GSW,Jim Retseck,retseji01
1973,NBA,CHI,Steve Newsome,newsost01
1973,NBA,CAP,Tom Kozelko,kozelto01
1973,NBA,NYK,Allie McGuire,mcguial02
1973,NBA,DET,Larry Kenon,kenonla01
1973,NBA,HOU,E.C. Coleman,colemec01
1973,NBA,BOS,Martinez Denmon,denmoma02
1973,NBA,PHI,Darryl Minniefield,minnida01
1973,NBA,BUF,Doug Little,littldo01
1973,NBA,POR,Bird Averitt,averibi01
1973,NBA,SEA,June Harris,harriju02
1973,NBA,CLE,Luke Witte,wittelu01
1973,NBA,HOU,Lee Colburn,colbule01
1973,NBA,MIL,Clyde Turner,turnecl01
1973,NBA,PHO,Ronnie Robinson,robinro01
1973,NBA,DET,Ken Brady,bradyke01
1973,NBA,ATL,James Brown,brownja03
1973,NBA,GSW,Ron King,kingro01
1973,NBA,CHI,Mark Sibley,siblema01
1973,NBA,CAP,Aron Stewart,stewaar01
1973,NBA,NYK,George Karl,karlge01
1973,NBA,MIL,Harry Rogers,rogerha01
1973,NBA,LAL,Larry Finch,finchla01
1973,NBA,BOS,Richie Fuqua,fuquari01
1973,NBA,PHI,Reggie Royals,royalre01
1973,NBA,POR,Fran Costello,costefr01
1973,NBA,BUF,Randy Knoll,nollra01
1973,NBA,SEA,Chuck Iverson,iversch01
1973,NBA,CLE,John Coughran,coughjo01
1973,NBA,HOU,Gary Rhoades,rhoadga01
1973,NBA,KCO,M.L. Carr,carrml01
1973,NBA,PHO,Clinton Harris,harricl02
1973,NBA,DET,Henry Wilmore,wilmohe01
1973,NBA,ATL,Dave Winfield,winfida01
1973,NBA,GSW,Nate Stephens,stephna01
1973,NBA,CHI,Roy Simpson,simpsra02
1973,NBA,CAP,Danny Traylor,traylda01
1973,NBA,NYK,Dennis Bell,bellde01
1973,NBA,LAL,Kresimir Cosic,cosickr01
1973,NBA,MIL,Larry Jackson,jacksla02
1973,NBA,BOS,Byron Jones,jonesby01
1973,NBA,PHI,Sterling Wright,wrighst01
1973,NBA,BUF,Mike Macaluso,macalmi01
1973,NBA,POR,Neal Jurgensen,jurgene01
1973,NBA,SEA,Bill McCoy,mccoybi01
1973,NBA,CLE,Willie Calvert,calvewi01
1973,NBA,HOU,Tom Peck,peckto01
1973,NBA,KCO,Mike Quick,quickmi01
1973,NBA,PHO,Gene Doyle,doylege01
1973,NBA,DET,Dennis Johnson,johnsde04
1973,NBA,ATL,John Williamson,willijo01
1973,NBA,GSW,Bob Lauriski,lauribo01
1973,NBA,CHI,Johnny Neumann,neumajo01
1973,NBA,CAP,Mike Allocco,allocmi01
1973,NBA,NYK,Lawrence Lilly,lillyla01
1973,NBA,MIL,James Floyd,floydja01
1973,NBA,LAL,David Brent,brentda01
1973,NBA,BOS,Joe Cafferky,caffejo01
1973,NBA,PHI,James Greene,greenja04
1973,NBA,POR,Larry Hollyfield,hollyla01
1973,NBA,BUF,Tim Bassett,basseti01
1973,NBA,SEA,Jim Andrews,andreji01
1973,NBA,CLE,Larry Farmer,farmela01
1973,NBA,HOU,Fred DeVaughn,devaufr01
1973,NBA,KCO,Mike Jeffries,jeffrmi01
1973,NBA,PHO,Jerry Bisbano,bisbaje01
1973,NBA,DET,Fred Smiley,smilefr01
1973,NBA,ATL,Pete Harris,harripe01
1973,NBA,GSW,Steve Smith,smithst04
1973,NBA,CHI,Billy Harris,harribi01
1973,NBA,CAP,Ronnie Hogue,hoguero01
1973,NBA,NYK,Mike Moore,mooremi02
1973,NBA,LAL,Nate Hawthorne,hawthna01
1973,NBA,MIL,Eddie Childress,childed01
1973,NBA,BOS,Mike Stewart,stewami02
1973,NBA,PHI,Dave Langston,langsda01
1973,NBA,BUF,Carl Jackson,jacksca01
1973,NBA,POR,Lindell Reason,ressole01
1973,NBA,SEA,Wardell Jeffries,jeffrwa01
1973,NBA,CLE,John Ritter,rittejo01
1973,NBA,HOU,John Thomas,thomajo03
1973,NBA,KCO,Mike Williams,willimi05
1973,NBA,PHO,Jim Owens,owensji01
1973,NBA,DET,Ben Kelso,kelsobe01
1973,NBA,ATL,Tim Dominey,dominti01
1973,NBA,GSW,Jeff Dawson,dawsoje01
1973,NBA,CHI,B.G. Brosterhous,brostjg01
1973,NBA,CAP,Mark Jellison,jellima01
1973,NBA,NYK,Steve Rowell,rowelst01
1973,NBA,MIL,Walt McGary,mcgrawa01
1973,NBA,LAL,Roy McPipe,mcpipro01
1973,NBA,BOS,Robert White,whitero04
1973,NBA,PHI,Harvey Catchings,catchha01
1973,NBA,POR,Mike Contreras,contrmi01
1973,NBA,BUF,Bob Fullarton,fullebo01
1973,NBA,SEA,Greg Williams,willigr02
1973,NBA,CLE,Les Taylor,taylole02
1973,NBA,KCO,James Brown,brownja05
1973,NBA,PHO,Sandy Smith,smithsa03
1973,NBA,DET,Bill Kilgore,kelgobi01
1973,NBA,GSW,Everett Fopma,fopmaev01
1973,NBA,CHI,Ruben Montanez,montaru01
1973,NBA,CAP,Mike Boylan,boylami01
1973,NBA,NYK,Joe Wise,wisejo01
1973,NBA,MIL,Bob Vacca,vaccabo01
1973,NBA,BOS,Corky Taylor,tayloco01
1973,NBA,PHI,Abe Steward,stewaab01
1973,NBA,BUF,Nick Conner,connoni01
1973,NBA,POR,Sam Whitehead,whitesa01
1973,NBA,SEA,Bob Bodell,bodelbo01
1973,NBA,CLE,Dean Martin,martide01
1973,NBA,KCO,Ernie Kusnyer,kusyner01
1973,NBA,PHO,Claude White,whitecl01
1973,NBA,DET,Bob Solomon,solombo01
1973,NBA,GSW,Fred Lavaroni,lavorfr01
1973,NBA,CHI,Russ Hunt,huntru01
1973,NBA,CAP,Dicky Kelly,kellydi01
1973,NBA,NYK,Ed Fields,fielded01
1973,NBA,MIL,Ron Battle,battlro01
1973,NBA,BOS,Steve Turner,turnest01
1973,NBA,PHI,Rod Freeman,freemro01
1973,NBA,POR,Eddie Payne,payneed01
1973,NBA,BUF,Mike Lee,leemi02
1973,NBA,CLE,Floyd Lewis,lewisfl01
1973,NBA,PHO,Lynn Greer,greerly02
1973,NBA,DET,Len Paul,paulle01
1973,NBA,CAP,Dale Adams,adamsda01
1973,NBA,NYK,Charles Edge,edgech01
1973,NBA,BOS,Ed Hastings,hastied01
1973,NBA,PHI,Connie Warren,warreco01
1973,NBA,BUF,Aaron Covington,covinaa01
1973,NBA,POR,Rick Holdt,holdtri01
1973,NBA,CLE,Chris McMurray,mcmurch01
1973,NBA,PHO,Laymon Williamson,willily01
1973,NBA,DET,Clarence Carlisle,carlicl01
1973,NBA,CAP,Mike Battle,battlmi01
1973,NBA,BOS,Bruce Winkler,winklbr01
1973,NBA,PHI,Jim Crawford,crawfji01
1973,NBA,BUF,Bob Vartanian,vartabo01
1973,NBA,CLE,John Penebacker,pennejo01
1973,NBA,PHO,Kalevi Sarkalahti,sarkaka01
1973,NBA,CAP,Chet Davis,davisch03
1973,NBA,BOS,Scott Koelzer,koelzsc01
1973,NBA,PHI,Ernie Johnson,johnser04
1973,NBA,BUF,Ron Gilliam,gilliro01
1973,NBA,CLE,Charles Mitchell,mitchch01
1973,NBA,CAP,Howard White,whiteho01
1973,NBA,BOS,Rick Williams,williri02
1973,NBA,PHI,Lionel Harris,harrili01
1973,NBA,BUF,John Fraley,fralejo01
1973,NBA,CLE,Reese Stovall,stovare01
1973,NBA,CAP,Shorty Simmons,simmosh01
1973,NBA,BOS,James Gilchrist,gilchja01
1973,NBA,PHI,Larry Robinson,robinla02
1973,NBA,BUF,John Green,greenjo05
1973,NBA,CLE,Tom O'Connor,oconnto01
1973,NBA,BOS,Sam Barber,barbesa01
1973,NBA,PHI,Tony Prince,princto01
1973,NBA,BUF,Jim Garvin,garviji01
1973,NBA,CLE,Phil Elderkin,elderph01
1973,NBA,BOS,Lamont King,kingla01
1973,NBA,BUF,Donn Johnston,johnsdo03
1973,NBA,BOS,Peter Gavett,gavitpe01
1973,NBA,BUF,Ron Thorsen,thorsro01
1973,NBA,BOS,Tom Austin,austito01
1973,NBA,BUF,Phil Tollestrup,tolleph01
1972,NBA,POR,LaRue Martin,martila01
1972,NBA,BUF,Bob McAdoo,mcadobo01
1972,NBA,CLE,Dwight Davis,davisdw01
1972,NBA,PHO,Corky Calhoun,calhoco01
1972,NBA,PHI,Freddie Boyd,boydfr01
1972,NBA,MIL,Russ Lee,leeru01
1972,NBA,SEA,Bud Stallworth,stallbu01
1972,NBA,NYK,Tom Riker,rikerto01
1972,NBA,DET,Bob Nash,nashbo01
1972,NBA,BOS,Paul Westphal,westppa01
1972,NBA,CHI,Ralph Simpson,simpsra01
1972,NBA,MIL,Julius Erving,ervinju01
1972,NBA,LAL,Travis Grant,granttr01
1972,NBA,POR,Bob Davis,davisbo01
1972,NBA,BUF,Harold Fox,foxha01
1972,NBA,LAL,Jim Price,priceji01
1972,NBA,DET,Chris Ford,fordch01
1972,NBA,SEA,Joby Wright,wrighjo01
1972,NBA,KCO,Sam Sibert,sibersa01
1972,NBA,HOU,John Gianelli,gianejo01
1972,NBA,ATL,Steve Bracey,bracest01
1972,NBA,LAL,Paul Stovall,stovapa01
1972,NBA,SEA,Brian Taylor,taylobr01
1972,NBA,CLE,Steve Hawes,hawesst01
1972,NBA,BAL,Tom Patterson,patteto01
1972,NBA,POR,Dave Twardzik,twardda01
1972,NBA,BOS,Dennis Wuycik,wuycide01
1972,NBA,KCO,Mike Ratliff,ratlimi01
1972,NBA,MIL,Chuck Terry,terrych01
1972,NBA,POR,Ollie Johnson,johnsol01
1972,NBA,POR,Lloyd Neal,nealll01
1972,NBA,BUF,Bob Morse,morsebo01
1972,NBA,PHO,Scott English,englisc01
1972,NBA,PHO,Don Buse,busedo01
1972,NBA,CHI,Frank Russell,russefr01
1972,NBA,PHI,Charlie Tharpe,tharpch01
1972,NBA,HOU,Eric McWilliams,mcwiler01
1972,NBA,KCO,Ron Riley,rileyro01
1972,NBA,BAL,Kevin Porter,porteke01
1972,NBA,SEA,Jim Creighton,creigji01
1972,NBA,NYK,Ansley Truitt,truitan01
1972,NBA,PHO,Claude Terry,terrycl01
1972,NBA,GSW,Bill Chamberlain,chambbi01
1972,NBA,BOS,Wayne Grabiec,grabiwa01
1972,NBA,CHI,Chuck Jura,jurach01
1972,NBA,MIL,George Adams,adamsge01
1972,NBA,LAL,Gregg Northington,northgr01
1972,NBA,POR,Gary Stewart,stewaga01
1972,NBA,BUF,George Bryant,bryange01
1972,NBA,CLE,Hank Siemiontkowski,siemiha01
1972,NBA,DET,Ernie Fleming,flemier01
1972,NBA,PHI,Marshall Wingate,wingama01
1972,NBA,KCO,Frank Schade,schadfr01
1972,NBA,HOU,Wil Robinson,robinwi01
1972,NBA,ATL,Reggie Bird,birdre01
1972,NBA,BAL,Al Sanders,sandeal01
1972,NBA,SEA,Joe Mackey,mackejo01
1972,NBA,NYK,Henry Bibby,bibbyhe01
1972,NBA,PHO,Matt Gantt,ganttma01
1972,NBA,GSW,John Tschogl,tschojo01
1972,NBA,BOS,Nate Stephens,stephna01
1972,NBA,CHI,Ted Martiniuk,martite02
1972,NBA,MIL,Art White,whitear01
1972,NBA,POR,Mike Reid,reidmi01
1972,NBA,BUF,Arnie Berman,bermaar01
1972,NBA,CLE,Sam Cash,cashsa01
1972,NBA,DET,Ernest Pettis,pettier01
1972,NBA,KCO,David Bustion,bustida01
1972,NBA,PHI,Joe Bynes,bynesjo01
1972,NBA,HOU,James Silas,silasja01
1972,NBA,ATL,Bob Lackey,lackebo01
1972,NBA,BAL,Walter Jones,joneswa04
1972,NBA,SEA,Gary Ladd,laddga01
1972,NBA,NYK,Bob Ford,fordbo01
1972,NBA,PHO,Wardell Dyson,dysonwa01
1972,NBA,GSW,Charles Dudley,dudlech01
1972,NBA,BOS,Bryan Adrian,adriabr01
1972,NBA,CHI,Rowland Garrett,garrero01
1972,NBA,MIL,Ron Harris,harriro01
1972,NBA,LAL,Glen Summors,summogl01
1972,NBA,POR,Joe Gaines,gainejo01
1972,NBA,BUF,Ed Czernota,czerned01
1972,NBA,CLE,Tom Parker,parketo02
1972,NBA,DET,Terry Benton,bentote01
1972,NBA,PHI,John Glover,glovejo01
1972,NBA,KCO,Jerry Crocker,crockje01
1972,NBA,HOU,Mike Collins,collimi01
1972,NBA,ATL,Randy Knoll,nollra01
1972,NBA,BAL,Dwaine Dillard,dilladw01
1972,NBA,SEA,Ron Thomas,thomaro01
1972,NBA,NYK,Greg Cluess,cleusgr01
1972,NBA,PHO,Charles Edge,edgech01
1972,NBA,GSW,Henry Bacon,baconhe01
1972,NBA,BOS,Don Holcomb,holcodo02
1972,NBA,CHI,Mike Stewart,stewami02
1972,NBA,BOS,Wally Rice,wrighwa01
1972,NBA,LAL,Sam Simmons,simmosa01
1972,NBA,POR,Bob Lynn,lynnbo01
1972,NBA,BUF,Greg Kohls,kohlsgr01
1972,NBA,CLE,Steve Davidson,davidst01
1972,NBA,DET,Bruce Anderson,anderbr01
1972,NBA,KCO,Mike Sneed,sneedmi01
1972,NBA,PHI,Curtis Pritchett,pritccu01
1972,NBA,HOU,Mike Jackson,jacksmi01
1972,NBA,ATL,Billy Pleas,pleasbi01
1972,NBA,BAL,Marvin Brown,brownma03
1972,NBA,SEA,Jerry Dunn,dunnje01
1972,NBA,NYK,Tracy Tripucka,triputr01
1972,NBA,PHO,Bernie Fryer,fryerbe01
1972,NBA,GSW,Bill Franklin,frankwi01
1972,NBA,BOS,Steve Previs,previst01
1972,NBA,CHI,Jerry Pender,pendeje01
1972,NBA,MIL,Mickey Davis,davismi02
1972,NBA,POR,Ruben Vance,vanceru01
1972,NBA,BUF,Andy Denny,dennyan01
1972,NBA,CLE,Roger Evans,evansro01
1972,NBA,DET,Ben Kelso,kelsobe01
1972,NBA,PHI,Jim Kopp,koppji01
1972,NBA,KCO,Jerry Clack,clackje01
1972,NBA,HOU,Henry Harris,harrihe01
1972,NBA,ATL,Oscar Evans,evansos01
1972,NBA,BAL,Jim Floyd,floydji01
1972,NBA,SEA,Willie Stoudamire,stoudwi01
1972,NBA,NYK,Tom Corde,cordeto01
1972,NBA,PHO,Russell Golden,golderu01
1972,NBA,GSW,John Burks,burksjo01
1972,NBA,BOS,Sam McCamey,mccarsa01
1972,NBA,CHI,Cavin Andersen,anderca02
1972,NBA,MIL,Charles Kirkland,kirklch01
1972,NBA,POR,Scott McCandlish,mccansc01
1972,NBA,BUF,John Collins,collijo02
1972,NBA,CLE,Greg Starrick,starrgr01
1972,NBA,DET,Jesse Mangham,mangake01
1972,NBA,KCO,Steve McMahon,mcmahst01
1972,NBA,PHI,Rod Murray,murraro02
1972,NBA,ATL,Larry Strozier,strozla01
1972,NBA,BAL,Ruppert Breedlove,breedru01
1972,NBA,SEA,Dwight Holiday,hollidw01
1972,NBA,NYK,Tom Sullivan,sullito01
1972,NBA,PHO,Bill Kennedy,kennebi01
1972,NBA,GSW,Bill Duwe,dueybi01
1972,NBA,CHI,Ralph Houston,houstra01
1972,NBA,MIL,Jim Regenold,regenji01
1972,NBA,POR,Kresimir Cosic,cosickr01
1972,NBA,CLE,Kent Martens,marteke01
1972,NBA,DET,Kent Hollenbeck,holleke01
1972,NBA,PHI,Gary Watson,watsoga01
1972,NBA,KCO,David Hall,hallda01
1972,NBA,ATL,Jim Clesson,clessji01
1972,NBA,BAL,Wilbert Loftin,loftiwi01
1972,NBA,SEA,Dan Steward,stewada01
1972,NBA,NYK,Richie Garner,garneri01
1972,NBA,PHO,Al Vilcheck,vilchal01
1972,NBA,BOS,Marty Hunt,huntma01
1972,NBA,CHI,Chuck Taylor,tayloch01
1972,NBA,MIL,Jolly Spight,spighjo01
1972,NBA,POR,Jimmy Wilkins,wilkiji01
1972,NBA,BUF,Jim Prokell,prokeji01
1972,NBA,KCO,Floyd Mathew,mathefl01
1972,NBA,ATL,Charles Allen,allench01
1972,NBA,BAL,Arvin Watkins,watkima01
1972,NBA,SEA,Steve Turner,turnest01
1972,NBA,NYK,Chic Downing,downich01
1972,NBA,PHO,John Belcher,belchjo01
1972,NBA,BOS,Mark Minor,minorma01
1972,NBA,CHI,Jackie Young,youngja02
1972,NBA,BUF,Frank DeWitt,dewitfr01
1972,NBA,KCO,Len Baltimore,baltile01
1972,NBA,ATL,James Green,greenja03
1972,NBA,BAL,Lloyd Adams,adamsll01
1972,NBA,SEA,Greg Daust,daustgr01
1972,NBA,PHO,Mark Soderberg,soderma01
1972,NBA,BOS,Phil Stephens,stephph01
1972,NBA,CHI,Al Cotler,cotleal01
1972,NBA,POR,Larry Morris,morrila01
1972,NBA,BUF,Kim Huband,hubanki01
1972,NBA,KCO,Kent Scott,scottke01
1972,NBA,BAL,Mike Krawczyk,krawzmi01
1972,NBA,PHO,Kelly Utley,utleyke01
1972,NBA,CHI,Mike Barr,barrmi01
1972,NBA,POR,Paul Kelley,kellepa01
1972,NBA,BUF,Craig Corson,corsogr01
1972,NBA,KCO,Bob Allen,allenbo02
1972,NBA,BAL,Aubrey Nash,nashau01
1972,NBA,SEA,Cleveland Hill,hillcl02
1972,NBA,PHO,Ray Golson,golsora01
1972,NBA,CHI,Andrew Pettes,pettean01
1972,NBA,POR,Rich Habegger,hauberi01
1972,NBA,BUF,Paul Hoffman,hoffmpa02
1972,NBA,KCO,Mike Jeffries,jeffemi01
1972,NBA,BAL,Gary Handleman,handlga01
1972,NBA,CHI,Greg Lowery,lowergr01
1972,NBA,POR,Mose Adolph,adolpmo01
1972,NBA,BUF,Norman Bounds,boundno01
1972,NBA,KCO,Mike Peterson,petermi01
1972,NBA,CHI,Charles Hall,hallch01
1972,NBA,CHI,John Thornton,thornjo01
1972,NBA,CHI,Ron Manning,manniro02
1971,NBA,CLE,Austin Carr,carrau01
1971,NBA,POR,Sidney Wicks,wickssi01
1971,NBA,BUF,Elmore Smith,smithel01
1971,NBA,CIN,Ken Durrett,durreke01
1971,NBA,ATL,George Trapp,trappge01
1971,NBA,SEA,Fred Brown,brownfr01
1971,NBA,HOU,Cliff Meely,meelycl01
1971,NBA,GSW,Darnell Hillman,hillmda01
1971,NBA,BAL,Stan Love,lovest01
1971,NBA,BOS,Clarence Glover,glovecl01
1971,NBA,DET,Curtis Rowe,rowecu01
1971,NBA,PHI,Dana Lewis,lewisda01
1971,NBA,LAL,Jim Cleamons,cleamji01
1971,NBA,PHO,John Roche,rochejo01
1971,NBA,CHI,Kenny McIntosh,mcintke01
1971,NBA,NYK,Dean Meminger,meminde01
1971,NBA,MIL,Collis Jones,jonesco01
1971,NBA,CLE,Steve Patterson,pattest01
1971,NBA,BUF,Fred Hilton,hiltofr01
1971,NBA,CHI,Willie Sojourner,sojouwi01
1971,NBA,CIN,John Mengelt,mengejo01
1971,NBA,ATL,Ted McClain,mcclate01
1971,NBA,SEA,Jim McDaniels,mcdanji01
1971,NBA,HOU,Mike Newlin,newlimi01
1971,NBA,POR,Charlie Yelverton,yelvech01
1971,NBA,BUF,Amos Thomas,thomaam01
1971,NBA,POR,Rick Fisher,fisheri01
1971,NBA,BOS,Jim Rose,roseji01
1971,NBA,DET,Isaiah Wilson,wilsois01
1971,NBA,BUF,Spencer Haywood,haywosp01
1971,NBA,CIN,Joe Bergman,bergmjo01
1971,NBA,CHI,Howard Porter,porteho01
1971,NBA,PHI,Marvin Stewart,stewama01
1971,NBA,NYK,Gregg Northington,northgr01
1971,NBA,CLE,Willie Long,longwi01
1971,NBA,CLE,Gerald Lockett,lockege01
1971,NBA,POR,Larry Steele,steella01
1971,NBA,CIN,Rich Yunkus,yunkuri01
1971,NBA,ATL,Jeff Halliburton,hallije01
1971,NBA,CHI,Clifford Ray,raycl01
1971,NBA,CLE,Jackie Ridgle,ridglja01
1971,NBA,POR,William Smith,smithwi01
1971,NBA,BAL,Rich Rinaldi,rinalri01
1971,NBA,BOS,Dave Robisch,robisda01
1971,NBA,DET,Marv Roberts,roberma01
1971,NBA,PHI,Dave Wohl,wohlda01
1971,NBA,CHI,Mike Gale,galemi01
1971,NBA,PHO,Mo Layton,laytomo01
1971,NBA,CHI,Dick Gibbs,gibbsdi01
1971,NBA,NYK,Ken Mayfield,mayfike01
1971,NBA,MIL,Gary Brell,brellga01
1971,NBA,CLE,Cliff Harris,harricl01
1971,NBA,BUF,Jimmy O'Brien,obrieji01
1971,NBA,POR,Bobby Fields,fieldbo01
1971,NBA,CIN,Sid Catlett,catlesi01
1971,NBA,ATL,Jim Welch,welchji01
1971,NBA,SEA,Pembrook Burrows,burrope01
1971,NBA,HOU,Tom Owens,owensto01
1971,NBA,GSW,Greg Gary,garygr01
1971,NBA,BAL,Willie Allen,allenwi01
1971,NBA,BOS,Randy Denton,dentora01
1971,NBA,DET,Jarrett Durham,durhaja01
1971,NBA,PHI,Erwin Johnson,johnser03
1971,NBA,LAL,Roger Brown,brownro02
1971,NBA,PHO,Walt Szczerbiak,szczewa01
1971,NBA,CHI,Jim Irving,irvinji01
1971,NBA,NYK,Steve Niles,nilesst01
1971,NBA,MIL,Henry Smith,smithhe01
1971,NBA,CLE,Brian Mahoney,mahonbr01
1971,NBA,BUF,Garry Nelson,nelsoga01
1971,NBA,POR,Hector Blondet,blondhe01
1971,NBA,CIN,Jimmie Guymon,guymoji01
1971,NBA,CIN,Tyrone Marioneaux,marioty01
1971,NBA,SEA,Jeff Smith,smithje03
1971,NBA,HOU,Rudy Benjamin,benjaru01
1971,NBA,GSW,Odis Allison,allisod01
1971,NBA,BAL,Don Johnson,johnsdo02
1971,NBA,HOU,Greg Nelson,nelsogr01
1971,NBA,DET,Vincent White,whitevi01
1971,NBA,PHI,Richard Hood,hoodri01
1971,NBA,LAL,Lee Dedmon,dedmole01
1971,NBA,PHO,Ken Gardner,gardnke01
1971,NBA,CHI,Larry Weatherford,weathla01
1971,NBA,PHO,Bob Kissane,kissabo01
1971,NBA,MIL,Barry Nelson,nelsoba01
1971,NBA,CLE,Mike Childress,childmi01
1971,NBA,BUF,Glen Summors,summogl01
1971,NBA,POR,Jim Day,dayji01
1971,NBA,CIN,Gil McGregor,mcgregi01
1971,NBA,ATL,Willie Humes,humeswi01
1971,NBA,SEA,Mike Necaise,neciami01
1971,NBA,HOU,Gary Reist,reistga01
1971,NBA,GSW,Charles Johnson,johnsch01
1971,NBA,BAL,John Novey,noveyjo01
1971,NBA,BOS,Thorpe Weber,weberth01
1971,NBA,DET,Jim Larranaga,larraji01
1971,NBA,PHI,Jake Jones,jonesja01
1971,NBA,LAL,Bill Brickhouse,brickbi01
1971,NBA,PHO,William Graham,grahawi01
1971,NBA,CHI,Jim England,englaji01
1971,NBA,NYK,Bill Mainor,mainobi01
1971,NBA,MIL,Ed Kemp,kemped01
1971,NBA,CLE,Tom Bush,bushto01
1971,NBA,BUF,Randy Smith,smithra01
1971,NBA,POR,Gene Knolle,knollge01
1971,NBA,CIN,Ollie Shannon,shannol01
1971,NBA,ATL,Mike Jordan,jordami02
1971,NBA,SEA,John Duncan,duncajo02
1971,NBA,HOU,Eric Hill,hiller01
1971,NBA,GSW,Ken May,mayke01
1971,NBA,BAL,Dennis Hogg,hoggde01
1971,NBA,BOS,Ahmad Aliyy,youngsk01
1971,NBA,DET,Steve Kelly,kellyst01
1971,NBA,PHI,Curtis Ford,fordcu01
1971,NBA,LAL,Gene Gathers,gathege01
1971,NBA,PHO,Ralph Brateris,bratera01
1971,NBA,CHI,Artis Gilmore,gilmoar01
1971,NBA,NYK,Danny Davis,davisda02
1971,NBA,MIL,Gene Phillips,phillge01
1971,NBA,CLE,Charlie Davis,davisch01
1971,NBA,BUF,Craig Love,lovecr01
1971,NBA,POR,John Sutter,suttejo01
1971,NBA,CIN,Frank Fitzgerald,fitzgfr01
1971,NBA,ATL,Jim Smith,smithji05
1971,NBA,SEA,Charlie Lowery,lowerch01
1971,NBA,HOU,Rick Katherman,katheri01
1971,NBA,GSW,Jim Haderlein,haderji01
1971,NBA,BAL,Russell Golden,golderu01
1971,NBA,BOS,John Ribock,ribocjo01
1971,NBA,DET,Wayne Jones,joneswa03
1971,NBA,PHI,Barry Yates,yatesba01
1971,NBA,LAL,Luke Adams,adamslu01
1971,NBA,PHO,Vernell Ellzy,ellzyve01
1971,NBA,CHI,Clarence Sherrod,sherrcl01
1971,NBA,NYK,Leroy Eldridge,eldrile01
1971,NBA,MIL,Felix Thurston,thursfe01
1971,NBA,CLE,Rich Walker,walkeri01
1971,NBA,BUF,Gary Stewart,stewaga01
1971,NBA,POR,Goo Kennedy,kennego01
1971,NBA,ATL,Ernie Fleming,flemier01
1971,NBA,SEA,Larry Holliday,hollila01
1971,NBA,HOU,Willie Cherry,kerrywi01
1971,NBA,GSW,Clarence Smith,smithcl02
1971,NBA,BAL,Ron Johnson,johnsro05
1971,NBA,BOS,Ray Greene,greenra01
1971,NBA,DET,Paul Botts,bottspa01
1971,NBA,PHI,Tom Lee,leeto01
1971,NBA,LAL,Bob Cheeks,cheekbo01
1971,NBA,PHO,Mike Johnson,johnsmi02
1971,NBA,CHI,Jackie Dinkins,dinkija01
1971,NBA,NYK,Mike O'Brien,obriemi01
1971,NBA,MIL,Rick Howat,howatri01
1971,NBA,CLE,Jim Meredith,meredji01
1971,NBA,BUF,Don Ward,warddo01
1971,NBA,POR,Greg Starrick,starrgr01
1971,NBA,ATL,Ron Rippetoe,rippiro01
1971,NBA,SEA,Ed Huston,hustoed01
1971,NBA,HOU,Calvin Oliver,oliveca02
1971,NBA,GSW,Bill Drozdiak,drosdbi01
1971,NBA,BAL,Eddie Myers,myersed01
1971,NBA,BOS,Dale Dover,doverda01
1971,NBA,DET,Steve Butcher,butchst01
1971,NBA,PHI,Jim Dinwiddie,dinwiji01
1971,NBA,LAL,Cliff Mosley,moselcl01
1971,NBA,PHO,Tom Newell,newelto01
1971,NBA,CHI,David Withers,witheda01
1971,NBA,NYK,Andy Toth,tothan01
1971,NBA,MIL,Dan Fife,fifeda01
1971,NBA,CLE,Mike Casey,caseymi01
1971,NBA,BUF,Bill Warner,warnebi01
1971,NBA,POR,Howard Burford,burfoho01
1971,NBA,ATL,Levi Wyatt,wyattle01
1971,NBA,SEA,Jerome Perry,perryje01
1971,NBA,HOU,Doug Rex,rexdo01
1971,NBA,BAL,Chuck Olkowski,olowsch01
1971,NBA,BOS,Reggie Brooks,brookre01
1971,NBA,DET,Larry Saunders,saundla01
1971,NBA,PHI,Dana Pagett,pagetda01
1971,NBA,PHO,Paul Litz,leitzpa01
1971,NBA,CHI,Al Smith,smithal01
1971,NBA,NYK,Ken Davis,daviske01
1971,NBA,MIL,Blaine Henry,henrybl01
1971,NBA,CLE,Doug Hess,hessdo01
1971,NBA,BUF,Butch Webster,webstbu01
1971,NBA,POR,Don Sechler,sechldo01
1971,NBA,ATL,Roger Moore,moorero03
1971,NBA,HOU,Chris Schrobilgen,schroch01
1971,NBA,BAL,Bob Connor,connobo01
1971,NBA,BOS,John Dalton,daltojo01
1971,NBA,DET,Bob Horn,hornbo01
1971,NBA,PHI,Ken Kowall,kowalke01
1971,NBA,PHO,Floyd Mason,masonfl01
1971,NBA,CHI,Ken Riley,rileyke01
1971,NBA,NYK,Carl Greenfield,greenca01
1971,NBA,MIL,Gene Mumford,mumfoge01
1971,NBA,CLE,Bobby Jones,jonesbo03
1971,NBA,BUF,Pete Smith,smithpe01
1971,NBA,ATL,Ed Jenkins,jenkied01
1971,NBA,HOU,Lee McCullough,mccolle01
1971,NBA,BAL,Tom Crosswhite,crossro01
1971,NBA,BOS,Leroy Chalk,chalkle01
1971,NBA,DET,Willie Roberson,roberwi01
1971,NBA,PHI,Hank Commodore,commoha01
1971,NBA,PHO,Ron Dorsey,dorsero01
1971,NBA,CHI,Ed Goode,goodeed01
1971,NBA,NYK,Larry Duckworth,duckwla01
1971,NBA,MIL,Pierre Russell,russepi01
1971,NBA,CLE,Bubbles Harris,harribu01
1971,NBA,BUF,Ray Lavender,lavenra01
1971,NBA,HOU,Gene Roberson,roberge01
1971,NBA,BAL,Rudolph Peele,peeleru01
1971,NBA,DET,Art Davis,davisar01
1971,NBA,PHO,Ken Booker,bookeke01
1971,NBA,CHI,Richard Dixon,dixonri01
1971,NBA,NYK,Jack O'Connor,oconnja01
1971,NBA,MIL,George Jackson,jacksge01
1971,NBA,CLE,Larry Baker,bakerla02
1971,NBA,BUF,William Chatmon,chatmwi01
1971,NBA,HOU,Bill Quigg,guiggte01
1971,NBA,BAL,Morrell James,morreja01
1971,NBA,DET,James Fleming,flemija01
1971,NBA,PHO,Curtis Carter,cartecu01
1971,NBA,CHI,Lisco Thomas,thomali01
1971,NBA,MIL,Loyd King,kinglo01
1971,NBA,CLE,Tyree Vance,tyreeva01
1971,NBA,BUF,James Douglas,douglja01
1971,NBA,HOU,Leonard Jackson,jacksle01
1971,NBA,DET,Fred Smiley,smilefr01
1971,NBA,CHI,Bob Bissant,bissabo01
1971,NBA,BUF,Nelson Isley,isleyne01
1971,NBA,HOU,Steve Sims,simsst01
1971,NBA,DET,Leroy Jenkins,jenkile01
1971,NBA,BUF,Joey Meyer,meyerjo01
1971,NBA,HOU,Carlos Quintanar,quintca01
1971,NBA,DET,Ike Bundy,bundyik01
1971,NBA,HOU,Gary Schneider,schnega01
1971,NBA,DET,Ed Jenkins,jenkigr01
1970,NBA,DET,Bob Lanier,laniebo01
1970,NBA,SDR,Rudy Tomjanovich,tomjaru01
1970,NBA,ATL,Pete Maravich,maravpe01
1970,NBA,BOS,Dave Cowens,cowenda01
1970,NBA,CIN,Sam Lacey,laceysa01
1970,NBA,SEA,Jim Ard,ardji01
1970,NBA,CLE,John Johnson,johnsjo01
1970,NBA,POR,Geoff Petrie,petrige01
1970,NBA,BAL,George Johnson,johnsge01
1970,NBA,PHO,Greg Howard,howargr01
1970,NBA,CHI,Jimmy Collins,colliji01
1970,NBA,PHI,Al Henry,henryal01
1970,NBA,LAL,Jim McMillian,mcmilji01
1970,NBA,ATL,John Vallely,vallejo01
1970,NBA,BUF,John Hummer,hummejo01
1970,NBA,MIL,Gary Freeman,freemga01
1970,NBA,NYK,Mike Price,pricemi01
1970,NBA,SDR,Calvin Murphy,murphca01
1970,NBA,CIN,Tiny Archibald,architi01
1970,NBA,SEA,Jake Ford,fordja01
1970,NBA,BOS,Rex Morgan,morgare01
1970,NBA,CIN,Doug Cook,cookdo01
1970,NBA,SEA,Pete Cross,crosspe01
1970,NBA,BUF,Cornell Warner,warneco01
1970,NBA,POR,Walt Gilmore,gilmowa01
1970,NBA,CLE,Dave Sorenson,sorenda01
1970,NBA,PHO,Fred Taylor,taylofr01
1970,NBA,CHI,Paul Ruffner,ruffnpa01
1970,NBA,PHO,Joe DePre,deprejo01
1970,NBA,LAL,Earnie Killum,killuea01
1970,NBA,ATL,Dan Hester,hesteda01
1970,NBA,DET,Ken Warzynski,warzyke01
1970,NBA,MIL,Bill Zopf,zopfbi01
1970,NBA,NYK,Howie Wright,wrighho01
1970,NBA,SDR,Curtis Perry,perrycu01
1970,NBA,SFW,Earle Higgins,higgiea01
1970,NBA,DET,Bob St. Pierre,stpiebo01
1970,NBA,BOS,Willie Williams,williwi01
1970,NBA,CIN,Greg Hyder,hydergr01
1970,NBA,SEA,Gar Heard,heardga01
1970,NBA,CLE,Surry Oliver,olivesu01
1970,NBA,POR,Bill Cain,cainbi01
1970,NBA,BUF,Chip Case,casech01
1970,NBA,PHO,Greg McDivitt,mcdivgr01
1970,NBA,CHI,Lou Herndon,herndlo01
1970,NBA,PHI,Dennis Awtrey,awtrede01
1970,NBA,DET,Jim Hayes,hayesji01
1970,NBA,PHO,Vann Williford,williva01
1970,NBA,BAL,Seabern Hill,hillse01
1970,NBA,MIL,Marv Winkler,winklma01
1970,NBA,NYK,Al Williams,willial01
1970,NBA,SDR,Jody Finney,finnejo01
1970,NBA,SFW,Ralph Ogden,ogdenra01
1970,NBA,BAL,Bill Stricker,stricbi01
1970,NBA,BOS,Jon McKinney,mckinjo01
1970,NBA,CIN,Wade Fuller,fullewa01
1970,NBA,CHI,John Davis,davisjo05
1970,NBA,BUF,Erwin Polnick,polnier01
1970,NBA,POR,Jim Penix,penixji01
1970,NBA,CLE,Glenn Vidnovic,vidnogl01
1970,NBA,PHO,Bob Lienhard,lienhbo01
1970,NBA,CHI,Jim Wilson,wilsoji01
1970,NBA,PHI,Dan Crenshaw,crensda01
1970,NBA,LAL,Larry Mikan,mikanla01
1970,NBA,ATL,Fred Davis,davisfr02
1970,NBA,BAL,Billy Jones,jonesbi03
1970,NBA,MIL,Virgle Fredrick,fredrvi01
1970,NBA,NYK,John Marren,marrejo01
1970,NBA,SDR,James Gilbert,gilbeja01
1970,NBA,SFW,Levi Fontaine,fontale01
1970,NBA,DET,Bill Jankans,jankabi01
1970,NBA,BOS,Tom Carter,carteto01
1970,NBA,CIN,Uluss Thompson,thompul01
1970,NBA,SEA,Boyd Lynch,lynchbo01
1970,NBA,CLE,Wayne Sokolowski,sokolwa01
1970,NBA,POR,Ron Knight,knighro01
1970,NBA,BUF,Robert Moore,moorero02
1970,NBA,PHO,John Canine,caninjo01
1970,NBA,CHI,George Johnson,johnsge02
1970,NBA,PHI,Perry Wallace,wallape01
1970,NBA,LAL,John Fultz,fultzjo01
1970,NBA,ATL,Bob Riley,rileybo01
1970,NBA,BAL,Gary Zeller,zellega01
1970,NBA,MIL,Mike Grosso,grossmi01
1970,NBA,NYK,Jim Oxley,oxleyji01
1970,NBA,SDR,Mike Kretzer,kretzmi01
1970,NBA,SFW,Vic Bartolome,bartovi01
1970,NBA,DET,Sevira Brown,brownse01
1970,NBA,BOS,Rod McIntyre,mcintro01
1970,NBA,CIN,Charles Bishop,bishoch01
1970,NBA,SEA,Sam Robinson,robinsa01
1970,NBA,BUF,Doug Hess,hessdo01
1970,NBA,POR,George Janky,jankyge01
1970,NBA,CLE,Joe Cooke,cookejo01
1970,NBA,PHO,Joe Thomas,thomajo01
1970,NBA,CHI,Lonnie Kluttz,kluttlo01
1970,NBA,PHI,Jerry Venable,venabje01
1970,NBA,LAL,Jerry Kroll,krollje01
1970,NBA,ATL,Dave Parker,parkeda01
1970,NBA,BAL,Marvin Polnick,polnima01
1970,NBA,MIL,Willie Watson,watsowi01
1970,NBA,NYK,Jim Signorile,signoji01
1970,NBA,SDR,Billy Paultz,paultbi01
1970,NBA,SFW,Joe Bergman,bergmjo01
1970,NBA,DET,Marv Copeland,copelma01
1970,NBA,BOS,Charlie Scott,scottch01
1970,NBA,CIN,Mike Bernard,bernami01
1970,NBA,SEA,James Morgan,morgaja01
1970,NBA,CLE,Narvis Anderson,anderna01
1970,NBA,POR,Claude English,englicl01
1970,NBA,BUF,Cliff Shegogg,shegocl01
1970,NBA,PHO,Heyward Dotson,dotsohe01
1970,NBA,CHI,Lou West,westlo01
1970,NBA,PHI,Carlton Poole,pooleca01
1970,NBA,LAL,Willie Woods,woodswi01
1970,NBA,ATL,John Shinall,shinajo01
1970,NBA,BAL,Charlie Wallace,wallach01
1970,NBA,MIL,John Rinka,rinkajo01
1970,NBA,NYK,Ray Hodge,hodgero01
1970,NBA,SDR,Don Adams,adamsdo01
1970,NBA,SFW,Jeff Sewell,sewelje01
1970,NBA,DET,Dan Issel,isselda01
1970,NBA,BOS,Bobby Croft,croftbo01
1970,NBA,CIN,Joe McBride,mcbrijo01
1970,NBA,SEA,George Irvine,irvinge01
1970,NBA,BUF,Larry Woods,woodsla01
1970,NBA,POR,Doug Boyd,boyddo01
1970,NBA,CLE,Walter Robertson,roberwa01
1970,NBA,PHO,Steve Patterson,pattest01
1970,NBA,CHI,Mike Casey,caseymi01
1970,NBA,PHI,Fran O'Hanlon,ohanlfr01
1970,NBA,LAL,Rick Mount,mountri01
1970,NBA,ATL,Herb White,whitehe01
1970,NBA,BAL,Tom Dykstra,dykseto01
1970,NBA,MIL,Jim Sarno,samoji01
1970,NBA,NYK,Greg Fillmore,fillmgr01
1970,NBA,SDR,Jim Gottschall,gottsji01
1970,NBA,SFW,Lou Small,smalllo01
1970,NBA,DET,Alex Winn,wynnal01
1970,NBA,BOS,Tom Little,littlto01
1970,NBA,CIN,Bob Mabry,mabrybo01
1970,NBA,SEA,Claude Virden,virdecl01
1970,NBA,CLE,Tom Lagodich,lagodto01
1970,NBA,POR,Billy Gaskins,gaskibi01
1970,NBA,BUF,Larry Duckworth,duckwla01
1970,NBA,PHO,Carl Ashley,ashleca01
1970,NBA,CHI,Glen Johnson,johnsgl01
1970,NBA,PHI,Mike Hauer,hauermi01
1970,NBA,LAL,Bobby Sands,sandsbo01
1970,NBA,ATL,Larry Jackson,jacksla01
1970,NBA,BAL,Will Hetzel,hetzewi01
1970,NBA,MIL,Joe Hamilton,hamiljo01
1970,NBA,NYK,Walker Banks,bankswa01
1970,NBA,SDR,Toke Coleman,colemto01
1970,NBA,SFW,Coby Dietrick,dietrco01
1970,NBA,DET,Bruce Chapman,chapmbr01
1970,NBA,BOS,Mike Maloy,maloymi01
1970,NBA,CIN,Carl Johnson,johnsca03
1970,NBA,SEA,Chuck Lloyd,lloydch01
1970,NBA,BUF,Joe Taylor,taylojo03
1970,NBA,POR,Israel Oliver,oliveis01
1970,NBA,CLE,Ken Johnson,johnske05
1970,NBA,PHO,Gerhard Schreur,schrege01
1970,NBA,CHI,Dale Blaut,blautda01
1970,NBA,PHI,Gordon Stiles,stilego01
1970,NBA,LAL,Kindell Stephens,stephki01
1970,NBA,ATL,Manuel Raga,ragama01
1970,NBA,BAL,Ron Becker,beckero01
1970,NBA,MIL,Bob Seemer,seemebo01
1970,NBA,NYK,Don Curnutt,curnudo01
1970,NBA,SDR,Ron Belton,beltoro01
1970,NBA,DET,Rick Anheuser,anhauri01
1970,NBA,CIN,Ted Hillary,hillate01
1970,NBA,SEA,Andy Owens,owensan02
1970,NBA,CLE,Dave Schneider,schneda01
1970,NBA,POR,Dan McLemore,mccledo01
1970,NBA,BUF,Dick Walker,walkedi01
1970,NBA,PHO,Jim Walls,wallsji01
1970,NBA,CHI,Doug Howard,howardo01
1970,NBA,PHI,David Whitley,whitlda01
1970,NBA,LAL,Bob Dukiet,duklebo01
1970,NBA,ATL,Dino Meneghin,menegdi01
1970,NBA,BAL,Mel Bell,bellme01
1970,NBA,SDR,Jim Brooks,brookji01
1970,NBA,DET,Don Ogletree,ogletdo01
1970,NBA,CIN,Reggie Roach,roachre01
1970,NBA,SEA,Joe Brunson,brunsjo01
1970,NBA,POR,Paul Adams,adamspa01
1970,NBA,CLE,Ollie Taylor,taylool01
1970,NBA,PHO,Ric Cobb,cobbri01
1970,NBA,CHI,Booker Brown,brownbo03
1970,NBA,LAL,Dewey Varner,varnede01
1970,NBA,BAL,Ben McGilmer,mcgilbe01
1970,NBA,SDR,Harry Lozon,lozonha01
1970,NBA,DET,Ernest Hardy,hardyer01
1970,NBA,CIN,Larry Gray,grayla01
1970,NBA,SEA,Allen McManus,mcmanal01
1970,NBA,CLE,Kevin Wilson,wilsoke01
1970,NBA,POR,Alex Boyd,boydal01
1970,NBA,PHO,Fred Carpenter,carpefr01
1970,NBA,CHI,Charles Bloodworth,bloodch01
1970,NBA,LAL,Gary Elliot,ellioga01
1970,NBA,BAL,Don Debardelaben,debarda01
1970,NBA,SDR,Clyde Oatis,oatiscl01
1970,NBA,DET,Randy Smith,smithra01
1970,NBA,CIN,Andy Jennings,jennian01
1970,NBA,SEA,Dan Beeson,beesodo01
1970,NBA,POR,Frank Lothridge,loterfr01
1970,NBA,CLE,Don Tomilson,tomlido01
1970,NBA,PHO,Chad Calabria,calabch01
1970,NBA,CHI,Paul Funkhouser,funkhpa01
1970,NBA,LAL,Ron Sanford,sanforo01
1970,NBA,BAL,Mike Williams,willimi04
1970,NBA,SDR,Jay Bond,bondja01
1970,NBA,DET,Denis Clark,clarkde01
1970,NBA,CIN,Mike Neer,neermi01
1970,NBA,CLE,Steve Wannamaker,wanamri01
1970,NBA,POR,Wayne Canaday,canadjo01
1970,NBA,PHO,Walt Williams,williwa03
1970,NBA,CHI,Paul Otay,oteybi01
1970,NBA,LAL,Will Teague,teaguwi01
1970,NBA,BAL,Ted Rose,rosete01
1970,NBA,SDR,Dean Elofson,olofsde01
1970,NBA,DET,Harvey Marlatt,marlaha01
1970,NBA,CIN,Paul Favorite,favorpa01
1970,NBA,POR,Doug Williams,willido01
1970,NBA,CLE,Steve Wilson,wilsost01
1970,NBA,LAL,Pete Walthour,walthpe01
1970,NBA,BAL,Don Rather,rathedo01
1970,NBA,SDR,Dennis Dickens,dickede02
1970,NBA,CLE,Rich Peterson,peterbo02
1970,NBA,LAL,Bob Thati,thatebo01
1970,NBA,BAL,Vince Fritz,fritzvi01
1970,NBA,SDR,Jeff Cunningham,cunnije01
1970,NBA,POR,Bruce Butchko,butchbr02
1970,NBA,CLE,Emmanuel Cannon,cannojo01
1970,NBA,SDR,Rick Erickson,erickri01
1970,NBA,CLE,Allen Waller,walleal01
1970,NBA,POR,Mark Gabriel,gabrima01
1969,NBA,MIL,Kareem Abdul-Jabbar,abdulka01
1969,NBA,PHO,Neal Walk,walkne01
1969,NBA,SEA,Lucius Allen,allenlu01
1969,NBA,DET,Terry Driscoll,driscte01
1969,NBA,CHI,Larry Cannon,cannola01
1969,NBA,SDR,Bingo Smith,smithbi02
1969,NBA,SFW,Bob Portman,portmbo01
1969,NBA,CIN,Herm Gilliam,gillihe01
1969,NBA,BOS,Jo Jo White,whitejo01
1969,NBA,ATL,Butch Beard,beardbu01
1969,NBA,NYK,John Warren,warrejo01
1969,NBA,LAL,Willie McCarter,mccarwi01
1969,NBA,PHI,Bud Ogden,ogdenbu01
1969,NBA,BAL,Mike Davis,davismi01
1969,NBA,LAL,Rick Roberson,roberri01
1969,NBA,CHI,Simmie Hill,hillsi01
1969,NBA,MIL,Bob Greacen,greacbo01
1969,NBA,SEA,Ron Taylor,tayloro01
1969,NBA,DET,Willie Norwood,norwowi01
1969,NBA,CHI,Ken Spain,spainke01
1969,NBA,SDR,Bernie Williams,willibe01
1969,NBA,SFW,Ed Siudut,siudeed01
1969,NBA,CHI,Johnny Baum,baumjo01
1969,NBA,PHO,Gene Williams,willige01
1969,NBA,ATL,Wally Anderzunas,anderwa01
1969,NBA,NYK,Bill Bunting,buntibi02
1969,NBA,LAL,Dick Garrett,garredi01
1969,NBA,PHI,Willie Taylor,taylowi01
1969,NBA,BAL,Willie Scott,scottwi01
1969,NBA,PHO,Floyd Kerr,kerrfl01
1969,NBA,MIL,Skeeter Swift,swiftsk01
1969,NBA,SEA,Lee Winfield,winfile01
1969,NBA,PHO,Lamar Green,greenla01
1969,NBA,CHI,Norm Van Lier,vanlino01
1969,NBA,SDR,Charles Bonaparte,bonapch01
1969,NBA,SFW,Tom Hagan,haganto01
1969,NBA,CIN,Luther Rackley,rackllu01
1969,NBA,BOS,Julius Keye,keyeju01
1969,NBA,PHO,Lloyd Kerr,kerrll01
1969,NBA,NYK,Eddie Mast,masted01
1969,NBA,CIN,Luther Green,greenlu01
1969,NBA,PHI,Mike Grosso,grossmi01
1969,NBA,BAL,Fred Carter,cartefr01
1969,NBA,PHO,Dennis Stewart,stewade01
1969,NBA,MIL,Bob Dandridge,dandrbo01
1969,NBA,SEA,Butch Booker,bookebu01
1969,NBA,DET,Ted Wierman,wiermte01
1969,NBA,CHI,Dave Nash,nashda01
1969,NBA,SDR,Johnnie Allen,allenjo02
1969,NBA,SFW,Lee Lafayette,lafayle01
1969,NBA,CIN,Ron Sanford,sanforo01
1969,NBA,BOS,Steve Kuberski,kuberst01
1969,NBA,ATL,Billy Hann,hannbi01
1969,NBA,NYK,Elnardo Webster,webstel01
1969,NBA,ATL,Don Griffin,griffdo01
1969,NBA,PHI,Dave Scholz,scholda01
1969,NBA,BAL,Gene Ford,fordge01
1969,NBA,PHO,Rich Jones,jonesri01
1969,NBA,MIL,Ken Heitz,heitzke01
1969,NBA,SEA,Jerry King,kingje01
1969,NBA,DET,Steve Mix,mixst01
1969,NBA,CHI,Chris Ellis,ellisch01
1969,NBA,SDR,Charlie Hentz,hentzch01
1969,NBA,SFW,Willie Wise,wisewi01
1969,NBA,CIN,Jake Ford,fordja01
1969,NBA,BOS,George Thompson,thompge01
1969,NBA,ATL,Mike Mitchell,mitchmi02
1969,NBA,NYK,Gene Littles,littlge01
1969,NBA,LAL,Wil Jones,joneswi02
1969,NBA,PHI,Joe Cromer,cromejo01
1969,NBA,BAL,Willie Jackson,jackswi01
1969,NBA,PHO,Dan Sadlier,sadlida01
1969,NBA,MIL,John Arthurs,arthujo01
1969,NBA,SEA,Ben McGilmer,mcgilbe01
1969,NBA,DET,Larry Jeffries,jeffrla01
1969,NBA,CHI,George Tinsley,tinslge01
1969,NBA,SDR,Bob Tallent,tallebo01
1969,NBA,SFW,Dan Obrovac,obravda01
1969,NBA,CIN,Mel Coleman,colemme01
1969,NBA,BOS,Dolph Pulliam,pullido01
1969,NBA,ATL,Guy Mackner,mackngu01
1969,NBA,NYK,Dwight Durante,durandw01
1969,NBA,LAL,Dick Grubar,grubadi01
1969,NBA,PHI,John Jones,jonesjo02
1969,NBA,BAL,Paul Loveday,lovedpa01
1969,NBA,PHO,Bill Sweek,sweetbi01
1969,NBA,MIL,Bill Keller,kellebi01
1969,NBA,SEA,Greg Wittman,wittmgr01
1969,NBA,DET,Steve Vandenberg,vandest01
1969,NBA,CHI,Frank Judge,judgefr01
1969,NBA,SDR,Lynn Shackelford,shackly01
1969,NBA,SFW,Pat Foley,foleypa01
1969,NBA,CIN,L.C. Bowen,bowenlc01
1969,NBA,BOS,Jim Johnson,johnsji02
1969,NBA,ATL,Bob Bundy,bundybo01
1969,NBA,NYK,Chris Thomforde,thomfch01
1969,NBA,LAL,Kari Liimo,liimbka01
1969,NBA,PHI,Dave Hamilton,hamilda03
1969,NBA,BAL,Jeff Claypool,claypje01
1969,NBA,PHO,Bob Edwards,edwarbo01
1969,NBA,MIL,John Schell,scheljo01
1969,NBA,SEA,Theartis Wallace,wallath01
1969,NBA,DET,Bob Arnzen,arnzebo01
1969,NBA,CHI,Roger Moller,mollero01
1969,NBA,SDR,Bill DeHeer,deheebi01
1969,NBA,SFW,Steve Rippe,rippest01
1969,NBA,CIN,Merton Bancroft,bancrme01
1969,NBA,BOS,Bob Whitmore,whitmbo01
1969,NBA,ATL,Bob Christian,chrisbo01
1969,NBA,NYK,Jim Healey,healeji01
1969,NBA,LAL,Joe Smith,smithjo05
1969,NBA,PHI,Jim Bowles,bowleji01
1969,NBA,BAL,Barry White,whiteba01
1969,NBA,PHO,Steve Jennings,jennist01
1969,NBA,MIL,Jim Satalin,satalji01
1969,NBA,SEA,Vince Fritz,fritzvi01
1969,NBA,DET,George Reynolds,reynoge01
1969,NBA,CHI,Sterling Burke,burkest01
1969,NBA,SDR,Larry Cheatham,cheatla01
1969,NBA,SFW,Greg Reed,reedgr01
1969,NBA,CIN,James Hurley,hurleja01
1969,NBA,BOS,Gordon Smith,smithgo01
1969,NBA,ATL,Pete Gayeska,gayespe01
1969,NBA,NYK,Roger Walaszek,walasro01
1969,NBA,LAL,Jim Smith,smithji04
1969,NBA,PHI,Larry Lewis,lewisla01
1969,NBA,BAL,Gary Major,majorga01
1969,NBA,PHO,Rick Abrahamson,abrahri01
1969,NBA,MIL,Willie Brown,brownwi01
1969,NBA,SEA,Al Cueto,cuetoal01
1969,NBA,DET,Bill English,englibi01
1969,NBA,CHI,Al Smith,smithal01
1969,NBA,SDR,Lee Sims,simsle01
1969,NBA,SFW,Girard Chatman,chapmdi01
1969,NBA,CIN,Bill Bowes,bowesbi01
1969,NBA,BOS,Jim Picka,pickaji01
1969,NBA,ATL,Dick Stewart,stewadi01
1969,NBA,NYK,Frank McLaughlin,mclaufr01
1969,NBA,LAL,Phil Argento,argenph01
1969,NBA,PHI,Bill Justus,justubi01
1969,NBA,BAL,Frank Bartleson,bartlfr01
1969,NBA,PHO,Fred Lind,lindfr01
1969,NBA,MIL,Bob Presley,preslbo01
1969,NBA,SEA,Jim Connolly,connoji01
1969,NBA,DET,Rusty Clark,clarkru01
1969,NBA,CHI,Larry Bergh,berghla01
1969,NBA,SDR,Justus Thigpen,thigpju01
1969,NBA,SFW,Rich Holmberg,holmbri01
1969,NBA,CIN,Jim Supple,supplji01
1969,NBA,BOS,Larry Finstrom,frinsla01
1969,NBA,ATL,Loran Bracci,bracclo01
1969,NBA,NYK,Marvin Lewis,lewisma03
1969,NBA,LAL,Ron Peret,peretro01
1969,NBA,PHI,Bruce Sloan,sloanbr01
1969,NBA,BAL,Jerry McKee,mckeeje01
1969,NBA,PHO,Bob Miller,millebo02
1969,NBA,MIL,Jack Lutz,lutzja01
1969,NBA,SEA,John Smith,smithjo06
1969,NBA,CHI,Harry Hall,hallha01
1969,NBA,SDR,Raul Duarte,duartra01
1969,NBA,SFW,Joe Callaghan,callajo01
1969,NBA,CIN,Mike Davis,davismi04
1969,NBA,BOS,Rod Forbes,forbero01
1969,NBA,ATL,Dave Jones,jonesda05
1969,NBA,NYK,Bill O'Rourke,orourbi01
1969,NBA,LAL,Jack Gillespie,gilleja01
1969,NBA,PHI,Fatty Taylor,taylofa01
1969,NBA,BAL,Rob Washington,washibo02
1969,NBA,PHO,Andy White,whitean02
1969,NBA,MIL,Leo Osgood,osgoole01
1969,NBA,SEA,Bob Burrows,burrobo02
1969,NBA,CHI,Rich Kirkland,rirkeri01
1969,NBA,SDR,Joe McBride,mcbrijo01
1969,NBA,CIN,Ted Johnson,johnste01
1969,NBA,BOS,Billy Evans,evansbi01
1969,NBA,ATL,Dick Barton,bartodi01
1969,NBA,NYK,James Wyatt,wyattja01
1969,NBA,LAL,Mallory Chestnut,chestma01
1969,NBA,BAL,Bill Thompson,thompbi02
1969,NBA,PHO,Marv Schmitt,schmima01
1969,NBA,MIL,Waymon Stewart,stewala02
1969,NBA,SEA,Jerry Conley,conleje01
1969,NBA,CHI,Bill Voight,voigtbi01
1969,NBA,SDR,Mike Heckman,heckmmi01
1969,NBA,ATL,Mike Dahl,dahlmi01
1969,NBA,NYK,Rich Travis,traviri01
1969,NBA,LAL,Mack Calvin,calvima01
1969,NBA,BAL,Perry Johnson,johnspe01
1969,NBA,PHO,Bob Beamon,beamobo01
1969,NBA,MIL,Stan Wlodarczyk,wlodast01
1969,NBA,SEA,Ernie Powell,poweler01
1969,NBA,SDR,Jerry Nickens,nickeje01
1969,NBA,ATL,Norm Carmichael,carmino01
1969,NBA,BAL,Jodie Harrison,harrijo03
1969,NBA,PHO,Wayne Huckel,huckewa01
1969,NBA,SEA,Danny Cornett,corneda01
1969,NBA,SDR,Dick Groves,grovedi01
1969,NBA,ATL,Buddy Cornelius,cornebu01
1969,NBA,BAL,Phil Harris,harriph01
1969,NBA,PHO,Howie Dickenman,dickeho01
1969,NBA,MIL,Lynn Phillips,phillly01
1969,NBA,SEA,Steve Honeycutt,honeyst01
1969,NBA,SDR,Steve Howell,howelst01
1969,NBA,ATL,John Tolmie,tolmijo01
1969,NBA,BAL,Tom Haggerty,haggato01
1969,NBA,PHO,Al Nuness,nunesal01
1969,NBA,MIL,Ken Hall,hallke01
1969,NBA,SDR,Joe Pridgen,pridgjo01
1969,NBA,ATL,Cliff Parsons,parsocl01
1969,NBA,BAL,Chip Case,casech01
1969,NBA,PHO,Solomon Davis,davisso01
1969,NBA,SDR,Blaine Royer,royerbl01
1969,NBA,ATL,Grady O'Malley,omallgr01
1969,NBA,BAL,Brian Heaney,heanebr01
1969,NBA,PHO,Jim Plump,plumpji01
1969,NBA,ATL,Carl Rodwell,rodweca01
1969,NBA,BAL,Stan McKain,mckaist01
1968,NBA,SDR,Elvin Hayes,hayesel01
1968,NBA,BAL,Wes Unseld,unselwe01
1968,NBA,SEA,Bob Kauffman,kauffbo01
1968,NBA,CHI,Tom Boerwinkle,boerwto01
1968,NBA,CIN,Zaid Abdul-Aziz,abdulza01
1968,NBA,DET,Otto Moore,mooreot01
1968,NBA,MIL,Charlie Paulk,paulkch01
1968,NBA,PHO,Gary Gregor,gregoga01
1968,NBA,SFW,Ron Williams,williro01
1968,NBA,NYK,Bill Hosket,hoskebi01
1968,NBA,LAL,Bill Hewitt,hewitbi01
1968,NBA,BOS,Don Chaney,chanedo01
1968,NBA,ATL,Skip Harlicka,harlisk01
1968,NBA,PHI,Shaler Halimon,halimsh01
1968,NBA,SDR,John Trapp,trappjo01
1968,NBA,SEA,Art Harris,harriar01
1968,NBA,CHI,Loy Petersen,peterlo01
1968,NBA,BAL,Bob Quick,quickbo01
1968,NBA,CHI,Ron Dunlap,dunlaro01
1968,NBA,DET,Manny Leaks,leaksma01
1968,NBA,PHO,Dick Cunningham,cunnidi01
1968,NBA,MIL,Gene Moore,moorege01
1968,NBA,SDR,Stu Lantz,lantzst01
1968,NBA,SEA,Jeff Ockel,ockelje01
1968,NBA,DET,Don Dee,deedo01
1968,NBA,BAL,Ron Nelson,nelsoro01
1968,NBA,CIN,Pat Frink,frinkpa01
1968,NBA,CIN,Fred Foster,fostefr01
1968,NBA,SFW,Don Sidle,sidledo01
1968,NBA,NYK,Don May,maydo01
1968,NBA,CHI,Dave Newmark,newmada01
1968,NBA,BOS,Garfield Smith,smithga01
1968,NBA,BAL,Jack Thompson,thompja01
1968,NBA,SEA,Ed Johnson,johnsed01
1968,NBA,MIL,Sam Williams,willisa01
1968,NBA,PHO,Art Beatty,beattar01
1968,NBA,SDR,Harry Barnes,barneha01
1968,NBA,SEA,Henry Logan,loganhe01
1968,NBA,CHI,Mike Lynn,lynnmi01
1968,NBA,BAL,Dallas Thornton,thornda01
1968,NBA,CIN,Dan Sparks,sparkda01
1968,NBA,DET,Rich Niemann,niemari01
1968,NBA,SFW,Edgar Lacey,laceyed01
1968,NBA,NYK,Warren Jabali,jabalwa01
1968,NBA,LAL,Ed Biedenbach,biedeed01
1968,NBA,BOS,Rich Johnson,johnsri01
1968,NBA,ATL,Bob Warren,warrebo01
1968,NBA,SDR,Darryl Jones,jonesda04
1968,NBA,PHO,Rich Jones,jonesri01
1968,NBA,MIL,Greg Smith,smithgr01
1968,NBA,SDR,Glen Combs,combsgl01
1968,NBA,SEA,Al Hairston,hairsal01
1968,NBA,CHI,Jim Tillman,tillmji01
1968,NBA,BAL,Theodore Chaplin,chapled01
1968,NBA,CIN,Jim Kissane,kissaji01
1968,NBA,DET,Carl Fuller,fulleca01
1968,NBA,SFW,Jim Eakins,eakinji01
1968,NBA,NYK,Butch Booker,bookebu01
1968,NBA,LAL,Lou Shephard,shephlo01
1968,NBA,BOS,Thad Jaracz,jaracth01
1968,NBA,ATL,Rusty Parker,parkeru01
1968,NBA,PHI,Larry Miller,millela01
1968,NBA,MIL,Joe Franklin,frankjo01
1968,NBA,PHO,Harry Hollines,holliha01
1968,NBA,SDR,Eldridge Webb,webbel01
1968,NBA,SEA,Ron Guziak,guziaro01
1968,NBA,CHI,Kenn Barnett,barneke02
1968,NBA,BAL,Joe Heiser,heisejo01
1968,NBA,CIN,Calvin Martin,martica03
1968,NBA,DET,Wally Anderzunas,anderwa01
1968,NBA,SFW,Bob Allen,allenbo01
1968,NBA,NYK,Brian Brunkhorst,brunkbr01
1968,NBA,LAL,Nick Pino,pinoni01
1968,NBA,BOS,Jerry Newsom,newsoje01
1968,NBA,ATL,Phil Wagner,wagneph01
1968,NBA,PHI,Chuck Williams,willich02
1968,NBA,PHO,Rod Knowles,knowlro01
1968,NBA,MIL,Fred Smith,smithfr01
1968,NBA,SDR,Rick Adelman,adelmri01
1968,NBA,SEA,Jim McKean,mckeaji01
1968,NBA,CHI,Willie Davis,daviswi01
1968,NBA,BAL,Jasper Wilson,wilsoja01
1968,NBA,CIN,Rich Dumas,dumasri01
1968,NBA,DET,Larry Newbold,newbola01
1968,NBA,SFW,Dave Reaser,reasoda01
1968,NBA,NYK,Bob Waldal,waldabo01
1968,NBA,LAL,Dennis Hrcka,hrckade01
1968,NBA,BOS,Mike Lewis,lewismi01
1968,NBA,ATL,Oscar Smith,smithos01
1968,NBA,PHI,Bill Jones,jonesbi02
1968,NBA,MIL,Tom Kondla,kondlto01
1968,NBA,PHO,Charley Parks,parksch01
1968,NBA,SDR,Aaron Sellers,selleaa01
1968,NBA,SEA,Willie Rogers,rogerwi01
1968,NBA,CHI,Lloyd Higgins,higgill01
1968,NBA,BAL,Barry Orms,ormsba01
1968,NBA,CIN,Dave Williams,willida01
1968,NBA,DET,Harry Laurie,lauriha01
1968,NBA,SFW,Walt Piatkowski,piatkwa01
1968,NBA,NYK,Bobby Hooper,hoopebo01
1968,NBA,LAL,John Smith,smithjo01
1968,NBA,BOS,Julius Keye,keyeju01
1968,NBA,ATL,Marty Baietti,baietma01
1968,NBA,PHI,Melvin Jones,jonesme01
1968,NBA,PHO,Brian Clare,clarebr01
1968,NBA,MIL,Elburt Miller,milleel01
1968,NBA,SDR,John Schetzsle,schetjo01
1968,NBA,SEA,Jimmy Smith,smithji03
1968,NBA,CHI,Corky Bell,bellco01
1968,NBA,BAL,Wayne Chapman,chapmwa01
1968,NBA,CIN,Butch Joyner,joynebu01
1968,NBA,DET,Vaughn Harper,harpeva01
1968,NBA,SFW,Art Wilmore,wilmoar01
1968,NBA,NYK,Rodger Bohnenstiehl,bohnero01
1968,NBA,LAL,George Stone,stonege01
1968,NBA,BOS,Bill Butler,butlebi01
1968,NBA,ATL,Mack Daughtry,daughma01
1968,NBA,PHI,Clarence Brookins,brookcl01
1968,NBA,MIL,Cliff Berger,bergecl01
1968,NBA,PHO,Merv Jackson,jacksme01
1968,NBA,SDR,Mike Butler,butlemi01
1968,NBA,SEA,Joe Kennedy,kennejo01
1968,NBA,CHI,Mike Weaver,weavemi01
1968,NBA,BAL,Steve Adelman,adelmst01
1968,NBA,CIN,Bo Wyenandt,wyendro01
1968,NBA,DET,Tom Baack,baackto01
1968,NBA,SFW,Bob Heaney,heanebo01
1968,NBA,NYK,Sylvester Adams,adamssy01
1968,NBA,LAL,Charles Alford,alforch01
1968,NBA,BOS,Ivan Leshinsky,leschiv01
1968,NBA,ATL,Dwight Waller,walledw01
1968,NBA,PHI,Greg Cisson,cissogr01
1968,NBA,PHO,Lee Davis,davisle01
1968,NBA,MIL,Eugene Jones,joneseu01
1968,NBA,SDR,Leonidas Epps,eppsle01
1968,NBA,SEA,Jim Marsh,marshji01
1968,NBA,CHI,Jim McGonigle,mcgonji01
1968,NBA,BAL,Al Dixon,dixonal01
1968,NBA,CIN,James Robinson,robinja04
1968,NBA,SFW,Jerry Chandler,chandje01
1968,NBA,NYK,Bob Redd,reddbo01
1968,NBA,LAL,Harry Singletary,singlha01
1968,NBA,BOS,Tom Niemeier,neimeto01
1968,NBA,ATL,Henry Watkins,watkihe01
1968,NBA,PHI,Bill Soens,soensbi01
1968,NBA,MIL,Brad Luchini,luchibr01
1968,NBA,PHO,Ron Boone,boonero01
1968,NBA,SDR,Roy Manning,manniro01
1968,NBA,SEA,Walt Simon,simonwa02
1968,NBA,CHI,John Lallensack,lallejo01
1968,NBA,BAL,Willie Cager,cagerwi01
1968,NBA,CIN,Glynn Saulters,saultgl01
1968,NBA,SFW,Bob Wolfe,wolfebo01
1968,NBA,NYK,Pat Moriarty,moriapa01
1968,NBA,LAL,Reggie Lacefield,lacefre01
1968,NBA,BOS,Bill Langheld,langhbi01
1968,NBA,ATL,Phil Harris,harriph01
1968,NBA,PHI,Ted Campbell,campbte01
1968,NBA,MIL,Dave Miller,milleda02
1968,NBA,PHO,Bill Davis,davisbi02
1968,NBA,SDR,Marshall Evans,evansma02
1968,NBA,SEA,Bud Ogden,ogdenbu01
1968,NBA,CHI,Herm Gilliam,gillihe01
1968,NBA,BAL,Rudy Bogad,bogadru01
1968,NBA,CIN,Billy Tindall,tindabi01
1968,NBA,NYK,Ken Morehead,morehke01
1968,NBA,LAL,Harvey Munford,mumfoha01
1968,NBA,BOS,Art Stephenson,stephar01
1968,NBA,ATL,Frank Standard,standfr01
1968,NBA,PHI,Earl Seyfert,seyfeea01
1968,NBA,PHO,Pat Hobart,hobarpa01
1968,NBA,SDR,Bobby Lewis,lewisbo02
1968,NBA,SEA,Mike Warren,warremi01
1968,NBA,CHI,Dave Carr,carrda01
1968,NBA,BAL,Ernest Sims,simser01
1968,NBA,CIN,Charles Core,corech01
1968,NBA,NYK,John Haarlow,harlojo01
1968,NBA,LAL,John Godfrey,godfrjo01
1968,NBA,BOS,Keith Hochstein,hockske01
1968,NBA,ATL,George Hicker,hickege01
1968,NBA,PHI,Tom Youngdale,youngto01
1968,NBA,SDR,Bill Gaines,gainebi01
1968,NBA,CHI,Mickey McCarty,mccarmi02
1968,NBA,BAL,Joe Allen,allenjo01
1968,NBA,CIN,Mike Drespling,dreplmi01
1968,NBA,NYK,Ed Fellers,felleed01
1968,NBA,LAL,Johnny Baum,baumjo01
1968,NBA,ATL,Bennie Foster,fostebe01
1968,NBA,PHI,George Mack,mackge01
1968,NBA,SDR,Chuck Caldwell,caldwch01
1968,NBA,CHI,Fred Holden,holdefr01
1968,NBA,BAL,Dennis Black,blacede01
1968,NBA,CIN,Dick Harris,harridi01
1968,NBA,NYK,Bob Ferguson,fergubo01
1968,NBA,LAL,Mike Eberle,eberlmi01
1968,NBA,ATL,Terry Allerton,allerte01
1968,NBA,PHI,Joe Crews,crewsjo01
1968,NBA,SDR,Tom Billars,milleda03
1968,NBA,CHI,Dave Benedict,benedto01
1968,NBA,BAL,Gregg Morris,morrigr01
1968,NBA,CIN,John Howard,howarjo02
1968,NBA,NYK,Milt Williams,willimi01
1968,NBA,PHI,Nate Ware,warena01
1968,NBA,SDR,Harold Grant,grantha02
1968,NBA,CHI,Bob Zoretich,zoretbo01
1968,NBA,BAL,Art Kenney,kennyar01
1968,NBA,CIN,Larry Humes,humesla01
1968,NBA,SDR,Bill Corley,corlebi01
1968,NBA,CHI,Rich Mason,masonri01
1968,NBA,BAL,Jim LaCour,lacouji01
1968,NBA,CIN,Ray Jeffords,reffoja01
1968,NBA,CHI,Rich Kirkland,rirkeri01
1968,NBA,BAL,Ron Woodruff,woodrro01
1968,NBA,CHI,Ronald Horton,hortowi01
1967,NBA,DET,Jimmy Walker,walkeji01
1967,NBA,BAL,Earl Monroe,monroea01
1967,NBA,CHI,Clem Haskins,haskicl01
1967,NBA,DET,Sonny Dove,doveso01
1967,NBA,NYK,Walt Frazier,fraziwa01
1967,NBA,SEA,Al Tucker,tuckeal01
1967,NBA,SDR,Pat Riley,rileypa01
1967,NBA,STL,Tom Workman,workmto01
1967,NBA,CIN,Mel Daniels,danieme01
1967,NBA,SFW,Dave Lattin,lattida01
1967,NBA,BOS,Mal Graham,grahama01
1967,NBA,PHI,Craig Raymond,raymocr01
1967,NBA,BAL,Jimmy Jones,jonesji01
1967,NBA,DET,Steve Sullivan,sullist01
1967,NBA,CHI,Byron Beck,beckby01
1967,NBA,LAL,Randy Mahaffey,mahafra01
1967,NBA,NYK,Phil Jackson,jacksph01
1967,NBA,SDR,Bob Netolicky,netolbo01
1967,NBA,SEA,Bob Rule,rulebo01
1967,NBA,BAL,Malkin Strong,stronma01
1967,NBA,DET,Darrell Hardy,hardyda01
1967,NBA,CHI,John Dickson,dicksjo01
1967,NBA,LAL,Dwight Smith,smithdw02
1967,NBA,NYK,Gary Gregor,gregoga01
1967,NBA,STL,Bob Verga,vergabo01
1967,NBA,CIN,Gary Gray,grayga01
1967,NBA,SFW,Bill Turner,turnebi01
1967,NBA,CIN,Sam Smith,smithsa01
1967,NBA,SDR,Richie Moore,mooreri01
1967,NBA,SEA,Sam Singleton,singlsa01
1967,NBA,SDR,Nick Jones,jonesni01
1967,NBA,BAL,Al Salvadori,salvaal01
1967,NBA,DET,Ron Franz,franzro01
1967,NBA,CHI,Jim Burns,burnsji01
1967,NBA,LAL,Cliff Anderson,andercl01
1967,NBA,NYK,Keith Swagerty,swageke01
1967,NBA,STL,Wes Bialosuknia,bialowe01
1967,NBA,CIN,Louie Dampier,dampilo01
1967,NBA,SFW,Bobby Lewis,lewisbo01
1967,NBA,BOS,Nevil Shed,sheddne01
1967,NBA,SDR,Ron Kozlicki,kozliro01
1967,NBA,SDR,Craig Dill,dillcr01
1967,NBA,SEA,Larry Bunce,buncela01
1967,NBA,BAL,Dexter Westbrook,westbde01
1967,NBA,DET,Paul Long,longpa01
1967,NBA,CHI,Dick Pruet,pruetdi01
1967,NBA,LAL,Joe Allen,allenjo01
1967,NBA,NYK,Barry Leibowitz,leiboba01
1967,NBA,STL,Mike Wittman,wittmmi01
1967,NBA,CIN,Trooper Washington,washitr01
1967,NBA,SFW,Mike Lynn,lynnmi01
1967,NBA,BOS,Mike Redd,reddmi02
1967,NBA,PHI,Jim Reid,reidji01
1967,NBA,SEA,Plummer Lott,lottpl01
1967,NBA,SDR,Herb McPherson,mcphehe01
1967,NBA,BAL,Bob Riedy,riedybo01
1967,NBA,DET,Vaughn Harper,harpeva01
1967,NBA,CHI,Mal Pradd,praddma01
1967,NBA,LAL,Gary Keller,kellega01
1967,NBA,NYK,Bob Benfield,benfibo01
1967,NBA,STL,John Morrison,morrijo01
1967,NBA,CIN,Frank Stronczek,stronfr01
1967,NBA,SFW,Dale Schlueter,schluda01
1967,NBA,BOS,Ed Hummer,hummeed01
1967,NBA,PHI,Tim Powers,powerti01
1967,NBA,SDR,Robert Cole,colero01
1967,NBA,SEA,Gordon Harris,harrigo01
1967,NBA,BAL,Ron Perry,perryro01
1967,NBA,DET,Bobby Lloyd,lloydbo01
1967,NBA,CHI,Bob Wolf,wolfbo01
1967,NBA,LAL,Jamie Thompson,thompja03
1967,NBA,NYK,Butch Wade,wadebu01
1967,NBA,STL,Carl Fuller,fulleca01
1967,NBA,CIN,Charlie Beasley,beaslch01
1967,NBA,SFW,Sonny Bustion,bustiso01
1967,NBA,BOS,Edgar Lacey,laceyed01
1967,NBA,PHI,Frank Card,cardfr01
1967,NBA,SEA,Dick Kolberg,kolbedi01
1967,NBA,SDR,Elburt Miller,milleel01
1967,NBA,BAL,Ed Manning,mannied01
1967,NBA,DET,George Carter,cartege01
1967,NBA,CHI,Leon Simon,simonle01
1967,NBA,LAL,Don Carlos,carlodo01
1967,NBA,NYK,Gil Radday,raddagi01
1967,NBA,STL,Arvesta Kelly,kellyar01
1967,NBA,CIN,Frank Hollendoner,hollefr01
1967,NBA,SFW,Bob Krulish,krulibo01
1967,NBA,BOS,Andy Anderson,anderan01
1967,NBA,PHI,Jim Connelly,conleji01
1967,NBA,SDR,Al Grundy,grundal01
1967,NBA,SEA,Willie Wolters,woltewi01
1967,NBA,BAL,Robert Allen,allenro01
1967,NBA,CHI,Ernie Laurent,laureer01
1967,NBA,LAL,Jay McMillen,mcmilja01
1967,NBA,NYK,Roy Smith,smithra02
1967,NBA,STL,Ed Biedenbach,biedeed01
1967,NBA,CIN,Ron Sepic,sepicro01
1967,NBA,SFW,Richard Dean,deanri01
1967,NBA,BOS,Henry Brown,brownhe01
1967,NBA,PHI,Ron Filipek,filipro01
1967,NBA,SEA,Rod McDonald,mcdonro01
1967,NBA,SDR,Ron Coleman,colemro01
1967,NBA,BAL,Bill Gillespie,gillebi01
1967,NBA,CHI,Jim Boshart,boshaji01
1967,NBA,LAL,Don Kruse,kruzedo01
1967,NBA,NYK,Bruce Kaplan,kaplabr01
1967,NBA,STL,Dick Falkenbush,falkeri01
1967,NBA,CIN,Willie Davis,daviswi01
1967,NBA,SFW,Joe Galbo,galbojo01
1967,NBA,BOS,Rick Weitzman,weitzri01
1967,NBA,PHI,Butch Erwin,ervinbu01
1967,NBA,SDR,Don Duncan,duncajo01
1967,NBA,SEA,Gary Lechman,lechmga01
1967,NBA,BAL,Bubba Smith,smithbu01
1967,NBA,CHI,Phil Andros,androji01
1967,NBA,LAL,Nick Pino,pinoni01
1967,NBA,NYK,Mark Mirken,merkima01
1967,NBA,CIN,Ken Calloway,callake01
1967,NBA,SFW,Bill Morgan,morgabi01
1967,NBA,BOS,Joe Harrington,harrijo02
1967,NBA,PHI,Ted Campbell,campbte01
1967,NBA,SEA,Randy Matson,matsora01
1967,NBA,SDR,Al Razutis,razutal01
1967,NBA,BAL,Tony Eatmon,eatonto01
1967,NBA,DET,George Dalzell,dalzege01
1967,NBA,CHI,Ron Widby,widbyro01
1967,NBA,LAL,Ben Monroe,monrobe01
1967,NBA,NYK,Mike Riordan,riordmi01
1967,NBA,CIN,Frank Gaidjunas,gadjufr01
1967,NBA,SFW,David Fox,foxda01
1967,NBA,PHI,Hubie Marshall,marshhu01
1967,NBA,SDR,Martin Nava,naviama01
1967,NBA,SEA,Rubin Russell,russeru01
1967,NBA,BAL,Lyn Burkholder,burkhly01
1967,NBA,DET,Matt Aitch,aitchma01
1967,NBA,CHI,Tom Storm,stormto01
1967,NBA,LAL,Gerry,jonesga01
1967,NBA,CIN,John Moates,moatejo01
1967,NBA,PHI,George Mack,mackge01
1967,NBA,SEA,John Schroeder,schrojo01
1967,NBA,SDR,Bob Chlupsa,chlupbo01
1967,NBA,BAL,Paul Mickey,mickepa01
1967,NBA,CHI,Don Whitehead,whitedo02
1967,NBA,CIN,Jerry Pettway,pettwje01
1967,NBA,PHI,Wayne Brabender,brabewa01
1967,NBA,SDR,John Tolbert,tolbejo01
1967,NBA,SEA,Jim Sutherland,sutheji01
1967,NBA,BAL,Rich Peek,peekri01
1967,NBA,CHI,Jim Garza,garzaji01
1967,NBA,CIN,Earl Beechum,beechea01
1967,NBA,PHI,Sherman Dillard,dillash01
1967,NBA,SEA,Willie Campbell,campbwi01
1967,NBA,BAL,Gary Williams,williga01
1967,NBA,CHI,Jimmy Dawson,dawsoji01
1967,NBA,CIN,John Vermilyea,vermejo01
1967,NBA,PHI,Wayne Chapman,chapmwa01
1967,NBA,BAL,Loy Petersen,peterlo01
1967,NBA,CIN,Darryl Meachem,meachda01
1967,NBA,PHI,Charlie Paulk,paulkch01
1967,NBA,BAL,Jerry Southwood,southje01
1967,NBA,BAL,George Spencer,spencge01
1967,NBA,BAL,Roland West,westro01
1966,NBA,NYK,Cazzie Russell,russeca01
1966,NBA,DET,Dave Bing,bingda01
1966,NBA,SFW,Clyde Lee,leecl01
1966,NBA,STL,Lou Hudson,hudsolo01
1966,NBA,BAL,Jack Marin,marinja01
1966,NBA,CIN,Walt Wesley,weslewa01
1966,NBA,LAL,Jerry Chambers,chambje01
1966,NBA,BOS,Jim Barnett,barneji02
1966,NBA,PHI,Matt Guokas,guokama02
1966,NBA,CHI,Dave Schellhase,schelda01
1966,NBA,NYK,Henry Akin,akinhe01
1966,NBA,DET,Dorie Murrey,murredo01
1966,NBA,SFW,Joe Ellis,ellisjo01
1966,NBA,STL,Dick Snyder,snydedi01
1966,NBA,BAL,Neil Johnson,johnsne02
1966,NBA,CIN,Jerry Lee Wells,wellsje01
1966,NBA,LAL,Hank Finkel,finkeha01
1966,NBA,BOS,Leon Clark,clarkle01
1966,NBA,PHI,Bill Melchionni,melchbi01
1966,NBA,CHI,Erwin Mueller,mueller01
1966,NBA,NYK,Stew Johnson,johnsst01
1966,NBA,DET,Ollie Darden,dardeol01
1966,NBA,SFW,Steve Chubin,chubist01
1966,NBA,STL,Tommy Kron,kronto01
1966,NBA,BAL,Dave Wagnon,wagnoda01
1966,NBA,CIN,Jim Ware,wareji01
1966,NBA,LAL,John Block,blockjo01
1966,NBA,BOS,Gary Turner,turnega01
1966,NBA,PHI,Donnie Freeman,freemdo01
1966,NBA,CHI,Ed Bodkin,bodkied01
1966,NBA,NYK,Lee DeFore,deforle01
1966,NBA,DET,Jeff Congdon,congdje01
1966,NBA,SFW,Steve Vacendak,vacenst01
1966,NBA,STL,Bob McIntyre,mcintbo01
1966,NBA,BAL,George Peeples,peeplge01
1966,NBA,CIN,Charles Schmaus,schmach01
1966,NBA,LAL,Archie Clark,clarkar01
1966,NBA,BOS,Johnny Austin,austijo01
1966,NBA,PHI,Ken Wilburn,wilbuke01
1966,NBA,CHI,Jim Williams,williji01
1966,NBA,NYK,Ron Jackson,jacksro01
1966,NBA,DET,William Pickens,pickewi01
1966,NBA,SFW,Tom Kerwin,kerwito01
1966,NBA,STL,Dick Nemelka,nemeldi01
1966,NBA,BAL,John Beasley,beasljo01
1966,NBA,BAL,Johnny Jones,jonesjo01
1966,NBA,CIN,Rich Parks,parksri01
1966,NBA,LAL,Stan Washington,washist02
1966,NBA,PHI,Tom Duff,duffto01
1966,NBA,CHI,Larry Humes,humesla01
1966,NBA,NYK,George Fisher,fishege01
1966,NBA,DET,Carroll Hooser,hooseca01
1966,NBA,SFW,Jim Pitts,pittsji01
1966,NBA,STL,Lonnie Wright,wrighlo01
1966,NBA,BAL,Jeff Neuman,newmaje01
1966,NBA,CIN,Steve Cunningham,cunnist01
1966,NBA,LAL,Keith Thomas,thomake03
1966,NBA,BOS,Charlie Hunter,huntech02
1966,NBA,PHI,Red Robbins,robbire01
1966,NBA,NYK,Mike Dabich,dabicmi01
1966,NBA,DET,Ted Manning,mannite01
1966,NBA,SFW,Lon Hughey,hughelo01
1966,NBA,STL,Jay Neary,nearyja01
1966,NBA,BAL,Dave Mills,millsda02
1966,NBA,CIN,Gary Schull,schulga01
1966,NBA,LAL,Taft Jackson,jacksta02
1966,NBA,BOS,Gary Ward,wardje01
1966,NBA,CHI,John Comeaux,comeajo01
1966,NBA,NYK,Mike Silliman,sillimi01
1966,NBA,DET,George McNeil,mcneige01
1966,NBA,SFW,Ken Washington,washike02
1966,NBA,STL,Bryan Williams,willibr02
1966,NBA,BAL,Roland West,westro01
1966,NBA,CIN,Ron Krick,krickro01
1966,NBA,LAL,John Wetzel,wetzejo01
1966,NBA,BOS,Russ Gumina,guminru01
1966,NBA,CHI,Stan Curtis,curtibi01
1966,NBA,NYK,Bill Turner,turnebi01
1966,NBA,STL,Al Grant,grantal01
1966,NBA,BAL,Chuck Gardner,gardnch01
1966,NBA,CIN,Billy Smith,smithbi03
1966,NBA,LAL,Julian Hammond,hammoju01
1966,NBA,PHI,Pat Caldwell,caldwpa01
1966,NBA,CHI,Gene Summers,summege01
1966,NBA,NYK,Richie Moore,mooreri01
1966,NBA,STL,Don Yates,yatesdo01
1966,NBA,BAL,Guy Manning,mannigu01
1966,NBA,CIN,Freddie Lewis,lewisfr02
1966,NBA,LAL,Mike Rooney,roonemi01
1966,NBA,PHI,Bob Bedell,bedelbo01
1966,NBA,CHI,Don Swanson,swansdo01
1966,NBA,NYK,Rich Dyer,dyerri01
1966,NBA,STL,Curt Gammell,gammecu01
1966,NBA,BAL,Stan McKenzie,mckenst01
1966,NBA,CIN,R.B. Lynam,lynamrb01
1966,NBA,LAL,George Grams,gramsge01
1966,NBA,CHI,Carver Clinton,clintca01
1966,NBA,NYK,Dave Deutsch,deutsda01
1966,NBA,STL,Lonnie Lynn,lynnlo01
1966,NBA,BAL,Grant Simmons,simmogr01
1966,NBA,NYK,Bob Bennett,bennebo01
1966,NBA,STL,Nick Aloi,aloini01
1966,NBA,BAL,Al Lopes,lopesal01
1966,NBA,STL,Ollie Carter,carteol01
1966,NBA,BAL,Jim Harter,harteji01
1966,NBA,STL,Paul Long,longpa01
1966,NBA,BAL,Howard Bayne,bayneho01
1966,NBA,STL,Eddie Jackson,jacksed02
1966,NBA,BAL,Ken Barnes,barneke01
1966,NBA,BAL,Chris Pervall,pervach01
1966,NBA,BAL,Jerry Trice,triceje01
1966,NBA,BAL,Gene Visscher,visscge01
1965,NBA,SFW,Fred Hetzel,hetzefr01
1965,NBA,NYK,Bill Bradley,bradlbi01
1965,NBA,DET,Bill Buntin,buntibi01
1965,NBA,SFW,Rick Barry,barryri01
1965,NBA,NYK,Dave Stallworth,stallda01
1965,NBA,BAL,Jerry Sloan,sloanje01
1965,NBA,PHI,Billy Cunningham,cunnibi01
1965,NBA,STL,Jim Washington,washiji01
1965,NBA,CIN,Nate Bowman,bowmana01
1965,NBA,LAL,Gail Goodrich,goodrga01
1965,NBA,BOS,Ollie Johnson,johnsol02
1965,NBA,SFW,Will Frazier,fraziwi01
1965,NBA,NYK,Dick Van Arsdale,vanardi01
1965,NBA,DET,Tom Van Arsdale,vanarto01
1965,NBA,BAL,Tal Brody,brodyta01
1965,NBA,PHI,Jesse Branson,bransje01
1965,NBA,NYK,Hal Blevins,bleviha01
1965,NBA,CIN,Flynn Robinson,robinfl01
1965,NBA,LAL,John Fairchild,faircjo01
1965,NBA,BOS,Ron Watts,wattsro01
1965,NBA,SFW,Keith Erickson,erickke01
1965,NBA,NYK,Barry Clemens,clemeba01
1965,NBA,DET,Ron Reed,reedro01
1965,NBA,BAL,Joe Newton,newtojo01
1965,NBA,PHI,Bob Weiss,weissbo01
1965,NBA,STL,Ken McIntyre,mcintke02
1965,NBA,CIN,Jon McGlocklin,mcglojo01
1965,NBA,LAL,Jim Caldwell,caldwji01
1965,NBA,BOS,Toby Kimball,kimbato01
1965,NBA,SFW,Warren Rustand,rustawa01
1965,NBA,NYK,Larry Lembo,lembola01
1965,NBA,DET,Jim King,kingji03
1965,NBA,BAL,Skip Thoren,thoresk01
1965,NBA,PHI,Hank Finkel,finkeha01
1965,NBA,STL,Lynn Nance,nancely01
1965,NBA,CIN,Bob Love,lovebo01
1965,NBA,LAL,Brooks Henderson,hendebr01
1965,NBA,BOS,Richie Tarrant,tarrari01
1965,NBA,SFW,Eddie Jackson,jacksed01
1965,NBA,NYK,Steve Nisenson,nisenst01
1965,NBA,DET,Ted Manning,mannite01
1965,NBA,BAL,Charles Dinkins,dinkech01
1965,NBA,PHI,Richie Moore,mooreri01
1965,NBA,STL,Theodore Werner,werneth01
1965,NBA,CIN,Warren Isaac,isaacwa01
1965,NBA,LAL,A.W. Davis,davisaw01
1965,NBA,BOS,Don Davidson,daviddo01
1965,NBA,SFW,Jim Jarvis,jarviji01
1965,NBA,NYK,Warren Davis,daviswa02
1965,NBA,DET,Barry Smith,smithba01
1965,NBA,BAL,Lyvonne LeFlore,leflola01
1965,NBA,PHI,Mitch Edwards,edwarmi01
1965,NBA,STL,John Rambo,rambojo01
1965,NBA,CIN,Leon Clements,clemele01
1965,NBA,LAL,Teo Cruz,cruzth01
1965,NBA,BOS,Haskell Tison,tisonha01
1965,NBA,SFW,Dan Wolthers,wolteda01
1965,NBA,NYK,Dale Neel,neelda01
1965,NBA,BAL,Willie Somerset,somerwi01
1965,NBA,PHI,John Young,youngjo02
1965,NBA,STL,Terry Kunze,kunzete01
1965,NBA,CIN,Jeff Gehring,gehrije01
1965,NBA,LAL,DeWayne Cruse,cruzedw01
1965,NBA,BOS,George Deehan,deehage01
1965,NBA,SFW,Willie Cotton,cottowi01
1965,NBA,NYK,Frank Granat,granafr01
1965,NBA,BAL,Jim Murphy,murphji01
1965,NBA,PHI,Bob Barnek,barnebo02
1965,NBA,STL,Cincy Powell,powelci01
1965,NBA,CIN,Jim Fox,foxji01
1965,NBA,LAL,George Unseld,unselge01
1965,NBA,NYK,Jay Neary,nearyja01
1965,NBA,BAL,John Wendelken,wendejo01
1965,NBA,PHI,Gene West,westge01
1965,NBA,STL,Leroy Walker,walkele01
1965,NBA,CIN,Ron Krick,krickro01
1965,NBA,LAL,Mal Pradd,praddma01
1965,NBA,NYK,Wayne Molis,moliswa01
1965,NBA,BAL,Bogie Redmon,redmobo01
1965,NBA,PHI,Dean Church,churcde01
1965,NBA,STL,Spencer Carlson,carlssp01
1965,NBA,CIN,Richie Dec,decri01
1965,NBA,LAL,Don Rae,raedo01
1965,NBA,NYK,Bill Meyer,meyerbi01
1965,NBA,BAL,Thales McReynolds,mcreyth01
1965,NBA,PHI,Curt Fromal,fromacu01
1965,NBA,STL,Weldon Kytle,kytlewe01
1965,NBA,CIN,Dick Maile,mailedi01
1965,NBA,LAL,Bob Andrews,andrebo01
1965,NBA,NYK,Bob Trupin,trupibo01
1965,NBA,BAL,Walt Sahm,sahmwa01
1965,NBA,PHI,Dan Anderson,anderda01
1965,NBA,STL,Elton McGriff,mcgriel01
1965,NBA,CIN,Robert McCollough,mccolro01
1965,NBA,NYK,Dennis McGovern,mcgovde01
1965,NBA,BAL,Joe Ramsey,ramsejo01
1965,NBA,PHI,Rick Park,parksri02
1965,NBA,STL,Mel Northway,northme01
1965,NBA,CIN,Oliver Jones,jonesol01
1965,NBA,BAL,Jerry Rook,rookje01
1965,NBA,PHI,Jack Margenthaler,morgeja01
1965,NBA,STL,Terry Page,pagete01
1965,NBA,CIN,Larry Franks,frankla01
1965,NBA,BAL,Dave Hicks,hicksda01
1965,NBA,PHI,James Pitts,pittsja01
1965,NBA,STL,George Pomey,pomeyge01
1965,NBA,CIN,Ronald Scharf,scharro01
1965,NBA,BAL,Bunk Adams,adamsbu01
1965,NBA,PHI,Larry Rafferty,raffela01
1965,NBA,STL,Bob Tolan,tolanbo01
1965,NBA,CIN,Willie Porter,portewi01
1965,NBA,BAL,Roger Taylor,tayloro02
1964,NBA,NYK,Jim Barnes,barneji01
1964,NBA,DET,Joe Caldwell,caldwjo01
1964,NBA,BAL,Gary Bradds,braddga01
1964,NBA,PHI,Luke Jackson,jackslu01
1964,NBA,LAL,Walt Hazzard,abdulma01
1964,NBA,STL,Jeff Mullins,mullije01
1964,NBA,SFW,Barry Kramer,krameba01
1964,NBA,CIN,George Wilson,wilsoge01
1964,NBA,BOS,Mel Counts,countme01
1964,NBA,NYK,Willis Reed,reedwi01
1964,NBA,DET,Les Hunter,huntele01
1964,NBA,STL,Paul Silas,silaspa01
1964,NBA,PHI,Ira Harge,hargeir01
1964,NBA,LAL,Cotton Nash,nashco01
1964,NBA,NYK,Howard Komives,komivho01
1964,NBA,SFW,Bud Koper,koperbu01
1964,NBA,CIN,Bill Chmielewski,chmiebi01
1964,NBA,BOS,Ron Bonham,bonharo01
1964,NBA,NYK,Brian Generalovich,generbr01
1964,NBA,DET,Wali Jones,joneswa02
1964,NBA,BAL,Jerry Sloan,sloanje01
1964,NBA,PHI,Larry Jones,jonesla01
1964,NBA,LAL,Tom Dose,doseto01
1964,NBA,STL,Art Becker,beckear01
1964,NBA,SFW,McCoy McLemore,mclemmc01
1964,NBA,CIN,Steve Courtin,courtst01
1964,NBA,BOS,John Thompson,thompjo01
1964,NBA,NYK,Freddie Crawford,crawffr01
1964,NBA,DET,Jim Davis,davisji01
1964,NBA,BAL,Pete Spoden,spodepe01
1964,NBA,PHI,Frank Corace,coracfr01
1964,NBA,LAL,Hank Finkel,finkeha01
1964,NBA,STL,Willie Murrell,murrewi01
1964,NBA,SFW,Gene Elmore,elmorge01
1964,NBA,CIN,Happy Hairston,hairsha01
1964,NBA,BOS,Joe Strawder,strawjo01
1964,NBA,NYK,Tony Gennari,gennato01
1964,NBA,DET,Ray Wolford,wolfora01
1964,NBA,BAL,Bennie Lenox,lennobe01
1964,NBA,PHI,Lou Skurcenski,skurclo01
1964,NBA,LAL,John Savage,savagjo01
1964,NBA,STL,John Tresvant,tresvjo01
1964,NBA,SFW,Roger Suttner,suttnro01
1964,NBA,CIN,George Kirk,kirkge01
1964,NBA,BOS,Nick Werkman,werkmni01
1964,NBA,NYK,Tom Lavelle,lavelto02
1964,NBA,DET,Larry Phillips,phillla01
1964,NBA,BAL,Bobby Edmonds,edmonbo01
1964,NBA,PHI,Ricky Kaminsky,kaminri01
1964,NBA,LAL,Troy Collier,collitr01
1964,NBA,STL,Ernest Brock,brocker01
1964,NBA,SFW,Ray Carey,careyra01
1964,NBA,CIN,Al Thrasher,thresal01
1964,NBA,BOS,Levern Tart,tartle01
1964,NBA,NYK,Em Bryant,bryanem01
1964,NBA,DET,Jerry Jackson,jacksje02
1964,NBA,BAL,Ron Miller,millero01
1964,NBA,PHI,Gordon Hatton,hattogo01
1964,NBA,LAL,Steve Anstett,anstest01
1964,NBA,STL,Maurice McHartley,mcharma01
1964,NBA,SFW,Dave Lee,leeda01
1964,NBA,CIN,Vic Rouse,rousevi01
1964,NBA,BOS,Rich Falk,falkri01
1964,NBA,NYK,Jim Boutin,boutiji01
1964,NBA,DET,Ralph Telken,telkera01
1964,NBA,BAL,Danny Schultz,schulda01
1964,NBA,PHI,Bob Pelkington,pelkibo01
1964,NBA,LAL,Jay Buckley,bucklja01
1964,NBA,STL,Kendall Rhine,rhineke01
1964,NBA,SFW,Bob Garibaldi,garibbo01
1964,NBA,CIN,Joe Geiger,giegejo01
1964,NBA,BOS,Jeff Blue,blueje01
1964,NBA,NYK,Jack Brens,brensja01
1964,NBA,BAL,Tom Black,blackto01
1964,NBA,PHI,Jim Brennan,brennji01
1964,NBA,STL,Darel Carrier,carrida01
1964,NBA,SFW,Camden Wall,wailca01
1964,NBA,CIN,Scotty Pierce,piercsc01
1964,NBA,BOS,Pete Kelley,kellech01
1964,NBA,NYK,Jim Christy,chrisji01
1964,NBA,BAL,Bill Kusleika,kuslebi01
1964,NBA,PHI,Wally Briggs,briggwa01
1964,NBA,STL,Frank Stephens,stephfr01
1964,NBA,SFW,Jeff Cotwright,cartwje01
1964,NBA,CIN,Bob Neumann,neumabo01
1964,NBA,BOS,Duane Corriveau,corridu01
1964,NBA,NYK,Dennis Lynch,lynchde01
1964,NBA,BAL,Fred Glover,glovefr01
1964,NBA,PHI,Thomas Lowry,lowryth01
1964,NBA,STL,Gerald Govan,govange01
1964,NBA,CIN,Jim Reynolds,reynoji01
1964,NBA,BAL,Frank Kamiaski,kaminfr02
1964,NBA,PHI,Julius Myers,myersju01
1964,NBA,STL,Warren Sutton,suttowa01
1964,NBA,CIN,Fred Jones,jonesfr02
1964,NBA,BAL,Doug Moon,moondo01
1964,NBA,STL,Cecil Tuttle,tuttlce01
1964,NBA,BAL,Pete Gent,gentpe01
1964,NBA,STL,Bill Blair,blairbi01
1964,NBA,BAL,Sandy Williams,willisa03
1964,NBA,STL,Al Cech,cechal01
1963,NBA,NYK,Art Heyman,heymaar01
1963,NBA,BAL,Rod Thorn,thornro01
1963,NBA,SFW,Nate Thurmond,thurmna01
1963,NBA,DET,Eddie Miles,milesed01
1963,NBA,CIN,Tom Thacker,thackto01
1963,NBA,STL,Gerry Ward,wardge01
1963,NBA,PHI,Tom Hoover,hooveto01
1963,NBA,LAL,Roger Strickland,stricro01
1963,NBA,BOS,Bill Green,greenbi01
1963,NBA,NYK,Jerry Harkness,harknje01
1963,NBA,BAL,Gus Johnson,johnsgu01
1963,NBA,SFW,Gary Hill,hillga01
1963,NBA,DET,Jerry Smith,smithje02
1963,NBA,LAL,Jim King,kingji01
1963,NBA,STL,Leland Mitchell,mitchle01
1963,NBA,PHI,Hershell West,westhe01
1963,NBA,LAL,Mel Gibson,gibsome01
1963,NBA,STL,Ken Saylors,sayloke01
1963,NBA,NYK,Bill O'Connor,oconnbi01
1963,NBA,BAL,Tom Bolyard,bolyato01
1963,NBA,SFW,Steve Gray,grayst03
1963,NBA,DET,Mike McCoy,mccoymi01
1963,NBA,CIN,Jimmy Rayl,raylji01
1963,NBA,STL,Bill Burwell,burwebi01
1963,NBA,PHI,Jerry Greenspan,greenje01
1963,NBA,LAL,Lyle Harger,hargely01
1963,NBA,BOS,Chuck Kriston,kristch01
1963,NBA,NYK,Nate Cloud,cloudna01
1963,NBA,BAL,Nolen Ellison,ellisno01
1963,NBA,SFW,Dave Downey,downeda01
1963,NBA,DET,Dave Erickson,erickda01
1963,NBA,CIN,Ken Charlton,charlke02
1963,NBA,STL,Waite Bellamy,bellawa02
1963,NBA,PHI,Ray Flynn,flynnra01
1963,NBA,LAL,Layton Johns,johnsla03
1963,NBA,BOS,Connie McGuire,mcguico01
1963,NBA,NYK,Joe McDermott,mcderjo01
1963,NBA,BAL,Ron Glaser,glasero01
1963,NBA,SFW,Don Turner,turnedo01
1963,NBA,DET,Bill Small,smallbi01
1963,NBA,CIN,Mack Herndon,herndma01
1963,NBA,STL,Tony Yates,yatesto01
1963,NBA,PHI,Tony Cerkvenik,cerkvto01
1963,NBA,LAL,Larry Jones,jonesla01
1963,NBA,BOS,Red Stroud,stroure01
1963,NBA,NYK,Jim Kerwin,kerwiji01
1963,NBA,BAL,Ken Siebel,siebeke01
1963,NBA,SFW,Gene Shields,shielge01
1963,NBA,DET,Reggie Harding,hardire01
1963,NBA,CIN,Jim McCormick,mccorji01
1963,NBA,STL,Al Santio,santial01
1963,NBA,PHI,Vince Brewer,brewevi01
1963,NBA,LAL,Warren Sallade,saladwa01
1963,NBA,BOS,Vinnie Ernst,ernstvi01
1963,NBA,NYK,Bob Woollard,woollbo01
1963,NBA,BAL,Larry Brown,brownla01
1963,NBA,SFW,Don Clemetson,clemedo01
1963,NBA,DET,Ira Harge,hargeir01
1963,NBA,CIN,Hunter Beckman,beckmhu01
1963,NBA,STL,Ken Rohloff,rohloke01
1963,NBA,PHI,Bill Brown,brownbi01
1963,NBA,LAL,Gordie Martin,martigo01
1963,NBA,BOS,Herb Magee,mageehe01
1963,NBA,NYK,Freddie Crawford,crawffr01
1963,NBA,BAL,Rich Froistad,riesbdi01
1963,NBA,SFW,Harry Dinnel,dinneha01
1963,NBA,DET,Gary Silc,silcga01
1963,NBA,STL,Harold Ray Strother,strotha01
1963,NBA,NYK,Ray Cronk,cronkra01
1963,NBA,BAL,Ron Jackson,jacksro01
1963,NBA,SFW,Chuck White,whitech01
1963,NBA,DET,Ernie Dunston,durster01
1963,NBA,STL,Frank Davis,davisfr01
1963,NBA,NYK,Gerald Glur,glurge01
1963,NBA,BAL,M. C. Thompson,thompmc01
1963,NBA,STL,Carl Ritter,ritteca01
1963,NBA,NYK,Orb Bowling,bowlior01
1963,NBA,STL,Marv Straw,strawma01
1963,NBA,NYK,Bob Walters,waltebo02
1963,NBA,STL,Hugh Evans,evanshu01
1963,NBA,NYK,Jerry Szachara,szachje01
1963,NBA,STL,Gary McFarland,mcfargo01
1963,NBA,NYK,Bill Raftery,raftebi01
1963,NBA,NYK,Ron Pickett,pickero01
1962,NBA,CHZ,Billy McGill,mcgilbi01
1962,NBA,NYK,Paul Hogue,hoguedu01
1962,NBA,STL,Zelmo Beaty,beatyze01
1962,NBA,DET,Dave DeBusschere,debusda01
1962,NBA,SYR,Len Chappell,chapple01
1962,NBA,CIN,Jerry Lucas,lucasje01
1962,NBA,SFW,Wayne Hightower,hightwa01
1962,NBA,LAL,Leroy Ellis,ellisle01
1962,NBA,BOS,John Havlicek,havlijo01
1962,NBA,CHZ,Terry Dischinger,dischte01
1962,NBA,NYK,John Rudometkin,rudomjo01
1962,NBA,STL,Bob Duffy,duffybo02
1962,NBA,DET,Kevin Loughery,loughke01
1962,NBA,SYR,Chet Walker,walkech01
1962,NBA,CIN,Bud Olsen,olsenbu01
1962,NBA,SFW,Hubie White,whitehu01
1962,NBA,LAL,Gene Wiley,wileyge01
1962,NBA,BOS,Jack Foley,foleyja01
1962,NBA,CHZ,Don Nelson,nelsodo01
1962,NBA,NYK,Bobby Rascoe,rascobo01
1962,NBA,STL,Charlie Hardnett,hardnch01
1962,NBA,DET,Harold Hudgens,hudgeha01
1962,NBA,SYR,Porter Meriwether,meriwpo01
1962,NBA,CIN,Chris Appel,appelch01
1962,NBA,SFW,Dave Fedor,fedorda01
1962,NBA,LAL,John Green,greenjo04
1962,NBA,BOS,Jim Hadnot,hadnoji01
1962,NBA,STL,Chico Vaughn,vaughch01
1962,NBA,NYK,Cliff Luyk,luykcl01
1962,NBA,STL,Jerry Grote,groteje01
1962,NBA,DET,Reggie Harding,hardire01
1962,NBA,SYR,Bob McCully,mcculbo01
1962,NBA,CIN,Jack Thobe,thobeja01
1962,NBA,SFW,Garry Roggenburk,roggega01
1962,NBA,LAL,Jan Loudermilk,loudeja01
1962,NBA,BOS,Roger Strickland,stricro01
1962,NBA,CHZ,Cornell Green,greenco01
1962,NBA,NYK,Bob Burgess,burgebo01
1962,NBA,STL,Tom Hatton,hattoto01
1962,NBA,DET,Lindberg Moody,moodyli01
1962,NBA,SYR,John Windsor,windsjo01
1962,NBA,CIN,Mike Wroblewski,wroblmi01
1962,NBA,SFW,Jack Jackson,jacksja03
1962,NBA,LAL,Art Whisnant,whisnar01
1962,NBA,BOS,Gary Daniels,daniega01
1962,NBA,CHZ,Bill Hanson,hansobi01
1962,NBA,NYK,Ken Stanley,stanlke01
1962,NBA,STL,Jay Carty,cartyja01
1962,NBA,DET,Ed Noe,noeed01
1962,NBA,SYR,Lanny Van Eman,vanemla01
1962,NBA,CIN,Jerry Foster,fosteje02
1962,NBA,SFW,Jim Hudock,hudocji01
1962,NBA,LAL,Bucky Keller,kellebu01
1962,NBA,BOS,Jim Hooley,hooleji01
1962,NBA,CHZ,Jack Ardon,ardonja01
1962,NBA,NYK,Richie Swartz,swartri01
1962,NBA,STL,Bob McAteer,mcatebo01
1962,NBA,DET,John Bradley,bradljo02
1962,NBA,SYR,Bob Sharpenter,sharpbo01
1962,NBA,CIN,Gary Cunningham,cunniga01
1962,NBA,SFW,Howie Montgomery,montgho01
1962,NBA,BOS,Clyde Arnold,arnolcl01
1962,NBA,CHZ,Larry Pursiful,pursila01
1962,NBA,NYK,Warren Fouts,foutswa01
1962,NBA,STL,Terry Ball,ballte01
1962,NBA,DET,Mike Rice,ricemi01
1962,NBA,SYR,Jerry Harkness,harknje01
1962,NBA,CIN,Ed Bento,bentoed01
1962,NBA,SFW,Bill Kirvin,kirvibi01
1962,NBA,LAL,Bill Garner,garnebi01
1962,NBA,BOS,Chuck Chevalier,chevach01
1962,NBA,CHZ,Carroll Broussard,brousca01
1962,NBA,NYK,Paul Benec,benecpa01
1962,NBA,STL,Marvin Trotman,trotmma01
1962,NBA,DET,Bill Nelson,nelsobi01
1962,NBA,SYR,Vince Brewer,brewevi01
1962,NBA,CIN,Chris Jones,jonesch04
1962,NBA,SFW,Tom Kieffer,kiefeto01
1962,NBA,LAL,Bill Mattson,matsobi01
1962,NBA,BOS,Mike Cingiser,cingimi01
1962,NBA,CHZ,Pete Campbell,campbpe01
1962,NBA,NYK,Ralph Richardson,richara01
1962,NBA,STL,Charlie Sells,sellsch01
1962,NBA,DET,Glenn Moore,mooregl01
1962,NBA,CIN,George Knighton,knighge01
1962,NBA,SFW,Ken McComb,mccomke01
1962,NBA,CHZ,Jeff Slade,sladeje01
1962,NBA,NYK,Ed Mazria,mazried01
1962,NBA,STL,Tom Chappelle,chappto01
1962,NBA,CIN,Frank Pinchback,pinchfr01
1962,NBA,SFW,Donnie Walsh,walshdo01
1962,NBA,CHZ,Mel Nowell,nowelme01
1962,NBA,STL,John Caveny,cavenjo01
1962,NBA,SFW,Charles Warren,warrech01
1962,NBA,CHZ,Tom Kennedy,kenneto01
1962,NBA,STL,Jerry Carlton,carltje01
1962,NBA,CHZ,Bob Mahland,mahlabo01
1962,NBA,STL,Wilky Gilmore,gilmowi01
1962,NBA,CHZ,Pat McKenzie,mckenpa01
1962,NBA,STL,Dave Ricereto,ricerda01
1962,NBA,CHZ,Norman Majors,majorno01
1962,NBA,STL,Rally Rounsaville,roundwa01
1961,NBA,CHP,Walt Bellamy,bellawa01
1961,NBA,NYK,Tom Stith,stithto01
1961,NBA,CIN,Larry Siegfried,siegfla01
1961,NBA,DET,Ray Scott,scottra01
1961,NBA,LAL,Wayne Yates,yateswa01
1961,NBA,SYR,Ben Warley,warlebe01
1961,NBA,PHW,Tom Meschery,meschto01
1961,NBA,STL,Cleo Hill,hillcl01
1961,NBA,BOS,Gary Phillips,phillga01
1961,NBA,CHP,Jack Turner,turneja02
1961,NBA,CHP,Jerry Graves,graveje01
1961,NBA,CHP,York Larese,laresyo01
1961,NBA,CHP,Don Kojis,kojisdo01
1961,NBA,CHP,Doug Moe,moedo01
1961,NBA,NYK,Whitey Martin,martiwh01
1961,NBA,CIN,Bob Wiesenhahn,wiesebo01
1961,NBA,DET,Johnny Egan,eganjo01
1961,NBA,LAL,Fred Sawyer,sawyefr01
1961,NBA,SYR,Chris Smith,smithch06
1961,NBA,PHW,Ted Luckenbill,luckete01
1961,NBA,STL,Ron Horn,hornro01
1961,NBA,BOS,Al Butler,butleal01
1961,NBA,CHP,Jeff Cohen,cohenje01
1961,NBA,NYK,Tony Jackson,jacksto01
1961,NBA,CIN,Bevo Nordmann,nordmbe01
1961,NBA,DET,Doug Kistler,kistldo01
1961,NBA,LAL,Frank Burgess,burgefr01
1961,NBA,SYR,Chuck Osborne,osborch01
1961,NBA,PHW,Jack Egan,eganja01
1961,NBA,STL,Tom Chilton,chiltto01
1961,NBA,BOS,Bill Depp,deppbi01
1961,NBA,CHP,Bill Bridges,bridgbi01
1961,NBA,NYK,George Blaney,blanege01
1961,NBA,CIN,Lowery Kirk,kirklo01
1961,NBA,DET,George Finley,finlege01
1961,NBA,LAL,Charles Henke,henkech01
1961,NBA,SYR,Hank Whitney,whitnha01
1961,NBA,PHW,John Tidwell,tidwejo01
1961,NBA,STL,Gus Guydon,guydogu01
1961,NBA,BOS,Carl Cole,coleca01
1961,NBA,CHP,Roger Kaiser,kaisero01
1961,NBA,NYK,Bill Smith,smithbi01
1961,NBA,CIN,Rossie Johnson,johnsro04
1961,NBA,DET,Danny Doyle,doyleda01
1961,NBA,LAL,Bill Lickert,lickebi01
1961,NBA,SYR,Don Jacobsen,jacobdo01
1961,NBA,PHW,Bruce Spraggins,spragbr01
1961,NBA,STL,John Berberich,berbejo01
1961,NBA,BOS,Bob DiStefano,distebo01
1961,NBA,CHP,Howie Carl,carlho01
1961,NBA,NYK,Cleveland Buckner,buckncl01
1961,NBA,CIN,Bob Slobodnik,slobobo01
1961,NBA,DET,Lee Patrone,patrole01
1961,NBA,LAL,Bill McClintock,mcclibi01
1961,NBA,SYR,Billy Joe Price,pricebi01
1961,NBA,PHW,Dick Goldberg,goldbdi01
1961,NBA,STL,Bob McDonald,mcdonbo01
1961,NBA,BOS,Ned Twyman,twymane01
1961,NBA,CHP,Dave Voss,vossda01
1961,NBA,NYK,Donnie Butcher,butchdo01
1961,NBA,CIN,Dave Zeller,zelleda01
1961,NBA,DET,Bert Price,pricebu01
1961,NBA,LAL,Albert Almanza,alamaal01
1961,NBA,SYR,Roger Newman,newmaro01
1961,NBA,PHW,Charley McNeil,mcneich01
1961,NBA,STL,Charles Riley,rileych01
1961,NBA,BOS,Mel Klein,kleinme01
1961,NBA,CHP,Ron Heller,hellero01
1961,NBA,NYK,Cedric Price,pricece02
1961,NBA,CIN,Gerry Thelen,theleje01
1961,NBA,DET,Walter Ward,wardwa01
1961,NBA,LAL,Bill Ellis,ellisbi01
1961,NBA,SYR,Dave Mills,millsda01
1961,NBA,PHW,Larry Swift,swiftla01
1961,NBA,STL,Gene Velloff,velloge01
1961,NBA,CHP,John Wessels,wessejo01
1961,NBA,NYK,Charlie Bowerman,bowmach01
1961,NBA,CIN,Larry Kruger,kruegla01
1961,NBA,DET,Peter Baltic,baltipe01
1961,NBA,LAL,Karl Anderson,anderca01
1961,NBA,SYR,Rex Tippitt,tippire01
1961,NBA,STL,Herbert Gray,grayhe01
1961,NBA,CHP,Steve Strange,stranst01
1961,NBA,NYK,Ron Dibelius,debilro01
1961,NBA,CIN,Jack Waters,waterja01
1961,NBA,DET,Wayne Monson,monsowa01
1961,NBA,LAL,Fred Williams,williro05
1961,NBA,SYR,Pete Chudy,chudype01
1961,NBA,PHW,Leo Hill,hillle02
1961,NBA,STL,Tom Faszholz,faszhto01
1961,NBA,CHP,Larry Comley,comlela01
1961,NBA,NYK,Kevin Loughery,loughke01
1961,NBA,CIN,Carl Short,shortca01
1961,NBA,DET,Richard Kraft,kraftri01
1961,NBA,LAL,Howard Hurt,huntho01
1961,NBA,SYR,Charles Sammons,sammodi01
1961,NBA,PHW,Corky Withrow,whitrco01
1961,NBA,STL,Dick Kepley,kepledi01
1961,NBA,NYK,Earl Shultz,shultea01
1961,NBA,CIN,George Patterson,pattege01
1961,NBA,STL,Jackie Crawford,crawfja02
1961,NBA,NYK,Ned Jennings,jennine01
1961,NBA,CIN,Clair McRoberts,mcrobcl01
1961,NBA,STL,Howard Stacey,stacyho01
1961,NBA,NYK,Bill Engesser,engrebi01
1961,NBA,CIN,Carl Bouldin,bouldca01
1961,NBA,NYK,Vince Kempton,kemptvi01
1960,NBA,CIN,Oscar Robertson,roberos01
1960,NBA,LAL,Jerry West,westje01
1960,NBA,NYK,Darrall Imhoff,imhofda01
1960,NBA,DET,Jackie Moreland,morelja01
1960,NBA,SYR,Lee Shaffer,shaffle01
1960,NBA,STL,Lenny Wilkens,wilkele01
1960,NBA,PHW,Al Bunge,bungeal01
1960,NBA,BOS,Tom Sanders,sandeto01
1960,NBA,CIN,Jay Arnette,arnetja01
1960,NBA,NYK,Dave Budd,buddda01
1960,NBA,NYK,Kelly Coleman,colemke01
1960,NBA,DET,Ron Johnson,johnsro01
1960,NBA,SYR,Wilbur Trosch,troscwi01
1960,NBA,STL,Frank Radovich,radovfr01
1960,NBA,PHW,Pickles Kennedy,kennepi01
1960,NBA,BOS,Leroy Wright,wrighle01
1960,NBA,CIN,Ralph Davis,davisra01
1960,NBA,LAL,Jim Hagan,haganji01
1960,NBA,NYK,Bob McNeill,mcneibo01
1960,NBA,DET,Frank Case,casefr01
1960,NBA,SYR,Joe Roberts,roberjo01
1960,NBA,STL,Fred LaCour,lacoufr01
1960,NBA,PHW,Bob Mealy,mealybo01
1960,NBA,BOS,Mike Graney,granemi01
1960,NBA,CIN,Dalen Showalter,showada01
1960,NBA,LAL,Wally Frank,frankwa01
1960,NBA,LAL,Ben Warley,warlebe01
1960,NBA,DET,Ken Remley,remleke01
1960,NBA,SYR,Carl Cole,coleca01
1960,NBA,STL,Horace Walker,walkeho01
1960,NBA,PHW,Charley Sharp,sharpch01
1960,NBA,BOS,Sid Cohen,cohensi01
1960,NBA,CIN,Don Ogorek,ogoredo01
1960,NBA,LAL,George Farley,farlege01
1960,NBA,NYK,Charley McNeil,mcneich01
1960,NBA,DET,Willie Jones,joneswi01
1960,NBA,SYR,Jim Mudd,muddji01
1960,NBA,STL,Jimmy Darrow,darroji01
1960,NBA,PHW,Al Attles,attleal01
1960,NBA,BOS,Wayne Lawrence,lawrewa01
1960,NBA,CIN,Bobby Joe Mason,masonbo01
1960,NBA,LAL,Bobby Goodall,goodabo01
1960,NBA,NYK,David Denton,dentoda01
1960,NBA,DET,Bill Lowry,lowrybi01
1960,NBA,SYR,Herschell Turner,turnehe01
1960,NBA,STL,York Larese,laresyo01
1960,NBA,PHW,Jim Brangan,brangji01
1960,NBA,BOS,Roger Newman,newmaro01
1960,NBA,CIN,Frank Sobrero,sobrefr01
1960,NBA,LAL,Howie Jolliff,jolifho01
1960,NBA,NYK,Dick Doughty,doughdi01
1960,NBA,DET,Doug Moe,moedo01
1960,NBA,SYR,Bennie Coffman,kauffbe01
1960,NBA,STL,Bob Sims,simsbo01
1960,NBA,PHW,Bob Clarke,clarkbo01
1960,NBA,CIN,Sam Stith,stithsa01
1960,NBA,LAL,John Werhas,werhajo01
1960,NBA,NYK,George Price,pricege01
1960,NBA,DET,Mike Yugovich,yugovmi01
1960,NBA,SYR,Dick Lynch,lynchdo01
1960,NBA,STL,Don Curry,currydo01
1960,NBA,PHW,George Raveling,ravelge01
1960,NBA,CIN,Al Nealey,nealeal01
1960,NBA,LAL,Jean-Claude Lefebvre,lefevcl01
1960,NBA,NYK,Tony Davis,davisto01
1960,NBA,DET,Martin Holland,hollama01
1960,NBA,SYR,Bernie Finlay,findlbe01
1960,NBA,STL,Bob Castaneda,castabo01
1960,NBA,PHW,Joe Gallo,gallojo01
1960,NBA,CIN,Lon Sizemore,sizemlo01
1960,NBA,LAL,Dick Harvey,harvedi01
1960,NBA,NYK,Walter Mangham,manghwa01
1960,NBA,DET,Joe Kennelly,kennejo02
1960,NBA,STL,Americus John-Lewis,john-am01
1960,NBA,CIN,Dennis Boone,moorede01
1960,NBA,LAL,Sterling Forbes,forbest01
1960,NBA,NYK,Howard Willis,williho03
1960,NBA,DET,Mel Peterson,peterme01
1960,NBA,STL,Dick Davies,daviedi01
1960,NBA,CIN,Ron Altenberg,altenro01
1960,NBA,LAL,Wil Jones,joneswi03
1960,NBA,NYK,Henry Hart,harthe01
1960,NBA,DET,John Dobbert,dobbedo01
1960,NBA,STL,Bob Wilkinson,wilkibo01
1960,NBA,CIN,John Milhoan,milhojo01
1960,NBA,NYK,Dick Furry,furrydi01
1960,NBA,STL,Ed Smallwood,smalled01
1960,NBA,DET,Lee Hopfenspirger,hopfele01
1960,NBA,CIN,Larry Chanay,chanela01
1960,NBA,NYK,Jim Hanna,hannaji01
1960,NBA,CIN,Ducky Potter,pottedu01
1960,NBA,NYK,Jerry Bechtle,bechtje01
1960,NBA,CIN,Gene Jordan,jordage01
1960,NBA,NYK,Jerry Schofield,schofje01
1960,NBA,CIN,Ernie McCray,mccraer01
1960,NBA,NYK,Tandy Gillis,gillita01
1960,NBA,CIN,Don Mills,millsdo01
1960,NBA,NYK,George Krajack,krajige01
1960,NBA,CIN,Larry Willey,willela01
1960,NBA,CIN,Tony Wilcox,wilcoto01
1960,NBA,CIN,Jim McDonald,mcdonji01
1959,NBA,CIN,Bob Boozer,boozebo01
1959,NBA,DET,Bailey Howell,howelba01
1959,NBA,PHW,Wilt Chamberlain,chambwi01
1959,NBA,MNL,Tom Hawkins,hawkito01
1959,NBA,SYR,Dick Barnett,barnedi01
1959,NBA,NYK,Johnny Green,greenjo01
1959,NBA,STL,Bob Ferry,ferrybo01
1959,NBA,BOS,John Richter,richtjo01
1959,NBA,DET,Tom Robitaille,robitto01
1959,NBA,DET,Don Goldstein,goldsdo01
1959,NBA,PHW,Joe Ruklick,ruklijo01
1959,NBA,MNL,Rudy LaRusso,larusru01
1959,NBA,SYR,Gene Tormohlen,tormobu01
1959,NBA,STL,Alan Seiden,seideal01
1959,NBA,STL,Cal Ramsey,ramseca01
1959,NBA,BOS,Gene Guarilia,guarige01
1959,NBA,CIN,Mike Mendenhall,mendemi01
1959,NBA,DET,Gary Alcorn,alcorga01
1959,NBA,PHW,Jim Hockaday,hickaji01
1959,NBA,MNL,Bobby Smith,smithbo01
1959,NBA,SYR,Jon Cincebox,cincejo01
1959,NBA,NYK,Bob Anderegg,anderbo01
1959,NBA,STL,Hank Stein,steinha01
1959,NBA,BOS,Ralph Crosthwaite,crostra01
1959,NBA,CIN,Leo Byrd,byrdle01
1959,NBA,DET,George Lee,leege01
1959,NBA,PHW,Ron Stevenson,stevero01
1959,NBA,MNL,Wilson Eison,eisonwi01
1959,NBA,SYR,Paul Neumann,neumapa01
1959,NBA,NYK,Johnny Cox,coxjo01
1959,NBA,STL,Lee Harman,harmale01
1959,NBA,BOS,Ed Kazakavich,kazaked01
1959,NBA,CIN,Harry Kirchner,kirchha01
1959,NBA,DET,Tony Windis,windito01
1959,NBA,PHW,Bill Telasky,telasbi01
1959,NBA,MNL,Bobby Joe Mason,masonbo01
1959,NBA,SYR,Roger Taylor,tayloro02
1959,NBA,NYK,Herb Busch,buschhe01
1959,NBA,STL,Nick Mantis,mantini01
1959,NBA,BOS,Roy Lange,langedo02
1959,NBA,CIN,Don Hennon,hennodo01
1959,NBA,DET,Lou Jordan,jordalo01
1959,NBA,PHW,Joe Spratt,spratjo01
1959,NBA,MNL,Jim Henry,henryji01
1959,NBA,SYR,Bob Dalton,daltobo01
1959,NBA,NYK,Bucky McDonald,mcdonbu01
1959,NBA,STL,Mike Moran,moranmi01
1959,NBA,BOS,Bob Cumings,cuminbo01
1959,NBA,CIN,Dale Moore,mooreda01
1959,NBA,DET,Doug Smart,smartdo01
1959,NBA,PHW,Joe Ryan,ryanjo01
1959,NBA,MNL,Charley Grote,grotech01
1959,NBA,SYR,Darnel Haney,haneyda01
1959,NBA,NYK,Russ Robinson,robinru02
1959,NBA,STL,Orby Arnold,arnolor01
1959,NBA,CIN,Don Matuszak,matusdo01
1959,NBA,DET,Chuck Curtis,curtich01
1959,NBA,PHW,Dave Gunther,gunthda01
1959,NBA,MNL,Leon Hill,hillle01
1959,NBA,NYK,Walt Torrence,torrewa01
1959,NBA,STL,Willie Merriweather,merriwi01
1959,NBA,CIN,Joe Billy McDade,mcdadjo01
1959,NBA,DET,Doyle Edmiston,edmisdo01
1959,NBA,PHW,Carl Belz,belzca01
1959,NBA,MNL,Jim Mudd,muddji01
1959,NBA,NYK,Jerry Shipp,shippje01
1959,NBA,STL,Lou Pucillo,pucillo01
1959,NBA,CIN,Joe Viviano,viviajo01
1959,NBA,DET,Bruno Boin,boinbr01
1959,NBA,PHW,Tommy Sellari,sellato01
1959,NBA,MNL,Roger Johnson,johnsro03
1959,NBA,NYK,Paul Wilcox,wilcopa01
1959,NBA,STL,Ron Loneski,lonesro01
1959,NBA,CIN,Charlie Brown,brownch04
1959,NBA,DET,M. C. Burton,burtomc01
1959,NBA,PHW,Phil Warren,warreph01
1959,NBA,MNL,Jack Evens,evansja03
1959,NBA,NYK,Paul Benes,benespa01
1959,NBA,STL,John Barnhill,barnhjo01
1959,NBA,CIN,Roger Wendel,wendero01
1959,NBA,MNL,Vern Baggenstoss,baggeve01
1959,NBA,NYK,Ed Blair,blaired01
1959,NBA,MNL,Dwayne Smith,smithdw01
1959,NBA,NYK,John Nicoll,nicoljo01
1959,NBA,NYK,Jack Israel,israeja01
1958,NBA,MNL,Elgin Baylor,bayloel01
1958,NBA,CIN,Archie Dees,deesar01
1958,NBA,NYK,Mike Farmer,farmemi01
1958,NBA,NYK,Pete Brennan,brennpe01
1958,NBA,PHW,Guy Rodgers,rodgegu01
1958,NBA,SYR,Connie Dierking,dierkco01
1958,NBA,STL,Dave Gambee,gambeda01
1958,NBA,BOS,Bennie Swain,swainbe01
1958,NBA,MNL,Steve Hamilton,hamilst01
1958,NBA,CIN,Vern Hatton,hattove01
1958,NBA,DET,Barney Cable,cableba01
1958,NBA,NYK,Joe Quigg,quiggjo01
1958,NBA,PHW,Lloyd Sharrar,sharrla01
1958,NBA,SYR,Hal Greer,greerha01
1958,NBA,STL,Hub Reed,reedhu01
1958,NBA,BOS,Jimmy Smith,smithji02
1958,NBA,MNL,Boo Ellis,ellisbo01
1958,NBA,CIN,Bucky Bockhorn,bockhbu01
1958,NBA,DET,Roy DeWitz,dewitro01
1958,NBA,NYK,John Lee,leejo01
1958,NBA,PHW,Frank Howard,howarfr01
1958,NBA,SYR,John Nacincik,nacinjo01
1958,NBA,STL,Wayne Embry,embrywa01
1958,NBA,BOS,Jim Cunningham,cunniji01
1958,NBA,MNL,George Kline,klinege01
1958,NBA,CIN,Phil Murrell,murreph01
1958,NBA,DET,Ralph Crosthwaite,crostra01
1958,NBA,NYK,Johnny Cox,coxjo01
1958,NBA,PHW,Temple Tucker,tuckete01
1958,NBA,SYR,Tommy Kearns,kearnto01
1958,NBA,STL,Julius Pegues,pequeju01
1958,NBA,BOS,Dom Flora,florado01
1958,NBA,MNL,Quitman Sullins,sulliqu01
1958,NBA,CIN,Jim Fulmer,fulmeji01
1958,NBA,DET,Hank Morano,moranha01
1958,NBA,NYK,Don Lane,lanedo01
1958,NBA,PHW,Don Ohl,ohldo01
1958,NBA,SYR,Fred Grim,grimfr01
1958,NBA,STL,Rick Herrscher,herrsri01
1958,NBA,BOS,Gene Brown,brownge03
1958,NBA,MNL,Al Inniss,innisal01
1958,NBA,CIN,Jim McClellan,mccleji01
1958,NBA,DET,Shellie McMillon,mcmilsh01
1958,NBA,NYK,Joe King,kingjo01
1958,NBA,PHW,Bucky Allen,allenbu01
1958,NBA,SYR,Jack Mimlitz,mimitja01
1958,NBA,STL,John Crawford,crawfjo03
1958,NBA,BOS,Dave Keleher,kelehda01
1958,NBA,MNL,Jim Bond,bondji01
1958,NBA,CIN,Wayne Stevens,stevewa01
1958,NBA,DET,Ed Blair,blaired01
1958,NBA,NYK,Owen Lawson,lawsoow01
1958,NBA,PHW,Jay Norman,normaja01
1958,NBA,SYR,Pete Tillotson,tillope01
1958,NBA,STL,Ken Sidle,sidleke01
1958,NBA,BOS,Rudy Finderson,fenderu01
1958,NBA,MNL,Ed Brinkley,brinked01
1958,NBA,CIN,Bob Mantz,mantzbo01
1958,NBA,DET,Jack Quiggle,quiggja01
1958,NBA,NYK,Milt Kane,kanemi01
1958,NBA,PHW,Tom Brennan,brennto02
1958,NBA,SYR,Ruell Tucker,tuckeru01
1958,NBA,STL,Bruno Boin,boinbr01
1958,NBA,MNL,Joe Hobbs,hobbsjo01
1958,NBA,CIN,Larry Staverman,stavela01
1958,NBA,DET,Harry Marske,marskha01
1958,NBA,NYK,John McCarthy,mccarjo02
1958,NBA,PHW,Nick Davis,davisni01
1958,NBA,STL,Tink Van Patton,vanpati01
1958,NBA,MNL,Shorty Patterson,pattesh01
1958,NBA,CIN,Jack Parr,parrja01
1958,NBA,DET,Pete Gaudin,gaudipe01
1958,NBA,PHW,Larry Hedden,heddela01
1958,NBA,STL,Al Purcell,purceja01
1958,NBA,MNL,Hal Duffy,duffyha01
1958,NBA,CIN,Frank Tartaron,tartafr01
1958,NBA,DET,Herb Merritt,merrihe01
1958,NBA,STL,Don Klein,kleindo01
1958,NBA,MNL,Gary Simmons,simmoga01
1958,NBA,CIN,Don Medsker,medskdo01
1958,NBA,DET,Jim Dew,dewji01
1958,NBA,STL,Joe Buckhalter,buckhjo01
1958,NBA,MNL,Gary Alcorn,alcorga01
1958,NBA,CIN,Jerry DuPont,duponje01
1958,NBA,CIN,Jim Newcome,newcoji01
1958,NBA,CIN,Adrian Smith,smithad01
1958,NBA,CIN,Jack McCarthy,mccarja01
1958,NBA,CIN,John Powell,poweljo02
1957,NBA,CIN,Hot Rod Hundley,hundlho01
1957,NBA,DET,Charlie Tyra,tyrach01
1957,NBA,MNL,Jim Krebs,krebsji01
1957,NBA,STL,Win Wilfong,wilfowi01
1957,NBA,NYK,Brendan McCann,mccanbr01
1957,NBA,PHW,Lennie Rosenbluth,rosenle01
1957,NBA,SYR,George Bon Salle,bonsage01
1957,NBA,BOS,Sam Jones,jonessa01
1957,NBA,CIN,Dick Duckett,duckedi01
1957,NBA,DET,Bob McCoy,mccoybo01
1957,NBA,MNL,Harvey Schmidt,schmiha01
1957,NBA,STL,Jim Palmer,palmeji01
1957,NBA,NYK,Larry Friend,frienla01
1957,NBA,PHW,Jack Sullivan,sullija02
1957,NBA,SYR,Jim Morgan,morgaji01
1957,NBA,BOS,Dick O'Neal,onealdi01
1957,NBA,CIN,Jerry Paulson,paulsje01
1957,NBA,DET,Bill Ebben,ebbenbi01
1957,NBA,MNL,Jim Spivey,spiveji01
1957,NBA,STL,John Smyth,smythjo02
1957,NBA,NYK,Gary Clark,clarkga02
1957,NBA,PHW,Angelo Lombardo,lombaan01
1957,NBA,SYR,Vince Cohen,cohenvi01
1957,NBA,BOS,Chuck Schramm,schrach01
1957,NBA,CIN,Jed Dommeyer,dormeje01
1957,NBA,DET,Kurt Engelbert,engleku01
1957,NBA,MNL,George Brown,brownge01
1957,NBA,STL,Hank Nowak,nowakha01
1957,NBA,NYK,Rayford Wells,wellsra02
1957,NBA,PHW,Ray Radziszewski,radzira01
1957,NBA,SYR,Jerry Mallett,malleje01
1957,NBA,BOS,Jim Ashmore,ashmoji01
1957,NBA,CIN,Stuart Murray,murrast01
1957,NBA,DET,Ron Kramer,kramero01
1957,NBA,MNL,Gary Thompson,thompga01
1957,NBA,STL,Al Rochelle,rocheal01
1957,NBA,NYK,Lee Marshall,marshle01
1957,NBA,PHW,Jim Radcliffe,radclji01
1957,NBA,SYR,Frank Nimmo,nimmofr01
1957,NBA,BOS,Grady Wallace,wallagr01
1957,NBA,CIN,John Maglio,maglijo01
1957,NBA,DET,Walt Adamushko,acamuwa01
1957,NBA,MNL,Phil Murrell,murreph01
1957,NBA,STL,Raymond Downs,downsra01
1957,NBA,NYK,Jim Humphrey,humphji01
1957,NBA,PHW,Alonzo Lewis,lewisal01
1957,NBA,SYR,Lyndon Lee,leely01
1957,NBA,BOS,Maurice King,kingma01
1957,NBA,CIN,Chet Forte,fortech01
1957,NBA,DET,Carl Boldt,boldtca01
1957,NBA,MNL,George Ferguson,ferguge01
1957,NBA,STL,Mason Cope,popema02
1957,NBA,PHW,Max Jameson,jamesma01
1957,NBA,SYR,Dick Gaines,gainedi01
1957,NBA,BOS,Dick Brott,brottdi01
1957,NBA,CIN,Bob Daniels,daniebo01
1957,NBA,DET,Doug Bolstorff,bolstdo01
1957,NBA,MNL,Jon Haaven,haavejo01
1957,NBA,STL,Bill Darragh,darrabi01
1957,NBA,PHW,Woody Sauldsberry,sauldwo01
1957,NBA,SYR,Cebe Price,pricece01
1957,NBA,BOS,Bill Von Weyhe,vonwebi01
1957,NBA,CIN,Dick Heise,heisedi01
1957,NBA,DET,Bob Lazor,lazorbo01
1957,NBA,MNL,Jim Sutton,suttoji01
1957,NBA,STL,Calvin Grosscup,grossca01
1957,NBA,PHW,Steve Hamilton,hamilst01
1957,NBA,SYR,Jim Brown,brownji02
1957,NBA,BOS,Joe Gibbon,gibbojo01
1957,NBA,CIN,Mel Wright,wrighme01
1957,NBA,MNL,Gordon Fosness,fosnego01
1957,NBA,STL,Bobby Mills,millsbo01
1957,NBA,PHW,Gerry Calvert,calveje01
1957,NBA,SYR,Jack Nichols,nichoja02
1957,NBA,BOS,Jack Butcher,butchja01
1957,NBA,CIN,Cliff Hafer,hafercl01
1957,NBA,STL,Gerald Dreier,dreiege01
1957,NBA,PHW,J.C. Gipson,gibsoje01
1957,NBA,BOS,Dick Neal,nealdi01
1957,NBA,CIN,Jim Boothe,boothji01
1957,NBA,STL,Bob Seitz,seitzbo01
1957,NBA,SYR,Jim Weeks,weeksji01
1957,NBA,BOS,Don Tobin,tobinda01
1957,NBA,STL,Ted Romanoff,romaned01
1957,NBA,STL,Lavelle Langston,langsla01
1956,NBA,ROC,Si Green,greensi01
1956,NBA,STL,Bill Russell,russebi01
1956,NBA,MNL,Jim Paxson,paxsoji01
1956,NBA,NYK,Ron Shavlik,shavlro01
1956,NBA,SYR,Joe Holup,holupjo01
1956,NBA,BOS,Tom Heinsohn,heinsto01
1956,NBA,FTW,Ron Sobie,sobiero01
1956,NBA,PHW,Hal Lear,learha01
1956,NBA,ROC,Bob Burrow,burrobo01
1956,NBA,STL,Willie Naulls,naullwi01
1956,NBA,MNL,Terry Rand,randte01
1956,NBA,NYK,Gary Bergen,bergega01
1956,NBA,SYR,Paul Judson,judsopa01
1956,NBA,BOS,K.C. Jones,joneskc01
1956,NBA,FTW,Bob Kessler,kesslbo01
1956,NBA,PHW,Phil Rollins,rolliph01
1956,NBA,ROC,Dave Piontek,piontda01
1956,NBA,STL,Darrell Floyd,floydda01
1956,NBA,MNL,Jerry Bird,birdje01
1956,NBA,NYK,Jerry Harper,harpeje01
1956,NBA,SYR,Forest Able,ablefo01
1956,NBA,BOS,George Linn,linnge01
1956,NBA,FTW,Bill Thieben,thiebbi01
1956,NBA,PHW,Bevo Francis,francbe01
1956,NBA,ROC,Johnny McCarthy,mccarjo01
1956,NBA,STL,Robin Freeman,freemro02
1956,NBA,MNL,Lloyd Aubrey,aubrell01
1956,NBA,NYK,Ronnie Mayer,mayerro01
1956,NBA,SYR,Swede Halbrook,halbrsw01
1956,NBA,BOS,Dan Swartz,swartda01
1956,NBA,FTW,Charles Slack,slackch01
1956,NBA,PHW,Phil Wheeler,wheelph01
1956,NBA,ROC,Bill Uhl,uhlbi01
1956,NBA,STL,Norm Stewart,stewano01
1956,NBA,MNL,Bill Reigel,reigebi01
1956,NBA,NYK,Joe Sexson,sextojo01
1956,NBA,SYR,Jim Ray,rayji01
1956,NBA,BOS,Bill Logan,loganbi01
1956,NBA,FTW,Joe Liebler,liebejo01
1956,NBA,PHW,Joe Belmont,belmojo01
1956,NBA,ROC,Kevin Thomas,thomake02
1956,NBA,STL,Dave Plunkett,plunkda01
1956,NBA,MNL,Phil Jordon,jordoph01
1956,NBA,NYK,Pat Dunn,dunnpa01
1956,NBA,SYR,Jim McLaughlin,mclauji01
1956,NBA,BOS,Don Boldebuck,boldedo01
1956,NBA,FTW,Paul Schlimm,schlijo01
1956,NBA,PHW,Mickey Winograd,winogmi01
1956,NBA,ROC,Carl Cain,cainca01
1956,NBA,STL,Julius McCoy,mccoyju01
1956,NBA,MNL,John Barber,barbejo01
1956,NBA,NYK,Jack Adams,adamsja03
1956,NBA,SYR,Les Roh,rohje01
1956,NBA,BOS,O'Neal Weaver,weaveon01
1956,NBA,FTW,Bruce Harris,harribr01
1956,NBA,PHW,John Fannon,fannojo01
1956,NBA,ROC,Clayton Carter,cartecl01
1956,NBA,STL,Morris Taft,taftmo01
1956,NBA,MNL,Sam Jones,jonessa01
1956,NBA,NYK,Art Bunte,buntear01
1956,NBA,SYR,Chester Webb,webbch01
1956,NBA,BOS,Vic Molodet,molodvi01
1956,NBA,PHW,Max Anderson,anderma01
1956,NBA,ROC,Dan Mannix,mannida02
1956,NBA,STL,Jim Reed,reedji01
1956,NBA,MNL,Jim Springer,sprinji02
1956,NBA,NYK,Dick Miller,milledi02
1956,NBA,SYR,Dick Julio,juliodi01
1956,NBA,BOS,Jim Houston,houstji01
1956,NBA,PHW,Ronald Clark,clarkro01
1956,NBA,ROC,Jerry Moreman,moremje01
1956,NBA,STL,Herschel Pedersen,pederhe01
1956,NBA,MNL,Phil Grawemeyer,grawmph01
1956,NBA,NYK,Howie Crittenden,crittho01
1956,NBA,SYR,Bob Hopkins,hopkibo01
1956,NBA,BOS,Theophilus Lloyd,lloydth01
1956,NBA,ROC,Gene Carpenter,carpege01
1956,NBA,STL,Wally Choice,choicwa01
1956,NBA,MNL,Robert Hodgson,hodgsro01
1956,NBA,NYK,Dick Miani,mianidi01
1956,NBA,SYR,Willie Bergines,bergiwi01
1956,NBA,STL,Ed Huse,huseed01
1956,NBA,MNL,Carl Widseth,widseca01
1956,NBA,NYK,Ed Petrie,petried01
1956,NBA,SYR,Dick Kenyon,kenyodi01
1956,NBA,STL,Arthur Helms,helmsar01
1956,NBA,MNL,John Patzwald,patzwjo01
1956,NBA,NYK,Toby Roybal,roybato01
1956,NBA,SYR,Milt Graham,grahami01
1956,NBA,STL,Junior Morgan,morgaju02
1956,NBA,MNL,Elgin Baylor,bayloel01
1956,NBA,SYR,Chuck Rolles,rollech01
1955,NBA,STL,Dick Ricketts,rickedi01
1955,NBA,ROC,Maurice Stokes,stokema01
1955,NBA,PHW,Tom Gola,golato01
1955,NBA,BOS,Jim Loscutoff,loscuji01
1955,NBA,NYK,Kenny Sears,searske01
1955,NBA,MNL,Dick Garmaker,garmadi01
1955,NBA,SYR,Ed Conlin,conlied01
1955,NBA,FTW,Johnny Horan,horanjo01
1955,NBA,STL,Jack Stephens,stephja01
1955,NBA,ROC,Jack Twyman,twymaja01
1955,NBA,PHW,Corky Devlin,devlico01
1955,NBA,BOS,Dick Hemric,hemridi01
1955,NBA,NYK,Jerry Mullen,mulleje01
1955,NBA,MNL,Chuck Mencel,mencech01
1955,NBA,FTW,Jesse Arnelle,arnelje01
1955,NBA,SYR,Don Schlundt,schludo01
1955,NBA,STL,Al Ferrari,ferraal01
1955,NBA,ROC,Ed Fleming,flemied01
1955,NBA,PHW,Bob Schafer,schafbo01
1955,NBA,BOS,Buzz Wilkinson,wilkibu01
1955,NBA,NYK,Guy Sparrow,sparrgu01
1955,NBA,MNL,Dick Boushka,boushdi01
1955,NBA,SYR,Jack Sallee,salleja01
1955,NBA,FTW,Ron Bennink,benniro01
1955,NBA,STL,Burdette Haldorson,haldobu01
1955,NBA,ROC,Bob McKeen,mckeebo01
1955,NBA,PHW,Ed Wiener,wieneed01
1955,NBA,BOS,Bart Leach,leachba01
1955,NBA,NYK,Ed Cole,coleed01
1955,NBA,MNL,John Miller,millejo01
1955,NBA,FTW,Dick Howard,howardi01
1955,NBA,SYR,Frank Ehmann,ehmanfr01
1955,NBA,STL,Bill Bagley,baglebi01
1955,NBA,ROC,Bill Evans,evansbi02
1955,NBA,PHW,Jack Devine,devinja01
1955,NBA,BOS,Bob Patterson,pattebo01
1955,NBA,NYK,Denver Brackeen,brackde01
1955,NBA,MNL,Bill Banks,banksbi01
1955,NBA,SYR,Mal Duffy,duffyma01
1955,NBA,FTW,Cleo Littleton,littlcl01
1955,NBA,STL,Harvey Babetch,babetha01
1955,NBA,ROC,Bob Armstrong,armstbo01
1955,NBA,PHW,George Swyers,swyerge01
1955,NBA,BOS,John Mahoney,mahonjo01
1955,NBA,NYK,Howard Sessums,sessuho01
1955,NBA,MNL,O'Neal Weaver,weaveon01
1955,NBA,FTW,Bob Reiter,reitebo01
1955,NBA,SYR,Ron Tomsic,tomsiro01
1955,NBA,STL,Joe Fitt,fittjo01
1955,NBA,ROC,Jim McConnell,mcconji01
1955,NBA,PHW,Harry Silcox,silcoha01
1955,NBA,BOS,John Moore,moorejo02
1955,NBA,NYK,Jim Fay,fayji01
1955,NBA,MNL,Don Bragg,braggdo01
1955,NBA,SYR,Ed Galvin,galvied01
1955,NBA,FTW,Tom Harrold,harroto01
1955,NBA,STL,Bill Reigel,reigebi01
1955,NBA,ROC,Tony Vlastelica,vlastto01
1955,NBA,PHW,Al Didriksen,didrial01
1955,NBA,BOS,Dean Parsons,parsode01
1955,NBA,NYK,Jack Beck,beckjo01
1955,NBA,MNL,Don Boldebuck,boldedo01
1955,NBA,FTW,Don Belcher,belchdo01
1955,NBA,SYR,Cliff Dwyer,dwyercl01
1955,NBA,STL,Lynn Cole,colely01
1955,NBA,ROC,Jerry Jung,jungje01
1955,NBA,PHW,Lester Lane,lanele01
1955,NBA,BOS,Nick Romanoff,romanni01
1955,NBA,NYK,Don Payne,paynedo01
1955,NBA,MNL,Bill Warden,wardebi01
1955,NBA,SYR,Marty Satalino,satalma01
1955,NBA,FTW,Tom Mixon,mixonto01
1955,NBA,STL,Dick Cable,cabledi01
1955,NBA,ROC,Harry Jorgensen,jorgeha01
1955,NBA,PHW,Jerry Koch,kochje01
1955,NBA,BOS,Jim Ahearn,ahearji01
1955,NBA,NYK,Wally McCarvill,mccarwa02
1955,NBA,MNL,Jim Scott,scottji01
1955,NBA,FTW,Charlie Mock,mockto01
1955,NBA,SYR,Russ Lawler,lawleru01
1955,NBA,STL,Ed O'Connor,oconned01
1955,NBA,ROC,Art Quimby,quimbar01
1955,NBA,BOS,Carl Hartman,hartmca01
1955,NBA,NYK,Charles Stickels,stickch01
1955,NBA,MNL,K.C. Jones,joneskc01
1955,NBA,SYR,Stan Glowaski,glowast01
1955,NBA,FTW,Happy Mahfouz,mahfoha01
1955,NBA,STL,Charles Hoxie,hoxiech01
1955,NBA,ROC,John Prudhoe,prudhjo01
1955,NBA,BOS,Mark Davis,davisma04
1955,NBA,NYK,Mickey Harrington,harrimi02
1955,NBA,FTW,Ray Warren,warrera01
1955,NBA,STL,Dick Welsh,welshdi01
1955,NBA,BOS,Henry Dooley,doolehe01
1955,NBA,BOS,Bob Scudellari,scuddbo01
1954,NBA,BLB,Frank Selvy,selvyfr01
1954,NBA,MLH,Bob Pettit,pettibo01
1954,NBA,PHW,Gene Shue,shuege01
1954,NBA,FTW,Dick Rosenthal,rosendi01
1954,NBA,BOS,Togo Palazzi,palazto01
1954,NBA,SYR,Red Kerr,kerrre01
1954,NBA,ROC,Tom Marshall,marshto01
1954,NBA,NYK,Jack Turner,turneja01
1954,NBA,MNL,Ed Kalafat,kalafed01
1954,NBA,BLB,Slick Leonard,leonasl01
1954,NBA,MLH,Bob Mattick,mattibo01
1954,NBA,PHW,Larry Costello,costela01
1954,NBA,FTW,Arnold Short,shortar01
1954,NBA,BOS,Red Morrison,morrire01
1954,NBA,SYR,Dick Farley,farledi01
1954,NBA,ROC,Boris Nachamkin,nachabo01
1954,NBA,NYK,Richie Guerin,gueriri01
1954,NBA,MNL,Al Bianchi,biancal01
1954,NBA,BLB,Werner Killen,killewe01
1954,NBA,MLH,Walt Walowac,walowwa01
1954,NBA,PHW,Ben Peters,peterbe01
1954,NBA,FTW,B. H. Born,bornbh01
1954,NBA,BOS,Henry Daubenschmidt,daubehe01
1954,NBA,SYR,Jim Tucker,tuckeji01
1954,NBA,ROC,Lee Morton,mortole01
1954,NBA,NYK,Don Anielak,anieldo01
1954,NBA,MNL,Don Lance,lancedo01
1954,NBA,BLB,Burt Spice,spicebu01
1954,NBA,MLH,Phil Martin,martiph01
1954,NBA,PHW,Chuck Noble,noblech01
1954,NBA,FTW,Mel Thompson,thompme01
1954,NBA,BOS,Ron Perry,perryro02
1954,NBA,SYR,Don McLane,mclando01
1954,NBA,ROC,Art Spoelstra,spoelar01
1954,NBA,NYK,Don Lange,langedo01
1954,NBA,MNL,Gene Schwinger,schwige01
1954,NBA,BLB,Lou Scott,scottlo01
1954,NBA,MLH,Paul Ebert,ebertpa01
1954,NBA,PHW,Rudy D'Emilio,demilru01
1954,NBA,FTW,Dutch Burch,burchdu01
1954,NBA,BOS,Troy Burrus,burritr01
1954,NBA,SYR,Tom Pottenburgh,pottepa01
1954,NBA,ROC,Bo Erias,eriasbo01
1954,NBA,NYK,Jesse Prisock,priscje01
1954,NBA,MNL,Buzz Bennett,bennebu01
1954,NBA,BLB,Bob Heim,heimbo01
1954,NBA,MLH,Bob Carney,carnebo01
1954,NBA,PHW,Len Winogard,winogle01
1954,NBA,FTW,Charles Kraak,kraakch01
1954,NBA,BOS,Otto Kriegshauser,kriegot01
1954,NBA,SYR,Norman Pott,pottno01
1954,NBA,ROC,Red Davis,davisre01
1954,NBA,NYK,Ron Rivers,riverro01
1954,NBA,MNL,Nick Revon,revonni01
1954,NBA,BLB,Joe Pehanick,pehanjo01
1954,NBA,MLH,Allen Kelley,kelleal01
1954,NBA,PHW,Bob Brady,bradybo01
1954,NBA,FTW,Bernie Janicki,janicbe01
1954,NBA,BOS,Dick Estergard,esterpa01
1954,NBA,SYR,Gus Lovett,levetgu01
1954,NBA,ROC,Bill Hull,hullbi01
1954,NBA,NYK,Solly Walker,walkeso01
1954,NBA,MNL,Dan Finch,finchda01
1954,NBA,BLB,Harry Brooks,brookha01
1954,NBA,MLH,Dick Nunneley,nunnedi01
1954,NBA,PHW,Bob Hodges,hodgebo01
1954,NBA,FTW,Don Bielke,bielkdo01
1954,NBA,BOS,Jim Young,youngji01
1954,NBA,SYR,Mel Besdin,besdime01
1954,NBA,ROC,Paul Morrow,morropa01
1954,NBA,NYK,Cob Jarvis,jarvico01
1954,NBA,MNL,Bob Hopkins,hopkibo02
1954,NBA,BLB,Ron Goerrs,goerrro01
1954,NBA,MLH,Hal Cervini,cerviha01
1954,NBA,PHW,Vince Leta,letavi01
1954,NBA,FTW,Joel Hittleman,hittljo01
1954,NBA,SYR,Fletcher Johnson,johnsfl01
1954,NBA,ROC,Roy Irvin,irvinro01
1954,NBA,NYK,Henry Duckham,duckhhe01
1954,NBA,MNL,Dick Garmaker,garmadi01
1954,NBA,BLB,Gary Shivers,shivega01
1954,NBA,MLH,Joe Bertrand,bertrjo01
1954,NBA,PHW,Bill Sullivan,sullibi01
1954,NBA,FTW,Dean Larsen,larsoph01
1954,NBA,BOS,Tony Daukas,daukato01
1954,NBA,SYR,Jack Davidson,davidja01
1954,NBA,ROC,Ed Parchinski,parched01
1954,NBA,NYK,John Clune,clunejo01
1954,NBA,MNL,John Biever,blevejo01
1954,NBA,BLB,Elliot Karver,karveel01
1954,NBA,MLH,Jerry Domershick,domerje01
1954,NBA,PHW,Frank O'Hara,oharafr01
1954,NBA,FTW,Forrest Jackson,jacksfo01
1954,NBA,BOS,Bill Johnson,johnsbi01
1954,NBA,ROC,Jim Paxson,paxsoji01
1954,NBA,NYK,Bob Waller,waltebo01
1954,NBA,MLH,Ron Weisner,weisnro01
1954,NBA,PHW,John Glinski,glinsjo01
1954,NBA,NYK,Charles Stickels,stickbi01
1954,NBA,PHW,John Holup,holupjo02
1953,NBA,PHW,Ernie Beck,becker01
1953,NBA,BLB,Ray Felix,felixra01
1953,NBA,MLH,Bob Houbregs,houbrbo01
1953,NBA,FTW,Jack Molinas,molinja01
1953,NBA,ROC,Richie Regan,reganri01
1953,NBA,BOS,Frank Ramsey,ramsefr01
1953,NBA,SYR,Jim Neal,nealji01
1953,NBA,NYK,Walter Dukes,dukeswa01
1953,NBA,MNL,Jim Fritsche,fritsji01
1953,NBA,PHW,Larry Hennessy,hennela01
1953,NBA,NYK,Don Ackerman,ackerdo01
1953,NBA,BLB,Bob Speight,speigbo01
1953,NBA,FTW,George Glasgow,glasgge01
1953,NBA,ROC,Norm Swanson,swansno01
1953,NBA,BOS,Chet Noe,noech01
1953,NBA,SYR,Dick Knostman,knostdi01
1953,NBA,NYK,Nield Gordon,gordone01
1953,NBA,MNL,Ron Feiereisel,feierro01
1953,NBA,BLB,Bob Peterson,peterbo01
1953,NBA,BOS,Cliff Hagan,hagancl01
1953,NBA,FTW,Jim Bredar,bredaji01
1953,NBA,MLH,Irv Bemoras,bemorir01
1953,NBA,MNL,Hartly Kruger,krugeha01
1953,NBA,NYK,Dick Atha,athadi01
1953,NBA,PHW,Norm Grekin,grekino01
1953,NBA,ROC,Frank Reddout,reddofr01
1953,NBA,SYR,Billy Kenville,kenvibi01
1953,NBA,BLB,Paul Nolen,nolenpa01
1953,NBA,BOS,Earle Markey,markeea01
1953,NBA,FTW,Jim Bingham,binghji01
1953,NBA,MLH,Bill Bolger,bolgebi01
1953,NBA,MLH,Gene Dyker,dykerge01
1953,NBA,MNL,Ken Flower,floweke01
1953,NBA,NYK,Thomas Bishop,bishoth01
1953,NBA,PHW,Fred Iehle,ihlefr01
1953,NBA,SYR,Andy McGowan,mcgowan01
1953,NBA,BLB,Bill Schyman,schymbi01
1953,NBA,BOS,John Holup,holupjo02
1953,NBA,FTW,Mike Bednar,bodnami01
1953,NBA,MLH,Joe Cipriano,ciprijo01
1953,NBA,MNL,Zippy Morocco,moroczi01
1953,NBA,NYK,Bob Santini,santibo01
1953,NBA,PHW,Eddie Solomon,solomed01
1953,NBA,ROC,Dick Walls,wallswi01
1953,NBA,SYR,Warren Shackelford,shackwa01
1953,NBA,BLB,Elmer Tolson,tolsoel01
1953,NBA,BOS,Vernon Stokes,stokeve01
1953,NBA,FTW,Norb Lewinski,lewinno01
1953,NBA,MLH,John O'Brien,obriejo01
1953,NBA,MNL,Pete Silas,silaspe01
1953,NBA,NYK,Joe Smyth,smythjo01
1953,NBA,PHW,Don Eby,ebydo01
1953,NBA,ROC,Hugh Beins,beinshu01
1953,NBA,SYR,Bill Jenkins,jenkibi01
1953,NBA,BLB,Herman Sledzik,sledzhe01
1953,NBA,BOS,Lou Tsioropoulos,tsiorlo01
1953,NBA,FTW,William Hogan,haganwi01
1953,NBA,MLH,Eddie O'Brien,obrieed01
1953,NBA,MNL,Lloyd Olmstead,olmstll01
1953,NBA,NYK,Bob Matheny,mathebo01
1953,NBA,PHW,Bob Marske,marskbo01
1953,NBA,ROC,Kendall Sheets,sheetke01
1953,NBA,SYR,Bill Hull,hullbi01
1953,NBA,BLB,Connie Rea,reaco01
1953,NBA,BOS,Ted Lallier,lallite01
1953,NBA,FTW,Dean Kelley,kellede01
1953,NBA,MLH,Darrell Tucker,tuckeda01
1953,NBA,MNL,Joe Richey,richejo01
1953,NBA,NYK,Alan Schutts,schutal01
1953,NBA,PHW,Bill Dodd,doddbi01
1953,NBA,ROC,Jim Sottile,scottji02
1953,NBA,SYR,Joe Hughes,hughejo01
1953,NBA,BLB,Dennis Murphy,murphde01
1953,NBA,BOS,Lewis Gilcrease,gilcrle01
1953,NBA,FTW,Dick White,whitedi01
1953,NBA,MLH,Paul Brandt,brandpa01
1953,NBA,MNL,Huck Budde,buddeha01
1953,NBA,NYK,Forrest Hamilton,hamilfo01
1953,NBA,PHW,Bob Sassone,sassobo01
1953,NBA,ROC,Dick Gross,grossdi01
1953,NBA,SYR,Gerry Nappy,nappyge01
1953,NBA,BLB,Jack Carby,carbyja01
1953,NBA,BOS,Tom Lillis,lillito01
1953,NBA,MLH,Bob Rousey,rousebo01
1953,NBA,MNL,Walt Kearns,kearnwa01
1953,NBA,NYK,Dick Prater,prateri01
1953,NBA,PHW,Toar Hester,hesteto01
1953,NBA,ROC,Jim Gerber,gerbeji01
1953,NBA,SYR,Al Bailey,baileal01
1953,NBA,BLB,Don Stemmerich,stemmdo01
1953,NBA,BOS,Gil Reich,reichgi01
1953,NBA,MNL,Bill Chambers,chambbi02
1953,NBA,NYK,Larry O'Connor,oconnla01
1953,NBA,PHW,John Doogan,doogajo01
1953,NBA,ROC,Bill Bales,baleswi01
1953,NBA,SYR,Glenn Dille,dillegl01
1953,NBA,BLB,Russ Johnson,johnsru01
1953,NBA,BOS,Jim Doherty,dogerji01
1953,NBA,MNL,Harold Christensen,chrisha01
1953,NBA,NYK,Delmer Diercks,diercde01
1953,NBA,PHW,Charles Duffley,dufflch01
1953,NBA,ROC,Bill Edwards,edwarbi02
1953,NBA,SYR,Garrett Beshear,beshega01
1953,NBA,BLB,Bob Karbach,krababo01
1953,NBA,MNL,Bob Gelle,gellebo01
1953,NBA,PHW,Jack George,georgja01
1953,NBA,ROC,Bob Goss,gossbo01
1953,NBA,BLB,Joe Piorkowski,piorkjo01
1953,NBA,MNL,Lloyd Thorgaard,thorgll01
1953,NBA,ROC,Paul Smaagard,smaagpa01
1953,NBA,BLB,Jack Walsh,walshed01
1953,NBA,MNL,Bob Gussner,gussnbo01
1953,NBA,ROC,Kenny Sears,searske01
1953,NBA,BLB,Rich Gott,gottri01
1953,NBA,MNL,Chuck Wolfe,wolfech01
1953,NBA,ROC,John Kurtz,kurzjo01
1953,NBA,MNL,Doug Atkins,atkindo01
1953,NBA,ROC,Ed Kohl,kohled01
1953,NBA,MNL,Roger Kuss,kussro01
1953,NBA,ROC,Gene Lambert Jr.,lambege01
1953,NBA,ROC,Tex Silverman,silvete01
1953,NBA,ROC,Nick Maguire,maguini01
1952,NBA,MLH,Mark Workman,workmma01
1952,NBA,BLB,Jim Baechtold,baechji01
1952,NBA,FTW,Dick Groat,groatdi01
1952,NBA,PHW,Bill Mlkvy,mlkvybi01
1952,NBA,INO,Joe Dean,deanjo01
1952,NBA,NYK,Ralph Polson,polsora01
1952,NBA,BOS,Bill Stauffer,staufbo01
1952,NBA,SYR,Bob Lochmueller,lochmbo01
1952,NBA,ROC,Chuck Darling,darlich01
1952,NBA,MNL,Clyde Lovellette,lovelcl01
1952,NBA,BLB,Chuck Grigsby,grigsch01
1952,NBA,BOS,Jim Iverson,iversji01
1952,NBA,FTW,Monk Meineke,meinemo01
1952,NBA,INO,Zeke Zawoluk,zawolze01
1952,NBA,MLH,Eddie Miller,milleed01
1952,NBA,MNL,Jim Holstein,holstji01
1952,NBA,NYK,Bert Cook,cookbe01
1952,NBA,PHW,Walt Davis,daviswa01
1952,NBA,ROC,Jack McMahon,mcmahja01
1952,NBA,SYR,Jim Brasco,brascji01
1952,NBA,BLB,Jim Walsh,walshji01
1952,NBA,BOS,J. C. Maze,mazejc01
1952,NBA,FTW,Bill Carlson,carlsbi01
1952,NBA,INO,Skippy Whitaker,whitask01
1952,NBA,MLH,Bobby Watson,watsobo01
1952,NBA,MNL,Carl McNulty,mcnulca01
1952,NBA,NYK,Dick Bunt,buntdi01
1952,NBA,PHW,Moe Radovich,radovmo01
1952,NBA,ROC,Ronnie MacGilvray,macgiro01
1952,NBA,SYR,Ken McBride,mcbrike01
1952,NBA,BLB,Blaine Denning,dennibl01
1952,NBA,BOS,Herm Hedderick,heddehe01
1952,NBA,FTW,Hal Cerra,cerraha01
1952,NBA,INO,Gene Rhodes,rhodege01
1952,NBA,MLH,George McLeod,mcleoge01
1952,NBA,MNL,Tom Ackerman,ackerto01
1952,NBA,NYK,Roy Belliveau,belliro01
1952,NBA,PHW,Bob Brown,brownbo04
1952,NBA,ROC,Bryant Ivey,iveybr01
1952,NBA,SYR,Bud Donnelly,donnebu01
1952,NBA,BLB,Frank Guisness,guisnfr01
1952,NBA,BOS,Don Johnson,johnsdo04
1952,NBA,FTW,Bob Clifton,cliftbo01
1952,NBA,INO,Jay Handlan,handlja01
1952,NBA,MLH,Pete Brewster,brewspe01
1952,NBA,MNL,Thomas Bishop,bishoth01
1952,NBA,NYK,Ben Gibson,gibsobe01
1952,NBA,PHW,Burr Carlson,carlsbu01
1952,NBA,ROC,Leroy Leslie,leslile01
1952,NBA,SYR,Jim Kennedy,kenneji02
1952,NBA,BLB,Bob Priddy,priddbo01
1952,NBA,BOS,Jim Buchanan,buchaji01
1952,NBA,FTW,Leo Corkery,corkele01
1952,NBA,INO,Bill Harrell,harrebi01
1952,NBA,MLH,Roger Johnson,johnsro08
1952,NBA,MNL,Rod Fletcher,fletcro01
1952,NBA,NYK,Dick Surhoff,surhodi01
1952,NBA,PHW,Newt Jones,jonesne01
1952,NBA,ROC,Jewell McDowell,mcdowje01
1952,NBA,SYR,Harry Moore,mooreha01
1952,NBA,BLB,Bill Lea,leabi01
1952,NBA,BOS,Fred Eydt,eydtfr01
1952,NBA,FTW,Lee Terrill,terrile01
1952,NBA,INO,Jim Hoverder,hoverji01
1952,NBA,MLH,Ab Nicholas,nichoab01
1952,NBA,MNL,Dick Haag,haagcl01
1952,NBA,NYK,Jim Julian,juliabu01
1952,NBA,PHW,Nick Kladis,kladini01
1952,NBA,ROC,Sam Miranda,miransa01
1952,NBA,SYR,Bob Roche,rochebo01
1952,NBA,BLB,Mike Magula,magulmi01
1952,NBA,BOS,Jules Mugnier,mungigo01
1952,NBA,FTW,Jim Ramstead,ramstji01
1952,NBA,INO,Gordon Stauffer,staufgo01
1952,NBA,MLH,Dick Retherford,rethedi01
1952,NBA,MNL,Don Holt,holtbo01
1952,NBA,NYK,Paul Sullivan,sullipa02
1952,NBA,PHW,Tom Brennan,brennto01
1952,NBA,ROC,Jerry Romney,romneje01
1952,NBA,BLB,Don Penwell,penwebu01
1952,NBA,BOS,Jim Dilling,dilliji01
1952,NBA,INO,Dale Toft,toftda01
1952,NBA,MLH,John Snee,sneejo01
1952,NBA,MNL,Tom Katsimpalis,katsito01
1952,NBA,PHW,Don Scanlon,scanldo01
1952,NBA,ROC,Ray Royce,roycera01
1952,NBA,BLB,Art Press,pressar01
1952,NBA,BOS,Gene Conley,conlege01
1952,NBA,MLH,Jim Tackett,tackeji01
1952,NBA,MNL,Dick Means,meansdi01
1952,NBA,PHW,Glen Smith,smithgl01
1952,NBA,ROC,Arnold Smith,smithar01
1952,NBA,BLB,Bob Peterson,peterbo01
1952,NBA,MLH,Coyte Vance,vanceco01
1952,NBA,MNL,Dwane Morrison,morridw01
1952,NBA,PHW,Ben Stewart,stewabe01
1952,NBA,ROC,Ray Sonnenberg,sonnera01
1952,NBA,BLB,Bennie Purcell,purcebe01
1952,NBA,MNL,Ed Ramirez,ramired01
1952,NBA,ROC,Ray Steiner,steinra01
1952,NBA,MNL,Bob Schneider,schnedo01
1952,NBA,ROC,Bob Whitmer,whitmbo02
1952,NBA,MNL,Gene Smith,smithge02
1952,NBA,MNL,Gene Smith,smithge03
1952,NBA,MNL,Homer Spain,spainho01
1952,NBA,MNL,John Wallisa,wallejo01
1951,NBA,BLB,Gene Melchiorre,melchge01
1951,NBA,TRI,Mel Hutchins,hutchme01
1951,NBA,INO,Marcus Freiberger,freibma01
1951,NBA,FTW,Zeke Sinicola,sinicze01
1951,NBA,SYR,John McConathy,mcconjo01
1951,NBA,NYK,Ed Smith,smithed01
1951,NBA,BOS,Ernie Barrett,barreer01
1951,NBA,ROC,Sam Ranzino,ranzisa01
1951,NBA,PHW,Don Sunderlage,sundedo01
1951,NBA,MNL,Whitey Skoog,skoogwh01
1951,NBA,BLB,Jack Stone,stoneja01
1951,NBA,TRI,Bill Gossett,gossebi01
1951,NBA,INO,Scotty Steagall,steagsc01
1951,NBA,FTW,Jack Kiley,kileyja01
1951,NBA,SYR,Don Savage,savagdo01
1951,NBA,NYK,Roland Minson,minsoro01
1951,NBA,BOS,Bill Garrett,garrebi02
1951,NBA,ROC,Ray Ragelis,ragelra01
1951,NBA,PHW,Mel Payton,paytome01
1951,NBA,MNL,Lew Hitch,hitchle01
1951,NBA,BLB,Bill Mann,mannbi01
1951,NBA,TRI,Ron Bontemps,bontero01
1951,NBA,INO,Glenn Kammeyer,kammegl01
1951,NBA,FTW,Jake Fendley,fendlja01
1951,NBA,SYR,Bato Govedarica,govedba01
1951,NBA,NYK,Joe Luchi,luchijo01
1951,NBA,BOS,John Furlong,furlojo01
1951,NBA,ROC,Fred Diute,diutefr01
1951,NBA,PHW,Bob Schloss,schlobo01
1951,NBA,MNL,Bob Payne,paynebo01
1951,NBA,BLB,Bill Hagler,haglebi01
1951,NBA,TRI,Jim Slaughter,slaugji01
1951,NBA,INO,Bill Tosheff,toshebi01
1951,NBA,FTW,Herb Hargett,hargehe01
1951,NBA,SYR,Paul Horvath,horvapa01
1951,NBA,NYK,Lloyd Sandstrom,sandsll01
1951,NBA,BOS,Bob Barnett,barnebo01
1951,NBA,ROC,Elmer Behnke,behnkel01
1951,NBA,PHW,Jud Milhon,milhoju01
1951,NBA,MNL,Gale McArthur,mcartga01
1951,NBA,BLB,Leroy Ishman,ishmale01
1951,NBA,TRI,Bob Sakel,sakelbo01
1951,NBA,INO,Bob Pierce,piercbo01
1951,NBA,FTW,Leo Johnson,johnsle02
1951,NBA,SYR,Glen Anderson,andergl01
1951,NBA,NYK,Tom Smith,smithto01
1951,NBA,BOS,Rip Gish,gishri01
1951,NBA,ROC,Dan Bagley,bagleda01
1951,NBA,PHW,Mike Kearns,kearnmi01
1951,NBA,MNL,Leo VanderKuy,vandele01
1951,NBA,BLB,Glen Duggins,duggigl01
1951,NBA,TRI,John Rennicke,rennijo01
1951,NBA,INO,Marv Johnson,johnsma03
1951,NBA,FTW,Frank Calsbeek,clasbfr01
1951,NBA,SYR,Bob Wheeler,wheelbo01
1951,NBA,NYK,Al McGuire,mcguial01
1951,NBA,BOS,Jim Luisi,luisiji01
1951,NBA,ROC,Jim Ove,oveji01
1951,NBA,PHW,Dwight Swails,swailbo01
1951,NBA,MNL,Deward Dopson,dopsode01
1951,NBA,BLB,Tom Riach,riachto01
1951,NBA,TRI,Bob Ambler,amblebo01
1951,NBA,INO,Ted Beach,beachte01
1951,NBA,FTW,Jim Ramstead,ramstji01
1951,NBA,SYR,Roy Reardon,reardro01
1951,NBA,NYK,Sid Ryen,ryensi01
1951,NBA,BOS,John Azary,azaryjo01
1951,NBA,ROC,Jack Brown,brownjo03
1951,NBA,PHW,George Dempsey,dempsge01
1951,NBA,MNL,Ed Head,headed01
1951,NBA,BLB,Bill Harper,harpebi01
1951,NBA,TRI,Aaron Preece,preecaa01
1951,NBA,INO,George Kelley,kellyge01
1951,NBA,FTW,John Manning,mannijo01
1951,NBA,SYR,Tom Jockle,jocklto01
1951,NBA,BOS,Hugo Kappler,kapplhu01
1951,NBA,ROC,George Davidson,davidge01
1951,NBA,PHW,Jim Phelan,phelaja02
1951,NBA,BLB,Bob Crowe,crowebo01
1951,NBA,TRI,Wayne Tucker,tuckewa01
1951,NBA,SYR,Ray Kirkgasser,kirkwra01
1951,NBA,PHW,Hugh Faulkner,faulkhu01
1951,NBA,BLB,Dan Torrey,torreda01
1951,NBA,TRI,John DeWitt,dewitjo01
1951,NBA,PHW,Paul Gerwin,gerwipa01
1951,NBA,BLB,Clem Pavilonis,pavilcl01
1951,NBA,BLB,John Burke,burkejo01
1950,NBA,BOS,Chuck Share,sharech01
1950,NBA,BLB,Don Rehfeldt,rehfedo01
1950,NBA,PHW,Paul Arizin,arizipa01
1950,NBA,TRI,Bob Cousy,cousybo01
1950,NBA,WSC,Dick Schnittker,schnidi01
1950,NBA,CHS,Larry Foust,foustla01
1950,NBA,NYK,Irwin Dambrot,dambrir01
1950,NBA,FTW,George Yardley,yardlge01
1950,NBA,INO,Bob Lavoy,lavoybo01
1950,NBA,ROC,Joe McNamee,mcnamjo01
1950,NBA,MNL,Kevin O'Shea,osheake01
1950,NBA,SYR,Don Lofgran,lofgrdo01
1950,NBA,BOS,Chuck Cooper,coopech01
1950,NBA,BLB,John Pilch,pilchjo01
1950,NBA,PHW,Ed Dahler,dahleed01
1950,NBA,TRI,Ed Gayda,gaydaed01
1950,NBA,WSC,Bill Sharman,sharmbi01
1950,NBA,CHS,Wally Osterkorn,osterwa01
1950,NBA,NYK,Herb Scherer,scherhe01
1950,NBA,FTW,Jim Riffey,riffeji01
1950,NBA,INO,Paul Unruh,unruhpa01
1950,NBA,ROC,George Stanich,stanige01
1950,NBA,MNL,Hal Haskins,haskiha01
1950,NBA,SYR,Gerry Calabrese,calabge01
1950,NBA,BOS,Bob Donham,donhabo01
1950,NBA,BLB,Dick Dickey,dickedi01
1950,NBA,PHW,Buddy Cate,catebu01
1950,NBA,TRI,Clarence Brannum,branncl01
1950,NBA,WSC,Alan Sawyer,sawyeal01
1950,NBA,CHS,Lou Watson,watsolo01
1950,NBA,NYK,Stan Weber,weberst01
1950,NBA,FTW,Art Burris,burriar01
1950,NBA,INO,Chuck Mrazovich,mrazoch01
1950,NBA,ROC,Bob Roper,roperbo01
1950,NBA,MNL,Howie Williams,williho02
1950,NBA,SYR,Stan Christie,chrisst01
1950,NBA,BOS,Ken Reeves,reeveke01
1950,NBA,BLB,Jerry Reed,reedje01
1950,NBA,PHW,Paul Senesky,senskpa01
1950,NBA,TRI,Paul Hicks,hickspa01
1950,NBA,WSC,Tommy O'Keefe,okeefto01
1950,NBA,CHS,Ken Murray,murrake01
1950,NBA,NYK,Joe Ossola,ossoljo01
1950,NBA,FTW,Lenny Rzeszewski,rzewsle01
1950,NBA,INO,Jim Line,lineji01
1950,NBA,ROC,Chet Giermak,giermch01
1950,NBA,MNL,Bud Grant,grantbu01
1950,NBA,SYR,Paul Merchant,merchpa01
1950,NBA,BOS,Jack Shelton,sheltja01
1950,NBA,BLB,Norm Mager,magerno01
1950,NBA,PHW,Ike Borsavage,borsaik01
1950,NBA,TRI,Cal Christensen,chrisca01
1950,NBA,WSC,Claude Overton,overtcl01
1950,NBA,CHS,Don Stroot,stroodo01
1950,NBA,NYK,Dick Barnes,barnedi02
1950,NBA,FTW,Leroy Thompson,thomped01
1950,NBA,INO,Sonny Allen,allenso01
1950,NBA,ROC,Joe Nelson,nelsojo01
1950,NBA,MNL,Ed Beach,beached01
1950,NBA,SYR,Paul Hickey,hickepa01
1950,NBA,BOS,Mo Mahoney,mahonmo01
1950,NBA,BLB,Rick Harman,harmari01
1950,NBA,PHW,Dick Dallmer,dallmdi01
1950,NBA,TRI,Bob Anderson,anderbo02
1950,NBA,WSC,Warren Cartier,cartiwa01
1950,NBA,CHS,Stu Inman,inmanst01
1950,NBA,NYK,Don Parsons,parsodo01
1950,NBA,FTW,Bob Metcalf,metcabo01
1950,NBA,INO,Ralph O'Brien,obriera01
1950,NBA,ROC,John Givens,givenjo01
1950,NBA,MNL,Wayne Glasgow,glasgwa01
1950,NBA,SYR,Mack Suprunowicz,supruma01
1950,NBA,BOS,Dale Barnstable,barnsda01
1950,NBA,BLB,E. Francis Comerford,comerfr01
1950,NBA,PHW,Charles Northrup,northch01
1950,NBA,TRI,Bill Erickson,erickbi01
1950,NBA,WSC,Jim Cathcart,cathcji01
1950,NBA,CHS,Milt Whitehead,whitemi01
1950,NBA,NYK,Dan Bagley,bagleda01
1950,NBA,FTW,Hugh Jones,jonesed03
1950,NBA,INO,Leon Blevins,blevile01
1950,NBA,ROC,Dan Kahler,kahleda01
1950,NBA,MNL,Joe Hutton,huttojo01
1950,NBA,SYR,Lou Arko,arkolo01
1950,NBA,BOS,Frank Oftring,oftrifr01
1950,NBA,BLB,George Bush,bushge01
1950,NBA,PHW,Brooks Ricca,riccabr01
1950,NBA,TRI,Loy Doty,dotylo01
1950,NBA,WSC,Joe Greenbach,greenjo03
1950,NBA,CHS,George King,kingge01
1950,NBA,NYK,Charles Hope,hopech01
1950,NBA,FTW,Billy Joe Adcock,adcocbi01
1950,NBA,INO,Jerry Stuteville,stuteje01
1950,NBA,ROC,Carl Kraushaar,krausca01
1950,NBA,MNL,Newt Benson,bensona01
1950,NBA,SYR,Bob Healey,healebo01
1950,NBA,BOS,Bob Cope,copebo01
1950,NBA,BLB,Jack Laub,laubja01
1950,NBA,PHW,Joel Kaufman,kaufmjo01
1950,NBA,TRI,Nate DeLong,delonna01
1950,NBA,WSC,Earl Lloyd,lloydea01
1950,NBA,CHS,John Brown,brownjo02
1950,NBA,NYK,Don Heathington,heathdo01
1950,NBA,FTW,Al Henningsen,hennial01
1950,NBA,INO,Gene Schmidt,schmige01
1950,NBA,ROC,Warren Switzer,switzwa01
1950,NBA,MNL,Jim Reilly,reillji01
1950,NBA,SYR,Bob Savage,savagbo01
1950,NBA,BOS,Matty Forman,formama01
1950,NBA,BLB,Mike Zedalis,zedalmi01
1950,NBA,PHW,Bernie Adams,adamsbe01
1950,NBA,TRI,Keith Bloom,bloomke01
1950,NBA,WSC,Joe Noertker,noertjo01
1950,NBA,CHS,Bud Schaeffer,schaebu01
1950,NBA,INO,Colin Anderson,anderco01
1950,NBA,ROC,Harry Foley,foleyha01
1950,NBA,MNL,Andy Butchko,butchan01
1950,NBA,SYR,Glenn Wilkes,wilkegl01
1950,NBA,PHW,Leo Wolf,wolfele01
1950,NBA,INO,Jimmy Doyle,doyleji01
1950,NBA,PHW,Ed Montgomery,montged01
1949,BAA,PRO,Howie Shannon,shannho01
1949,BAA,INJ,Alex Groza,grozaal01
1949,BAA,FTW,Bob Harris,harribo01
1949,BAA,BOS,George Kaftan,kaftage01
1949,BAA,STB,Ed Macauley,macaued01
1949,BAA,PHW,Vern Gardner,gardnve01
1949,BAA,BLB,Ron Livingstone,livinro01
1949,BAA,NYK,Dick McGuire,mcguidi01
1949,BAA,WSC,Wah Wah Jones,joneswa01
1949,BAA,CHS,Ralph Beard,beardra01
1949,BAA,MNL,Vern Mikkelsen,mikkeve01
1949,BAA,ROC,Pep Saul,saulpe01
1949,BAA,PRO,Paul Courty,courtpa01
1949,BAA,INJ,Leo Barnhorst,barnhle01
1949,BAA,FTW,John Oldham,oldhajo01
1949,BAA,BOS,Tony Lavelli,lavelto01
1949,BAA,STB,Johnny Orr,orrjo01
1949,BAA,PHW,Jim Nolan,nolanji01
1949,BAA,BLB,Roger Wiley,wileyro01
1949,BAA,NYK,Harry Gallatin,gallaha01
1949,BAA,WSC,Red Owens,owensre01
1949,BAA,CHS,Jack Kerris,kerrija01
1949,BAA,MNL,Bob Harrison,harribo02
1949,BAA,ROC,Jack Coleman,colemja01
1949,BAA,PRO,Ed Leede,leedeed01
1949,BAA,BLB,Paul Gordon,gordopa01
1949,BAA,BOS,Joe Mullaney,mullajo01
1949,BAA,BOS,Bill Tom,tombi01
1949,BAA,CHS,Dike Eddleman,eddledi01
1949,BAA,FTW,Fred Schaus,schaufr01
1949,BAA,INJ,Mac Otten,ottenma01
1949,BAA,MNL,Slater Martin,martisl01
1949,BAA,NYK,Harry Donovan,donovha01
1949,BAA,PHW,Nelson Bobb,bobbne01
1949,BAA,STB,Marv Schatzman,schatma01
1949,BAA,BOS,Ed Little,littled01
1949,BAA,FTW,Jerry Nagel,nagelje01
1949,BAA,INJ,Bob Evans,evansbo01
1949,BAA,MNL,Paul Walther,walthpa01
1949,BAA,NYK,Ernie Vandeweghe,vandeer01
1949,BAA,PRO,Warren Perkins,perkiwa01
1949,BAA,STB,Preston Ward,wardpr01
1949,BAA,BOS,Bill Simpson,simpsji01
1949,BAA,FTW,Dal Zuber,zuberda01
1949,BAA,INJ,Charlie Maas,maasch01
1949,BAA,NYK,Bill Kleine,kleinbi01
1949,BAA,PRO,Ray Corley,corlera01
1949,BAA,STB,Claude Retherford,rethebo01
1949,BAA,WSC,Cliff Barker,barkecl01
1949,BAA,BOS,Bill Vandenburgh,vandebi01
1949,BAA,INJ,Don Boven,bovendo01
1949,BAA,NYK,Dan Bagley,bagleda01
1949,BAA,STB,Cliff Crandall,crandcl01
1949,BAA,BOS,Duane Klueh,kluehdu01
1949,BAA,INJ,Jim O'Halloran,ohallji01
1949,BAA,NYK,Bob Prewitt,prewibo01
1949,BAA,STB,Earl Dodd,doddea01
1949,BAA,BOS,Emerson Speicher,speicem01
1949,BAA,INJ,J.L. Parks,parksjl01
1949,BAA,NYK,Ken Kearns,kearnke01
1949,BAA,PRO,Bob Royer,royerbo01
1949,BAA,STB,Eddie Van Zant,vanzaed01
1949,BAA,BOS,Joe Weight,weighjo01
1949,BAA,NYK,Bill Litchfield,litchbi01
1949,BAA,STB,Dave Davidson,davidja02
1949,BAA,BOS,Russ Washburn,washbru01
1949,BAA,BLB,Joe Dolhon,dolhojo01
1949,BAA,BLB,Bill Evans,evansbi03
1949,BAA,BLB,Tom Gallagher,gallato01
1949,BAA,BLB,Howie Janotta,janotho01
1949,BAA,BLB,Mal McMullen,mcmulji01
1949,BAA,BLB,Eppa Rixey III,rixeyep01
1949,BAA,BLB,Marty Zippel,zipplbi01
1949,BAA,FTW,Lloyd Doehrmann,doehrll01
1949,BAA,FTW,Charlie Parsley,parslch01
1949,BAA,PHW,Johnny Payak,payakjo01
1949,BAA,PRO,Carl Shaeffer,shaefca01
1949,BAA,PRO,Hans Tanzler,tanzlbi01
1949,BAA,PRO,Jack Phelan,phelaja01
1949,BAA,ROC,Jim McIntyre,mcintji01
1949,BAA,STB,John Pritchard,pritcjo01
1949,BAA,WSC,Maynard Haithcock,haitcma01
1949,BAA,WSC,Jim Lacy,lacyji01
1948,BAA,PRO,Andy Tonkovich,tonkoan01
1948,BAA,INJ,George Kok,kokge01
1948,BAA,BOS,George Hauptfuhrer,hauptge01
1948,BAA,NYK,Dolph Schayes,schaydo01
1948,BAA,CHS,Ed Mikan,mikaned01
1948,BAA,BLB,Walt Budko,budkowa01
1948,BAA,STB,Robert Gale,galero01
1948,BAA,FTW,Ward Williams,williwa01
1948,BAA,MNL,Chuck Hanger,hangech01
1948,BAA,ROC,Bobby Wanzer,wanzebo01
1948,BAA,PHW,Don Ray,raydo01
1948,BAA,WSC,Jack Nichols,nichoja01
1948,BAA,BLB,Joe Holland,hollajo01
1948,BAA,BOS,Johnny Bach,bachjo01
1948,BAA,CHS,Hook Dillon,dilloho01
1948,BAA,FTW,Bobby Cook,cookbo01
1948,BAA,INJ,Ray Lumpp,lumppra01
1948,BAA,MNL,Johnny Orr,orrjo01
1948,BAA,NYK,Harry Gallatin,gallaha01
1948,BAA,PHW,Roy Pugh,pughro01
1948,BAA,PRO,Brady Walker,walkebr01
1948,BAA,ROC,Bill Gabor,gaborbi01
1948,BAA,STB,Jack Burmaster,burmaja01
1948,BAA,WSC,Jack Parkinson,parkija01
1948,BAA,BLB,Darrel Brown,brownda01
1948,BAA,BOS,Marshall Hawkins,hawkima01
1948,BAA,CHS,Whitey Kachan,kachawh01
1948,BAA,FTW,Kenny Rollins,rollike01
1948,BAA,INJ,Dick Wehr,wehrdi01
1948,BAA,MNL,Arnie Ferrin,ferriar01
1948,BAA,NYK,Mel McGaha,mcgahme01
1948,BAA,PHW,Bill Brown,brownwi03
1948,BAA,PRO,Jack Coleman,colemja01
1948,BAA,ROC,Johnny Macknowski,macknjo01
1948,BAA,STB,Easy Parham,parhaea01
1948,BAA,WSC,Fred Bartell,bartefr01
1948,BAA,BLB,Jake Carter,carteja01
1948,BAA,BOS,Tom Kelly,kellyto01
1948,BAA,CHS,Odie Spears,spearod01
1948,BAA,FTW,Linc Richmond,richmli01
1948,BAA,INJ,Alex Hannum,hannual01
1948,BAA,MNL,Earl Gardner,gardnea01
1948,BAA,NYK,Ed Peterson,petered01
1948,BAA,PHW,Deward Compton,compthu01
1948,BAA,PRO,A. L. Bennett,benneal01
1948,BAA,ROC,Leo Kubiak,kubiale01
1948,BAA,STB,D.C. Wilcutt,wilcudc01
1948,BAA,WSC,Ed Hughes,hugheed02
1948,BAA,BLB,Dan Kraus,krausda01
1948,BAA,BOS,Murray Mitchell,mitchmu01
1948,BAA,CHS,Mickey Marty,martymi01
1948,BAA,FTW,Murray Wier,wiermu01
1948,BAA,INJ,Reede Berg,bergre01
1948,BAA,MNL,Dee Gibson,gibsode01
1948,BAA,NYK,Dick Shrider,shriddi01
1948,BAA,PHW,Joe Nelson,nelsojo01
1948,BAA,PRO,Ed Faber,fabered01
1948,BAA,ROC,Alex Athas,athasal01
1948,BAA,STB,Gordon Flick,flickgo01
1948,BAA,WSC,Leo Katkaveck,katkale01
1948,BAA,BLB,Herb Krautblatt,krauthe01
1948,BAA,BOS,Norman Carey,careyno01
1948,BAA,CHS,Ed Mills,millsed01
1948,BAA,INJ,Andy Kostecka,kostean01
1948,BAA,MNL,Ken Jastrow,jastrke01
1948,BAA,NYK,Gene Berce,bercege01
1948,BAA,PHW,Clint Pace,pacecl01
1948,BAA,PRO,Verl Heap,heapve01
1948,BAA,ROC,Ed Keim,keimed01
1948,BAA,STB,John Hoppin,hoppijo01
1948,BAA,WSC,Thornton Jenkins,jenkith01
1948,BAA,BLB,Jim Black,blackji02
1948,BAA,BOS,Bob Curran,currabo01
1948,BAA,CHS,Johnny Reagan,reagado01
1948,BAA,INJ,Jack Coleman,colemja02
1948,BAA,MNL,Cliff Crandall,crandcl01
1948,BAA,NYK,Tex Ritter,rittete01
1948,BAA,PHW,Tom Short,shortto01
1948,BAA,PRO,Otto Schnellbacher,schneot01
1948,BAA,ROC,Lionel Malamed,malamli01
1948,BAA,STB,Dan London,londoda01
1948,BAA,WSC,J.T. Parker,parkect01
1948,BAA,BLB,Robert Carroll,carroro01
1948,BAA,BOS,Neil Dooley,doolene01
1948,BAA,CHS,Joe Shafer,shafejo01
1948,BAA,INJ,Norman Kohler,kohleno01
1948,BAA,MNL,Bob Lowther,lowthbo01
1948,BAA,NYK,Leland Byrd,byrdle02
1948,BAA,PHW,Joe Wahl,wahljo01
1948,BAA,ROC,Hank O'Keefe,okeefha01
1948,BAA,STB,Dan Miller,milleda04
1948,BAA,WSC,Don Walker,walkedo01
1948,BAA,BLB,Marvin English,englima01
1948,BAA,BOS,Jack Hauser,hauseja01
1948,BAA,CHS,Fred Weber,weberfr01
1948,BAA,INJ,Bob Paxton,paxtobo01
1948,BAA,MNL,Junior Skogland,skoglju01
1948,BAA,NYK,Keith Grimes,grimeke01
1948,BAA,PHW,Andy Wolfe,wolfean01
1948,BAA,ROC,Ed Stickel,stickwa01
1948,BAA,WSC,Al Williams,willial05
1948,BAA,BLB,Gene Fellmeth,fellmge01
1948,BAA,BOS,Guinn Phillips,phillgu01
1948,BAA,INJ,Jack Phoenix,phoenja01
1948,BAA,MNL,Quentin Stinson,stinsqu01
1948,BAA,NYK,John Stanich,stanijo01
1948,BAA,ROC,Paul Yesawich,yesavpa01
1948,BAA,BLB,J. W. Fullerton,fullejw01
1948,BAA,BOS,Ray Wehde,wehdera01
1948,BAA,BLB,Marshall Gemberling,gembema01
1948,BAA,BLB,Vince Hanson,hansevi01
1948,BAA,BLB,Wayne Jones,joneswa05
1948,BAA,BLB,Paul Marcincin,marcipa01
1947,BAA,PIT,Clifton McNeely,mcneecl01
1947,BAA,TRH,Glen Selbo,selbogl01
1947,BAA,BOS,Bulbs Ehlers,ehlerbu01
1947,BAA,PRO,Walt Dropo,dropowa01
1947,BAA,NYK,Dick Holub,holubdi01
1947,BAA,PHW,Chink Crossin,crossch01
1947,BAA,STB,Jack Underman,underja01
1947,BAA,CHS,Paul Huston,hustopa01
1947,BAA,WSC,Dick O'Keefe,okeefdi01
1947,BAA,BLB,Larry Killick,killila01
1947,BAA,BLB,Bob Jake,jakebo01
1947,BAA,BOS,Hank Biasatti,biasaha01
1947,BAA,CHS,Ben Schadler,schadbe01
1947,BAA,NYK,Ray Evans,evansra01
1947,BAA,PHW,Norman Butz,butzno01
1947,BAA,PIT,Fritz Nagy,nagyfr01
1947,BAA,PRO,Bob Hubbard,hubbabo01
1947,BAA,STB,Johnny Knopf,knopfja01
1947,BAA,TRH,Red Rocha,rochare01
1947,BAA,WSC,Jack Tingle,tinglja01
1947,BAA,BLB,John Rusinko,rusinjo01
1947,BAA,BOS,Gene Stump,stumpge01
1947,BAA,CHS,Jimmy Darden,dardeji01
1947,BAA,NYK,Ed Golub,golubed01
1947,BAA,PHW,Jim Kaeding,kaediji01
1947,BAA,PIT,Bob Alamo,alamobo01
1947,BAA,PRO,Joe Barry,barryjo02
1947,BAA,STB,Herb Wilkinson,wilkihe01
1947,BAA,TRH,Frank Broyles,broylfr01
1947,BAA,WSC,Bill Burke,burkebi01
1947,BAA,BLB,Harry Gallatin,gallaha01
1947,BAA,BOS,Johnny Ezersky,ezersjo01
1947,BAA,CHS,Gene Vance,vancege01
1947,BAA,NYK,Garland Head,headga01
1947,BAA,PHW,Ed Koffenberger,koffeed01
1947,BAA,PIT,George Brown,brownge04
1947,BAA,PRO,Dick Furey,fureydi01
1947,BAA,STB,Bob Kurland,kurlabo01
1947,BAA,TRH,Wimpy Quinn,quinnwi01
1947,BAA,WSC,Abel Rodrigues,rodriab01
1947,BAA,BLB,Charles Raynor,raynoch01
1947,BAA,BOS,Jack Hewson,hewsoja01
1947,BAA,CHS,Andy Phillip,phillan01
1947,BAA,NYK,Ron Livingstone,livinro01
1947,BAA,PIT,Dick Ives,ivesdi01
1947,BAA,PRO,Bob Joyce,joycebo01
1947,BAA,STB,Bill Strannigan,stranbi01
1947,BAA,TRH,Paul Hoffman,hoffmpa01
1947,BAA,WSC,Matt Zunic,zunicma01
1947,BAA,BLB,Scotty Hamilton,hamilsc01
1947,BAA,BOS,Bob Alameida,alemebo01
1947,BAA,CHS,Ralph Bishop,bishora01
1947,BAA,NYK,Andy Duncan,duncaan01
1947,BAA,PIT,Herman Knoche,knochhe01
1947,BAA,PRO,Roy Lipscomb,lipscro01
1947,BAA,STB,Paul Napolitano,napolpa01
1947,BAA,WSC,Irv Rothenberg,rotheir01
1947,BAA,BLB,Hugh Hampton,hampthu01
1947,BAA,BOS,George Felt,feltge01
1947,BAA,CHS,Jim Pollard,pollaji01
1947,BAA,NYK,Wat Misaka,misakwa01
1947,BAA,PIT,Jack Walton,waltoja01
1947,BAA,PRO,John Mills,millsjo03
1947,BAA,WSC,Saul Mariaschin,mariasa01
1947,BAA,BLB,Elmer Gainer,gaineel01
1947,BAA,BOS,John Kelly,kellyjo01
1947,BAA,CHS,Don Smith,smithdo01
1947,BAA,NYK,Dan Miller,milleda04
1947,BAA,PRO,Al Nichols,nichoal01
1947,BAA,WSC,Paul Cloyd,cloydpa01
1947,BAA,BLB,Chick Reiser,reisech01
1947,BAA,BOS,George Petrovick,petroge01
1947,BAA,CHS,Jack Stone,stoneja02
1947,BAA,NYK,Carl Reichert,reichca01
1947,BAA,WSC,John Mandic,mandijo01
1947,BAA,BLB,Robert Bolyard,bolyaro01
1947,BAA,CHS,Hank Decker,deckeha01
1947,BAA,NYK,Tom Tomlinson,tomlito01
