season,lg,type,number_tm,player,player_id
2025,NBA,All-Defense,1st,Dyson Daniels,daniedy01
2025,NBA,All-Defense,1st,Luguentz Dort,dortlu01
2025,NBA,All-Defense,1st,Draymond Green,greendr01
2025,NBA,All-Defense,1st,Evan Mobley,mobleev01
2025,NBA,All-Defense,1st,Amen Thompson,thompam01
2025,NBA,All-Defense,2nd,Toumani Camara,camarto01
2025,NBA,All-Defense,2nd,Rudy Gobert,goberru01
2025,NBA,All-Defense,2nd,Jaren Jackson Jr.,jacksja02
2025,NBA,All-Defense,2nd,Jalen Williams,willija06
2025,NBA,All-Defense,2nd,Ivica Zubac,zubaciv01
2025,NBA,All-NBA,1st,Nikola Jokić,jokicni01
2025,NBA,All-NBA,1st,Giannis Antetokounmpo,antetgi01
2025,NBA,All-NBA,1st,Jayson Tatum,tatumja01
2025,NBA,All-NBA,1st,Shai Gilgeous-Alexander,gilgesh01
2025,NBA,All-NBA,1st,Donovan Mitchell,mitchdo01
2025,NBA,All-NBA,2nd,Evan Mobley,mobleev01
2025,NBA,All-NBA,2nd,LeBron James,jamesle01
2025,NBA,All-NBA,2nd,Stephen Curry,curryst01
2025,NBA,All-NBA,2nd,Anthony Edwards,edwaran01
2025,NBA,All-NBA,2nd,Jalen Brunson,brunsja01
2025,NBA,All-NBA,3rd,Karl-Anthony Towns,townska01
2025,NBA,All-NBA,3rd,Jalen Williams,willija06
2025,NBA,All-NBA,3rd,Cade Cunningham,cunnica01
2025,NBA,All-NBA,3rd,Tyrese Haliburton,halibty01
2025,NBA,All-NBA,3rd,James Harden,hardeja01
2025,NBA,All-Rookie,1st,Stephon Castle,castlst01
2025,NBA,All-Rookie,1st,Zach Edey,edeyza01
2025,NBA,All-Rookie,1st,Zaccharie Risacher,risacza01
2025,NBA,All-Rookie,1st,Alex Sarr,sarral01
2025,NBA,All-Rookie,1st,Jaylen Wells,wellsja01
2025,NBA,All-Rookie,2nd,Matas Buzelis,buzelma01
2025,NBA,All-Rookie,2nd,Bub Carrington,carrica01
2025,NBA,All-Rookie,2nd,Donovan Clingan,clingdo01
2025,NBA,All-Rookie,2nd,Yves Missi,missiyv01
2025,NBA,All-Rookie,2nd,Kel'el Ware,wareke01
2024,NBA,All-Defense,1st,Rudy Gobert,goberru01
2024,NBA,All-Defense,1st,Victor Wembanyama,wembavi01
2024,NBA,All-Defense,1st,Bam Adebayo,adebaba01
2024,NBA,All-Defense,1st,Herbert Jones,joneshe01
2024,NBA,All-Defense,1st,Anthony Davis,davisan02
2024,NBA,All-Defense,2nd,Alex Caruso,carusal01
2024,NBA,All-Defense,2nd,Jalen Suggs,suggsja01
2024,NBA,All-Defense,2nd,Derrick White,whitede01
2024,NBA,All-Defense,2nd,Jaden McDaniels,mcdanja02
2024,NBA,All-Defense,2nd,Jrue Holiday,holidjr01
2024,NBA,All-NBA,1st,Nikola Jokić,jokicni01
2024,NBA,All-NBA,1st,Giannis Antetokounmpo,antetgi01
2024,NBA,All-NBA,1st,Jayson Tatum,tatumja01
2024,NBA,All-NBA,1st,Luka Dončić,doncilu01
2024,NBA,All-NBA,1st,Shai Gilgeous-Alexander,gilgesh01
2024,NBA,All-NBA,2nd,Anthony Davis,davisan02
2024,NBA,All-NBA,2nd,Kevin Durant,duranke01
2024,NBA,All-NBA,2nd,Kawhi Leonard,leonaka01
2024,NBA,All-NBA,2nd,Jalen Brunson,brunsja01
2024,NBA,All-NBA,2nd,Anthony Edwards,edwaran01
2024,NBA,All-NBA,3rd,LeBron James,jamesle01
2024,NBA,All-NBA,3rd,Domantas Sabonis,sabondo01
2024,NBA,All-NBA,3rd,Devin Booker,bookede01
2024,NBA,All-NBA,3rd,Stephen Curry,curryst01
2024,NBA,All-NBA,3rd,Tyrese Haliburton,halibty01
2024,NBA,All-Rookie,1st,Chet Holmgren,holmgch01
2024,NBA,All-Rookie,1st,Jaime Jaquez Jr.,jaqueja01
2024,NBA,All-Rookie,1st,Brandon Miller,millebr02
2024,NBA,All-Rookie,1st,Brandin Podziemski,podzibr01
2024,NBA,All-Rookie,1st,Victor Wembanyama,wembavi01
2024,NBA,All-Rookie,2nd,Dereck Lively II,livelde01
2024,NBA,All-Rookie,2nd,GG Jackson II,jacksgg01
2024,NBA,All-Rookie,2nd,Keyonte George,georgke01
2024,NBA,All-Rookie,2nd,Amen Thompson,thompam01
2024,NBA,All-Rookie,2nd,Cason Wallace,wallaca01
2023,NBA,All-Defense,1st,Alex Caruso,carusal01
2023,NBA,All-Defense,1st,Jrue Holiday,holidjr01
2023,NBA,All-Defense,1st,Jaren Jackson Jr.,jacksja02
2023,NBA,All-Defense,1st,Brook Lopez,lopezbr01
2023,NBA,All-Defense,1st,Evan Mobley,mobleev01
2023,NBA,All-Defense,2nd,Bam Adebayo,adebaba01
2023,NBA,All-Defense,2nd,OG Anunoby,anunoog01
2023,NBA,All-Defense,2nd,Dillon Brooks,brookdi01
2023,NBA,All-Defense,2nd,Draymond Green,greendr01
2023,NBA,All-Defense,2nd,Derrick White,whitede01
2023,NBA,All-NBA,1st,Joel Embiid,embiijo01
2023,NBA,All-NBA,1st,Giannis Antetokounmpo,antetgi01
2023,NBA,All-NBA,1st,Jayson Tatum,tatumja01
2023,NBA,All-NBA,1st,Luka Dončić,doncilu01
2023,NBA,All-NBA,1st,Shai Gilgeous-Alexander,gilgesh01
2023,NBA,All-NBA,2nd,Nikola Jokić,jokicni01
2023,NBA,All-NBA,2nd,Jimmy Butler,butleji01
2023,NBA,All-NBA,2nd,Jaylen Brown,brownja02
2023,NBA,All-NBA,2nd,Donovan Mitchell,mitchdo01
2023,NBA,All-NBA,2nd,Stephen Curry,curryst01
2023,NBA,All-NBA,3rd,Domantas Sabonis,sabondo01
2023,NBA,All-NBA,3rd,LeBron James,jamesle01
2023,NBA,All-NBA,3rd,Julius Randle,randlju01
2023,NBA,All-NBA,3rd,De'Aaron Fox,foxde01
2023,NBA,All-NBA,3rd,Damian Lillard,lillada01
2023,NBA,All-Rookie,1st,Paolo Banchero,banchpa01
2023,NBA,All-Rookie,1st,Walker Kessler,kesslwa01
2023,NBA,All-Rookie,1st,Bennedict Mathurin,mathube01
2023,NBA,All-Rookie,1st,Keegan Murray,murrake02
2023,NBA,All-Rookie,1st,Jalen Williams,willija06
2023,NBA,All-Rookie,2nd,Jalen Duren,durenja01
2023,NBA,All-Rookie,2nd,Tari Eason,easonta01
2023,NBA,All-Rookie,2nd,Jaden Ivey,iveyja01
2023,NBA,All-Rookie,2nd,Jabari Smith Jr.,smithja05
2023,NBA,All-Rookie,2nd,Jeremy Sochan,sochaje01
2022,NBA,All-Defense,1st,Giannis Antetokounmpo,antetgi01
2022,NBA,All-Defense,1st,Mikal Bridges,bridgmi01
2022,NBA,All-Defense,1st,Rudy Gobert,goberru01
2022,NBA,All-Defense,1st,Jaren Jackson Jr.,jacksja02
2022,NBA,All-Defense,1st,Marcus Smart,smartma01
2022,NBA,All-Defense,2nd,Bam Adebayo,adebaba01
2022,NBA,All-Defense,2nd,Draymond Green,greendr01
2022,NBA,All-Defense,2nd,Jrue Holiday,holidjr01
2022,NBA,All-Defense,2nd,Matisse Thybulle,thybuma01
2022,NBA,All-Defense,2nd,Robert Williams,williro04
2022,NBA,All-NBA,1st,Nikola Jokić,jokicni01
2022,NBA,All-NBA,1st,Giannis Antetokounmpo,antetgi01
2022,NBA,All-NBA,1st,Jayson Tatum,tatumja01
2022,NBA,All-NBA,1st,Luka Dončić,doncilu01
2022,NBA,All-NBA,1st,Devin Booker,bookede01
2022,NBA,All-NBA,2nd,Joel Embiid,embiijo01
2022,NBA,All-NBA,2nd,Kevin Durant,duranke01
2022,NBA,All-NBA,2nd,DeMar DeRozan,derozde01
2022,NBA,All-NBA,2nd,Ja Morant,moranja01
2022,NBA,All-NBA,2nd,Stephen Curry,curryst01
2022,NBA,All-NBA,3rd,Karl-Anthony Towns,townska01
2022,NBA,All-NBA,3rd,LeBron James,jamesle01
2022,NBA,All-NBA,3rd,Pascal Siakam,siakapa01
2022,NBA,All-NBA,3rd,Chris Paul,paulch01
2022,NBA,All-NBA,3rd,Trae Young,youngtr01
2022,NBA,All-Rookie,1st,Scottie Barnes,barnesc01
2022,NBA,All-Rookie,1st,Cade Cunningham,cunnica01
2022,NBA,All-Rookie,1st,Evan Mobley,mobleev01
2022,NBA,All-Rookie,1st,Franz Wagner,wagnefr01
2022,NBA,All-Rookie,1st,Jalen Green,greenja05
2022,NBA,All-Rookie,2nd,Herbert Jones,joneshe01
2022,NBA,All-Rookie,2nd,Josh Giddey,giddejo01
2022,NBA,All-Rookie,2nd,Bones Hyland,hylanbo01
2022,NBA,All-Rookie,2nd,Ayo Dosunmu,dosunay01
2022,NBA,All-Rookie,2nd,Chris Duarte,duartch01
2021,NBA,All-Defense,1st,Rudy Gobert,goberru01
2021,NBA,All-Defense,1st,Ben Simmons,simmobe01
2021,NBA,All-Defense,1st,Draymond Green,greendr01
2021,NBA,All-Defense,1st,Jrue Holiday,holidjr01
2021,NBA,All-Defense,1st,Giannis Antetokounmpo,antetgi01
2021,NBA,All-Defense,2nd,Bam Adebayo,adebaba01
2021,NBA,All-Defense,2nd,Jimmy Butler,butleji01
2021,NBA,All-Defense,2nd,Joel Embiid,embiijo01
2021,NBA,All-Defense,2nd,Matisse Thybulle,thybuma01
2021,NBA,All-Defense,2nd,Kawhi Leonard,leonaka01
2021,NBA,All-NBA,1st,Nikola Jokić,jokicni01
2021,NBA,All-NBA,1st,Giannis Antetokounmpo,antetgi01
2021,NBA,All-NBA,1st,Kawhi Leonard,leonaka01
2021,NBA,All-NBA,1st,Stephen Curry,curryst01
2021,NBA,All-NBA,1st,Luka Dončić,doncilu01
2021,NBA,All-NBA,2nd,Joel Embiid,embiijo01
2021,NBA,All-NBA,2nd,Julius Randle,randlju01
2021,NBA,All-NBA,2nd,LeBron James,jamesle01
2021,NBA,All-NBA,2nd,Chris Paul,paulch01
2021,NBA,All-NBA,2nd,Damian Lillard,lillada01
2021,NBA,All-NBA,3rd,Rudy Gobert,goberru01
2021,NBA,All-NBA,3rd,Jimmy Butler,butleji01
2021,NBA,All-NBA,3rd,Paul George,georgpa01
2021,NBA,All-NBA,3rd,Bradley Beal,bealbr01
2021,NBA,All-NBA,3rd,Kyrie Irving,irvinky01
2021,NBA,All-Rookie,1st,LaMelo Ball,ballla01
2021,NBA,All-Rookie,1st,Saddiq Bey,beysa01
2021,NBA,All-Rookie,1st,Anthony Edwards,edwaran01
2021,NBA,All-Rookie,1st,Tyrese Haliburton,halibty01
2021,NBA,All-Rookie,1st,Jae'Sean Tate,tateja01
2021,NBA,All-Rookie,2nd,Desmond Bane,banede01
2021,NBA,All-Rookie,2nd,Isaac Okoro,okorois01
2021,NBA,All-Rookie,2nd,Immanuel Quickley,quickim01
2021,NBA,All-Rookie,2nd,Isaiah Stewart,stewais01
2021,NBA,All-Rookie,2nd,Patrick Williams,willipa01
2020,NBA,All-Defense,1st,Giannis Antetokounmpo,antetgi01
2020,NBA,All-Defense,1st,Anthony Davis,davisan02
2020,NBA,All-Defense,1st,Ben Simmons,simmobe01
2020,NBA,All-Defense,1st,Rudy Gobert,goberru01
2020,NBA,All-Defense,1st,Marcus Smart,smartma01
2020,NBA,All-Defense,2nd,Kawhi Leonard,leonaka01
2020,NBA,All-Defense,2nd,Brook Lopez,lopezbr01
2020,NBA,All-Defense,2nd,Bam Adebayo,adebaba01
2020,NBA,All-Defense,2nd,Patrick Beverley,beverpa01
2020,NBA,All-Defense,2nd,Eric Bledsoe,bledser01
2020,NBA,All-NBA,1st,Anthony Davis,davisan02
2020,NBA,All-NBA,1st,Giannis Antetokounmpo,antetgi01
2020,NBA,All-NBA,1st,LeBron James,jamesle01
2020,NBA,All-NBA,1st,James Harden,hardeja01
2020,NBA,All-NBA,1st,Luka Dončić,doncilu01
2020,NBA,All-NBA,2nd,Nikola Jokić,jokicni01
2020,NBA,All-NBA,2nd,Kawhi Leonard,leonaka01
2020,NBA,All-NBA,2nd,Pascal Siakam,siakapa01
2020,NBA,All-NBA,2nd,Damian Lillard,lillada01
2020,NBA,All-NBA,2nd,Chris Paul,paulch01
2020,NBA,All-NBA,3rd,Rudy Gobert,goberru01
2020,NBA,All-NBA,3rd,Jayson Tatum,tatumja01
2020,NBA,All-NBA,3rd,Jimmy Butler,butleji01
2020,NBA,All-NBA,3rd,Ben Simmons,simmobe01
2020,NBA,All-NBA,3rd,Russell Westbrook,westbru01
2020,NBA,All-Rookie,1st,Ja Morant,moranja01
2020,NBA,All-Rookie,1st,Kendrick Nunn,nunnke01
2020,NBA,All-Rookie,1st,Brandon Clarke,clarkbr01
2020,NBA,All-Rookie,1st,Zion Williamson,willizi01
2020,NBA,All-Rookie,1st,Eric Paschall,pascher01
2020,NBA,All-Rookie,2nd,Tyler Herro,herroty01
2020,NBA,All-Rookie,2nd,Terence Davis,daviste02
2020,NBA,All-Rookie,2nd,Coby White,whiteco01
2020,NBA,All-Rookie,2nd,P.J. Washington,washipj01
2020,NBA,All-Rookie,2nd,Rui Hachimura,hachiru01
2019,NBA,All-Defense,1st,Rudy Gobert,goberru01
2019,NBA,All-Defense,1st,Paul George,georgpa01
2019,NBA,All-Defense,1st,Giannis Antetokounmpo,antetgi01
2019,NBA,All-Defense,1st,Marcus Smart,smartma01
2019,NBA,All-Defense,1st,Eric Bledsoe,bledser01
2019,NBA,All-Defense,2nd,Jrue Holiday,holidjr01
2019,NBA,All-Defense,2nd,Klay Thompson,thompkl01
2019,NBA,All-Defense,2nd,Joel Embiid,embiijo01
2019,NBA,All-Defense,2nd,Draymond Green,greendr01
2019,NBA,All-Defense,2nd,Kawhi Leonard,leonaka01
2019,NBA,All-NBA,1st,Nikola Jokić,jokicni01
2019,NBA,All-NBA,1st,Giannis Antetokounmpo,antetgi01
2019,NBA,All-NBA,1st,Paul George,georgpa01
2019,NBA,All-NBA,1st,James Harden,hardeja01
2019,NBA,All-NBA,1st,Stephen Curry,curryst01
2019,NBA,All-NBA,2nd,Joel Embiid,embiijo01
2019,NBA,All-NBA,2nd,Kevin Durant,duranke01
2019,NBA,All-NBA,2nd,Kawhi Leonard,leonaka01
2019,NBA,All-NBA,2nd,Damian Lillard,lillada01
2019,NBA,All-NBA,2nd,Kyrie Irving,irvinky01
2019,NBA,All-NBA,3rd,Rudy Gobert,goberru01
2019,NBA,All-NBA,3rd,LeBron James,jamesle01
2019,NBA,All-NBA,3rd,Blake Griffin,griffbl01
2019,NBA,All-NBA,3rd,Kemba Walker,walkeke02
2019,NBA,All-NBA,3rd,Russell Westbrook,westbru01
2019,NBA,All-Rookie,1st,Luka Dončić,doncilu01
2019,NBA,All-Rookie,1st,Trae Young,youngtr01
2019,NBA,All-Rookie,1st,Deandre Ayton,aytonde01
2019,NBA,All-Rookie,1st,Jaren Jackson Jr.,jacksja02
2019,NBA,All-Rookie,1st,Marvin Bagley III,baglema01
2019,NBA,All-Rookie,2nd,Shai Gilgeous-Alexander,gilgesh01
2019,NBA,All-Rookie,2nd,Collin Sexton,sextoco01
2019,NBA,All-Rookie,2nd,Landry Shamet,shamela01
2019,NBA,All-Rookie,2nd,Mitchell Robinson,robinmi01
2019,NBA,All-Rookie,2nd,Kevin Huerter,huertke01
2018,NBA,All-Defense,1st,Rudy Gobert,goberru01
2018,NBA,All-Defense,1st,Anthony Davis,davisan02
2018,NBA,All-Defense,1st,Victor Oladipo,oladivi01
2018,NBA,All-Defense,1st,Robert Covington,covinro01
2018,NBA,All-Defense,1st,Jrue Holiday,holidjr01
2018,NBA,All-Defense,2nd,Joel Embiid,embiijo01
2018,NBA,All-Defense,2nd,Draymond Green,greendr01
2018,NBA,All-Defense,2nd,Al Horford,horfoal01
2018,NBA,All-Defense,2nd,Dejounte Murray,murrade01
2018,NBA,All-Defense,2nd,Jimmy Butler,butleji01
2018,NBA,All-NBA,1st,Anthony Davis,davisan02
2018,NBA,All-NBA,1st,LeBron James,jamesle01
2018,NBA,All-NBA,1st,Kevin Durant,duranke01
2018,NBA,All-NBA,1st,Damian Lillard,lillada01
2018,NBA,All-NBA,1st,James Harden,hardeja01
2018,NBA,All-NBA,2nd,Joel Embiid,embiijo01
2018,NBA,All-NBA,2nd,Giannis Antetokounmpo,antetgi01
2018,NBA,All-NBA,2nd,LaMarcus Aldridge,aldrila01
2018,NBA,All-NBA,2nd,Russell Westbrook,westbru01
2018,NBA,All-NBA,2nd,DeMar DeRozan,derozde01
2018,NBA,All-NBA,3rd,Karl-Anthony Towns,townska01
2018,NBA,All-NBA,3rd,Jimmy Butler,butleji01
2018,NBA,All-NBA,3rd,Paul George,georgpa01
2018,NBA,All-NBA,3rd,Stephen Curry,curryst01
2018,NBA,All-NBA,3rd,Victor Oladipo,oladivi01
2018,NBA,All-Rookie,1st,Donovan Mitchell,mitchdo01
2018,NBA,All-Rookie,1st,Ben Simmons,simmobe01
2018,NBA,All-Rookie,1st,Jayson Tatum,tatumja01
2018,NBA,All-Rookie,1st,Kyle Kuzma,kuzmaky01
2018,NBA,All-Rookie,1st,Lauri Markkanen,markkla01
2018,NBA,All-Rookie,2nd,Dennis Smith Jr.,smithde03
2018,NBA,All-Rookie,2nd,Lonzo Ball,balllo01
2018,NBA,All-Rookie,2nd,John Collins,collijo01
2018,NBA,All-Rookie,2nd,Bogdan Bogdanović,bogdabo01
2018,NBA,All-Rookie,2nd,Josh Jackson,jacksjo02
2017,NBA,All-Defense,1st,Kawhi Leonard,leonaka01
2017,NBA,All-Defense,1st,Draymond Green,greendr01
2017,NBA,All-Defense,1st,Rudy Gobert,goberru01
2017,NBA,All-Defense,1st,Patrick Beverley,beverpa01
2017,NBA,All-Defense,1st,Chris Paul,paulch01
2017,NBA,All-Defense,2nd,Tony Allen,allento01
2017,NBA,All-Defense,2nd,Danny Green,greenda02
2017,NBA,All-Defense,2nd,Andre Roberson,roberan03
2017,NBA,All-Defense,2nd,Anthony Davis,davisan02
2017,NBA,All-Defense,2nd,Giannis Antetokounmpo,antetgi01
2017,NBA,All-NBA,1st,Anthony Davis,davisan02
2017,NBA,All-NBA,1st,LeBron James,jamesle01
2017,NBA,All-NBA,1st,Kawhi Leonard,leonaka01
2017,NBA,All-NBA,1st,James Harden,hardeja01
2017,NBA,All-NBA,1st,Russell Westbrook,westbru01
2017,NBA,All-NBA,2nd,Rudy Gobert,goberru01
2017,NBA,All-NBA,2nd,Giannis Antetokounmpo,antetgi01
2017,NBA,All-NBA,2nd,Kevin Durant,duranke01
2017,NBA,All-NBA,2nd,Stephen Curry,curryst01
2017,NBA,All-NBA,2nd,Isaiah Thomas,thomais02
2017,NBA,All-NBA,3rd,DeAndre Jordan,jordade01
2017,NBA,All-NBA,3rd,Draymond Green,greendr01
2017,NBA,All-NBA,3rd,Jimmy Butler,butleji01
2017,NBA,All-NBA,3rd,John Wall,walljo01
2017,NBA,All-NBA,3rd,DeMar DeRozan,derozde01
2017,NBA,All-Rookie,1st,Malcolm Brogdon,brogdma01
2017,NBA,All-Rookie,1st,Dario Šarić,saricda01
2017,NBA,All-Rookie,1st,Joel Embiid,embiijo01
2017,NBA,All-Rookie,1st,Buddy Hield,hieldbu01
2017,NBA,All-Rookie,1st,Willy Hernangómez,hernawi01
2017,NBA,All-Rookie,2nd,Jamal Murray,murraja01
2017,NBA,All-Rookie,2nd,Jaylen Brown,brownja02
2017,NBA,All-Rookie,2nd,Marquese Chriss,chrisma01
2017,NBA,All-Rookie,2nd,Brandon Ingram,ingrabr01
2017,NBA,All-Rookie,2nd,Yogi Ferrell,ferreyo01
2016,NBA,All-Defense,1st,Kawhi Leonard,leonaka01
2016,NBA,All-Defense,1st,Draymond Green,greendr01
2016,NBA,All-Defense,1st,DeAndre Jordan,jordade01
2016,NBA,All-Defense,1st,Avery Bradley,bradlav01
2016,NBA,All-Defense,1st,Chris Paul,paulch01
2016,NBA,All-Defense,2nd,Paul Millsap,millspa01
2016,NBA,All-Defense,2nd,Paul George,georgpa01
2016,NBA,All-Defense,2nd,Hassan Whiteside,whiteha01
2016,NBA,All-Defense,2nd,Tony Allen,allento01
2016,NBA,All-Defense,2nd,Jimmy Butler,butleji01
2016,NBA,All-NBA,1st,DeAndre Jordan,jordade01
2016,NBA,All-NBA,1st,LeBron James,jamesle01
2016,NBA,All-NBA,1st,Kawhi Leonard,leonaka01
2016,NBA,All-NBA,1st,Stephen Curry,curryst01
2016,NBA,All-NBA,1st,Russell Westbrook,westbru01
2016,NBA,All-NBA,2nd,DeMarcus Cousins,couside01
2016,NBA,All-NBA,2nd,Kevin Durant,duranke01
2016,NBA,All-NBA,2nd,Draymond Green,greendr01
2016,NBA,All-NBA,2nd,Chris Paul,paulch01
2016,NBA,All-NBA,2nd,Damian Lillard,lillada01
2016,NBA,All-NBA,3rd,Andre Drummond,drumman01
2016,NBA,All-NBA,3rd,Paul George,georgpa01
2016,NBA,All-NBA,3rd,LaMarcus Aldridge,aldrila01
2016,NBA,All-NBA,3rd,Klay Thompson,thompkl01
2016,NBA,All-NBA,3rd,Kyle Lowry,lowryky01
2016,NBA,All-Rookie,1st,Karl-Anthony Towns,townska01
2016,NBA,All-Rookie,1st,Kristaps Porziņģis,porzikr01
2016,NBA,All-Rookie,1st,Devin Booker,bookede01
2016,NBA,All-Rookie,1st,Nikola Jokić,jokicni01
2016,NBA,All-Rookie,1st,Jahlil Okafor,okafoja01
2016,NBA,All-Rookie,2nd,Justise Winslow,winslju01
2016,NBA,All-Rookie,2nd,D'Angelo Russell,russeda01
2016,NBA,All-Rookie,2nd,Emmanuel Mudiay,mudiaem01
2016,NBA,All-Rookie,2nd,Myles Turner,turnemy01
2016,NBA,All-Rookie,2nd,Willie Cauley-Stein,caulewi01
2015,NBA,All-Defense,1st,Kawhi Leonard,leonaka01
2015,NBA,All-Defense,1st,Draymond Green,greendr01
2015,NBA,All-Defense,1st,Tony Allen,allento01
2015,NBA,All-Defense,1st,DeAndre Jordan,jordade01
2015,NBA,All-Defense,1st,Chris Paul,paulch01
2015,NBA,All-Defense,2nd,Anthony Davis,davisan02
2015,NBA,All-Defense,2nd,Jimmy Butler,butleji01
2015,NBA,All-Defense,2nd,Andrew Bogut,bogutan01
2015,NBA,All-Defense,2nd,John Wall,walljo01
2015,NBA,All-Defense,2nd,Tim Duncan,duncati01
2015,NBA,All-NBA,1st,Marc Gasol,gasolma01
2015,NBA,All-NBA,1st,LeBron James,jamesle01
2015,NBA,All-NBA,1st,Anthony Davis,davisan02
2015,NBA,All-NBA,1st,Stephen Curry,curryst01
2015,NBA,All-NBA,1st,James Harden,hardeja01
2015,NBA,All-NBA,2nd,DeMarcus Cousins,couside01
2015,NBA,All-NBA,2nd,Pau Gasol,gasolpa01
2015,NBA,All-NBA,2nd,LaMarcus Aldridge,aldrila01
2015,NBA,All-NBA,2nd,Russell Westbrook,westbru01
2015,NBA,All-NBA,2nd,Chris Paul,paulch01
2015,NBA,All-NBA,3rd,DeAndre Jordan,jordade01
2015,NBA,All-NBA,3rd,Blake Griffin,griffbl01
2015,NBA,All-NBA,3rd,Tim Duncan,duncati01
2015,NBA,All-NBA,3rd,Klay Thompson,thompkl01
2015,NBA,All-NBA,3rd,Kyrie Irving,irvinky01
2015,NBA,All-Rookie,1st,Andrew Wiggins,wiggian01
2015,NBA,All-Rookie,1st,Nikola Mirotić,mirotni01
2015,NBA,All-Rookie,1st,Nerlens Noel,noelne01
2015,NBA,All-Rookie,1st,Elfrid Payton,paytoel01
2015,NBA,All-Rookie,1st,Jordan Clarkson,clarkjo01
2015,NBA,All-Rookie,2nd,Marcus Smart,smartma01
2015,NBA,All-Rookie,2nd,Zach LaVine,lavinza01
2015,NBA,All-Rookie,2nd,Bojan Bogdanović,bogdabo02
2015,NBA,All-Rookie,2nd,Jusuf Nurkić,nurkiju01
2015,NBA,All-Rookie,2nd,Langston Galloway,gallola01
2014,NBA,All-Defense,1st,Joakim Noah,noahjo01
2014,NBA,All-Defense,1st,Paul George,georgpa01
2014,NBA,All-Defense,1st,Chris Paul,paulch01
2014,NBA,All-Defense,1st,Serge Ibaka,ibakase01
2014,NBA,All-Defense,1st,Andre Iguodala,iguodan01
2014,NBA,All-Defense,2nd,LeBron James,jamesle01
2014,NBA,All-Defense,2nd,Patrick Beverley,beverpa01
2014,NBA,All-Defense,2nd,Jimmy Butler,butleji01
2014,NBA,All-Defense,2nd,Kawhi Leonard,leonaka01
2014,NBA,All-Defense,2nd,Roy Hibbert,hibbero01
2014,NBA,All-NBA,1st,Joakim Noah,noahjo01
2014,NBA,All-NBA,1st,Kevin Durant,duranke01
2014,NBA,All-NBA,1st,LeBron James,jamesle01
2014,NBA,All-NBA,1st,James Harden,hardeja01
2014,NBA,All-NBA,1st,Chris Paul,paulch01
2014,NBA,All-NBA,2nd,Dwight Howard,howardw01
2014,NBA,All-NBA,2nd,Blake Griffin,griffbl01
2014,NBA,All-NBA,2nd,Kevin Love,loveke01
2014,NBA,All-NBA,2nd,Stephen Curry,curryst01
2014,NBA,All-NBA,2nd,Tony Parker,parketo01
2014,NBA,All-NBA,3rd,Al Jefferson,jeffeal01
2014,NBA,All-NBA,3rd,Paul George,georgpa01
2014,NBA,All-NBA,3rd,LaMarcus Aldridge,aldrila01
2014,NBA,All-NBA,3rd,Goran Dragić,dragigo01
2014,NBA,All-NBA,3rd,Damian Lillard,lillada01
2014,NBA,All-Rookie,1st,Michael Carter-Williams,cartemi01
2014,NBA,All-Rookie,1st,Victor Oladipo,oladivi01
2014,NBA,All-Rookie,1st,Trey Burke,burketr01
2014,NBA,All-Rookie,1st,Mason Plumlee,plumlma01
2014,NBA,All-Rookie,1st,Tim Hardaway Jr.,hardati02
2014,NBA,All-Rookie,2nd,Kelly Olynyk,olynyke01
2014,NBA,All-Rookie,2nd,Giannis Antetokounmpo,antetgi01
2014,NBA,All-Rookie,2nd,Gorgui Dieng,dienggo01
2014,NBA,All-Rookie,2nd,Cody Zeller,zelleco01
2014,NBA,All-Rookie,2nd,Steven Adams,adamsst01
2013,NBA,All-Defense,1st,Tony Allen,allento01
2013,NBA,All-Defense,1st,Serge Ibaka,ibakase01
2013,NBA,All-Defense,1st,LeBron James,jamesle01
2013,NBA,All-Defense,1st,Chris Paul,paulch01
2013,NBA,All-Defense,1st,Tyson Chandler,chandty01
2013,NBA,All-Defense,1st,Joakim Noah,noahjo01
2013,NBA,All-Defense,2nd,Avery Bradley,bradlav01
2013,NBA,All-Defense,2nd,Mike Conley,conlemi01
2013,NBA,All-Defense,2nd,Tim Duncan,duncati01
2013,NBA,All-Defense,2nd,Marc Gasol,gasolma01
2013,NBA,All-Defense,2nd,Paul George,georgpa01
2013,NBA,All-NBA,1st,Tim Duncan,duncati01
2013,NBA,All-NBA,1st,Kevin Durant,duranke01
2013,NBA,All-NBA,1st,LeBron James,jamesle01
2013,NBA,All-NBA,1st,Kobe Bryant,bryanko01
2013,NBA,All-NBA,1st,Chris Paul,paulch01
2013,NBA,All-NBA,2nd,Marc Gasol,gasolma01
2013,NBA,All-NBA,2nd,Carmelo Anthony,anthoca01
2013,NBA,All-NBA,2nd,Blake Griffin,griffbl01
2013,NBA,All-NBA,2nd,Tony Parker,parketo01
2013,NBA,All-NBA,2nd,Russell Westbrook,westbru01
2013,NBA,All-NBA,3rd,Dwight Howard,howardw01
2013,NBA,All-NBA,3rd,Paul George,georgpa01
2013,NBA,All-NBA,3rd,David Lee,leeda02
2013,NBA,All-NBA,3rd,James Harden,hardeja01
2013,NBA,All-NBA,3rd,Dwyane Wade,wadedw01
2013,NBA,All-Rookie,1st,Harrison Barnes,barneha02
2013,NBA,All-Rookie,1st,Bradley Beal,bealbr01
2013,NBA,All-Rookie,1st,Anthony Davis,davisan02
2013,NBA,All-Rookie,1st,Damian Lillard,lillada01
2013,NBA,All-Rookie,1st,Dion Waiters,waitedi01
2013,NBA,All-Rookie,2nd,Andre Drummond,drumman01
2013,NBA,All-Rookie,2nd,Michael Kidd-Gilchrist,kiddgmi01
2013,NBA,All-Rookie,2nd,Kyle Singler,singlky01
2013,NBA,All-Rookie,2nd,Jonas Valančiūnas,valanjo01
2013,NBA,All-Rookie,2nd,Tyler Zeller,zellety01
2012,NBA,All-Defense,1st,Tony Allen,allento01
2012,NBA,All-Defense,1st,Dwight Howard,howardw01
2012,NBA,All-Defense,1st,Serge Ibaka,ibakase01
2012,NBA,All-Defense,1st,LeBron James,jamesle01
2012,NBA,All-Defense,1st,Chris Paul,paulch01
2012,NBA,All-Defense,2nd,Kobe Bryant,bryanko01
2012,NBA,All-Defense,2nd,Tyson Chandler,chandty01
2012,NBA,All-Defense,2nd,Luol Deng,denglu01
2012,NBA,All-Defense,2nd,Kevin Garnett,garneke01
2012,NBA,All-Defense,2nd,Rajon Rondo,rondora01
2012,NBA,All-NBA,1st,Dwight Howard,howardw01
2012,NBA,All-NBA,1st,Kevin Durant,duranke01
2012,NBA,All-NBA,1st,LeBron James,jamesle01
2012,NBA,All-NBA,1st,Kobe Bryant,bryanko01
2012,NBA,All-NBA,1st,Chris Paul,paulch01
2012,NBA,All-NBA,2nd,Andrew Bynum,bynuman01
2012,NBA,All-NBA,2nd,Blake Griffin,griffbl01
2012,NBA,All-NBA,2nd,Kevin Love,loveke01
2012,NBA,All-NBA,2nd,Tony Parker,parketo01
2012,NBA,All-NBA,2nd,Russell Westbrook,westbru01
2012,NBA,All-NBA,3rd,Tyson Chandler,chandty01
2012,NBA,All-NBA,3rd,Carmelo Anthony,anthoca01
2012,NBA,All-NBA,3rd,Dirk Nowitzki,nowitdi01
2012,NBA,All-NBA,3rd,Rajon Rondo,rondora01
2012,NBA,All-NBA,3rd,Dwyane Wade,wadedw01
2012,NBA,All-Rookie,1st,Kenneth Faried,farieke01
2012,NBA,All-Rookie,1st,Kyrie Irving,irvinky01
2012,NBA,All-Rookie,1st,Ricky Rubio,rubiori01
2012,NBA,All-Rookie,1st,Klay Thompson,thompkl01
2012,NBA,All-Rookie,1st,Brandon Knight,knighbr03
2012,NBA,All-Rookie,1st,Kawhi Leonard,leonaka01
2012,NBA,All-Rookie,1st,Iman Shumpert,shumpim01
2012,NBA,All-Rookie,2nd,MarShon Brooks,brookma01
2012,NBA,All-Rookie,2nd,Chandler Parsons,parsoch01
2012,NBA,All-Rookie,2nd,Isaiah Thomas,thomais02
2012,NBA,All-Rookie,2nd,Tristan Thompson,thomptr01
2012,NBA,All-Rookie,2nd,Derrick Williams,willide02
2011,NBA,All-Defense,1st,Kobe Bryant,bryanko01
2011,NBA,All-Defense,1st,Kevin Garnett,garneke01
2011,NBA,All-Defense,1st,Dwight Howard,howardw01
2011,NBA,All-Defense,1st,LeBron James,jamesle01
2011,NBA,All-Defense,1st,Rajon Rondo,rondora01
2011,NBA,All-Defense,2nd,Tony Allen,allento01
2011,NBA,All-Defense,2nd,Tyson Chandler,chandty01
2011,NBA,All-Defense,2nd,Andre Iguodala,iguodan01
2011,NBA,All-Defense,2nd,Joakim Noah,noahjo01
2011,NBA,All-Defense,2nd,Chris Paul,paulch01
2011,NBA,All-NBA,1st,Dwight Howard,howardw01
2011,NBA,All-NBA,1st,Kevin Durant,duranke01
2011,NBA,All-NBA,1st,LeBron James,jamesle01
2011,NBA,All-NBA,1st,Kobe Bryant,bryanko01
2011,NBA,All-NBA,1st,Derrick Rose,rosede01
2011,NBA,All-NBA,2nd,Amar'e Stoudemire,stoudam01
2011,NBA,All-NBA,2nd,Pau Gasol,gasolpa01
2011,NBA,All-NBA,2nd,Dirk Nowitzki,nowitdi01
2011,NBA,All-NBA,2nd,Dwyane Wade,wadedw01
2011,NBA,All-NBA,2nd,Russell Westbrook,westbru01
2011,NBA,All-NBA,3rd,Al Horford,horfoal01
2011,NBA,All-NBA,3rd,LaMarcus Aldridge,aldrila01
2011,NBA,All-NBA,3rd,Zach Randolph,randoza01
2011,NBA,All-NBA,3rd,Manu Ginóbili,ginobma01
2011,NBA,All-NBA,3rd,Chris Paul,paulch01
2011,NBA,All-Rookie,1st,DeMarcus Cousins,couside01
2011,NBA,All-Rookie,1st,Landry Fields,fieldla01
2011,NBA,All-Rookie,1st,Blake Griffin,griffbl01
2011,NBA,All-Rookie,1st,Gary Neal,nealga01
2011,NBA,All-Rookie,1st,John Wall,walljo01
2011,NBA,All-Rookie,2nd,Eric Bledsoe,bledser01
2011,NBA,All-Rookie,2nd,Derrick Favors,favorde01
2011,NBA,All-Rookie,2nd,Paul George,georgpa01
2011,NBA,All-Rookie,2nd,Wesley Johnson,johnswe01
2011,NBA,All-Rookie,2nd,Greg Monroe,monrogr01
2010,NBA,All-Defense,1st,Kobe Bryant,bryanko01
2010,NBA,All-Defense,1st,Dwight Howard,howardw01
2010,NBA,All-Defense,1st,LeBron James,jamesle01
2010,NBA,All-Defense,1st,Rajon Rondo,rondora01
2010,NBA,All-Defense,1st,Gerald Wallace,wallage01
2010,NBA,All-Defense,2nd,Tim Duncan,duncati01
2010,NBA,All-Defense,2nd,Thabo Sefolosha,sefolth01
2010,NBA,All-Defense,2nd,Josh Smith,smithjo03
2010,NBA,All-Defense,2nd,Anderson Varejão,varejan01
2010,NBA,All-Defense,2nd,Dwyane Wade,wadedw01
2010,NBA,All-NBA,1st,Dwight Howard,howardw01
2010,NBA,All-NBA,1st,Kevin Durant,duranke01
2010,NBA,All-NBA,1st,LeBron James,jamesle01
2010,NBA,All-NBA,1st,Kobe Bryant,bryanko01
2010,NBA,All-NBA,1st,Dwyane Wade,wadedw01
2010,NBA,All-NBA,2nd,Amar'e Stoudemire,stoudam01
2010,NBA,All-NBA,2nd,Carmelo Anthony,anthoca01
2010,NBA,All-NBA,2nd,Dirk Nowitzki,nowitdi01
2010,NBA,All-NBA,2nd,Steve Nash,nashst01
2010,NBA,All-NBA,2nd,Deron Williams,willide01
2010,NBA,All-NBA,3rd,Andrew Bogut,bogutan01
2010,NBA,All-NBA,3rd,Tim Duncan,duncati01
2010,NBA,All-NBA,3rd,Pau Gasol,gasolpa01
2010,NBA,All-NBA,3rd,Joe Johnson,johnsjo02
2010,NBA,All-NBA,3rd,Brandon Roy,roybr01
2010,NBA,All-Rookie,1st,Darren Collison,collida01
2010,NBA,All-Rookie,1st,Stephen Curry,curryst01
2010,NBA,All-Rookie,1st,Tyreke Evans,evansty01
2010,NBA,All-Rookie,1st,Taj Gibson,gibsota01
2010,NBA,All-Rookie,1st,Brandon Jennings,jennibr01
2010,NBA,All-Rookie,2nd,DeJuan Blair,blairde01
2010,NBA,All-Rookie,2nd,Jonny Flynn,flynnjo01
2010,NBA,All-Rookie,2nd,James Harden,hardeja01
2010,NBA,All-Rookie,2nd,Jonas Jerebko,jerebjo01
2010,NBA,All-Rookie,2nd,Marcus Thornton,thornma01
2009,NBA,All-Defense,1st,Kobe Bryant,bryanko01
2009,NBA,All-Defense,1st,Kevin Garnett,garneke01
2009,NBA,All-Defense,1st,Dwight Howard,howardw01
2009,NBA,All-Defense,1st,LeBron James,jamesle01
2009,NBA,All-Defense,1st,Chris Paul,paulch01
2009,NBA,All-Defense,2nd,Metta World Peace,artesro01
2009,NBA,All-Defense,2nd,Shane Battier,battish01
2009,NBA,All-Defense,2nd,Tim Duncan,duncati01
2009,NBA,All-Defense,2nd,Rajon Rondo,rondora01
2009,NBA,All-Defense,2nd,Dwyane Wade,wadedw01
2009,NBA,All-NBA,1st,Dwight Howard,howardw01
2009,NBA,All-NBA,1st,LeBron James,jamesle01
2009,NBA,All-NBA,1st,Dirk Nowitzki,nowitdi01
2009,NBA,All-NBA,1st,Kobe Bryant,bryanko01
2009,NBA,All-NBA,1st,Dwyane Wade,wadedw01
2009,NBA,All-NBA,2nd,Yao Ming,mingya01
2009,NBA,All-NBA,2nd,Tim Duncan,duncati01
2009,NBA,All-NBA,2nd,Paul Pierce,piercpa01
2009,NBA,All-NBA,2nd,Chris Paul,paulch01
2009,NBA,All-NBA,2nd,Brandon Roy,roybr01
2009,NBA,All-NBA,3rd,Shaquille O'Neal,onealsh01
2009,NBA,All-NBA,3rd,Carmelo Anthony,anthoca01
2009,NBA,All-NBA,3rd,Pau Gasol,gasolpa01
2009,NBA,All-NBA,3rd,Chauncey Billups,billuch01
2009,NBA,All-NBA,3rd,Tony Parker,parketo01
2009,NBA,All-Rookie,1st,Michael Beasley,beaslmi01
2009,NBA,All-Rookie,1st,Brook Lopez,lopezbr01
2009,NBA,All-Rookie,1st,O.J. Mayo,mayooj01
2009,NBA,All-Rookie,1st,Derrick Rose,rosede01
2009,NBA,All-Rookie,1st,Russell Westbrook,westbru01
2009,NBA,All-Rookie,2nd,Mario Chalmers,chalmma01
2009,NBA,All-Rookie,2nd,Marc Gasol,gasolma01
2009,NBA,All-Rookie,2nd,Eric Gordon,gordoer01
2009,NBA,All-Rookie,2nd,Kevin Love,loveke01
2009,NBA,All-Rookie,2nd,D.J. Augustin,augusdj01
2009,NBA,All-Rookie,2nd,Rudy Fernández,fernaru01
2008,NBA,All-Defense,1st,Bruce Bowen,bowenbr01
2008,NBA,All-Defense,1st,Kobe Bryant,bryanko01
2008,NBA,All-Defense,1st,Marcus Camby,cambyma01
2008,NBA,All-Defense,1st,Tim Duncan,duncati01
2008,NBA,All-Defense,1st,Kevin Garnett,garneke01
2008,NBA,All-Defense,2nd,Shane Battier,battish01
2008,NBA,All-Defense,2nd,Raja Bell,bellra01
2008,NBA,All-Defense,2nd,Dwight Howard,howardw01
2008,NBA,All-Defense,2nd,Chris Paul,paulch01
2008,NBA,All-Defense,2nd,Tayshaun Prince,princta01
2008,NBA,All-NBA,1st,Dwight Howard,howardw01
2008,NBA,All-NBA,1st,Kevin Garnett,garneke01
2008,NBA,All-NBA,1st,LeBron James,jamesle01
2008,NBA,All-NBA,1st,Kobe Bryant,bryanko01
2008,NBA,All-NBA,1st,Chris Paul,paulch01
2008,NBA,All-NBA,2nd,Amar'e Stoudemire,stoudam01
2008,NBA,All-NBA,2nd,Tim Duncan,duncati01
2008,NBA,All-NBA,2nd,Dirk Nowitzki,nowitdi01
2008,NBA,All-NBA,2nd,Steve Nash,nashst01
2008,NBA,All-NBA,2nd,Deron Williams,willide01
2008,NBA,All-NBA,3rd,Yao Ming,mingya01
2008,NBA,All-NBA,3rd,Carlos Boozer,boozeca01
2008,NBA,All-NBA,3rd,Paul Pierce,piercpa01
2008,NBA,All-NBA,3rd,Manu Ginóbili,ginobma01
2008,NBA,All-NBA,3rd,Tracy McGrady,mcgratr01
2008,NBA,All-Rookie,1st,Kevin Durant,duranke01
2008,NBA,All-Rookie,1st,Jeff Green,greenje02
2008,NBA,All-Rookie,1st,Al Horford,horfoal01
2008,NBA,All-Rookie,1st,Luis Scola,scolalu01
2008,NBA,All-Rookie,1st,Al Thornton,thornal01
2008,NBA,All-Rookie,2nd,Carl Landry,landrca01
2008,NBA,All-Rookie,2nd,Jamario Moon,moonja01
2008,NBA,All-Rookie,2nd,Juan Carlos Navarro,navarju01
2008,NBA,All-Rookie,2nd,Rodney Stuckey,stuckro01
2008,NBA,All-Rookie,2nd,Thaddeus Young,youngth01
2007,NBA,All-Defense,1st,Raja Bell,bellra01
2007,NBA,All-Defense,1st,Bruce Bowen,bowenbr01
2007,NBA,All-Defense,1st,Kobe Bryant,bryanko01
2007,NBA,All-Defense,1st,Marcus Camby,cambyma01
2007,NBA,All-Defense,1st,Tim Duncan,duncati01
2007,NBA,All-Defense,2nd,Kevin Garnett,garneke01
2007,NBA,All-Defense,2nd,Kirk Hinrich,hinriki01
2007,NBA,All-Defense,2nd,Jason Kidd,kiddja01
2007,NBA,All-Defense,2nd,Tayshaun Prince,princta01
2007,NBA,All-Defense,2nd,Ben Wallace,wallabe01
2007,NBA,All-NBA,1st,Amar'e Stoudemire,stoudam01
2007,NBA,All-NBA,1st,Tim Duncan,duncati01
2007,NBA,All-NBA,1st,Dirk Nowitzki,nowitdi01
2007,NBA,All-NBA,1st,Kobe Bryant,bryanko01
2007,NBA,All-NBA,1st,Steve Nash,nashst01
2007,NBA,All-NBA,2nd,Yao Ming,mingya01
2007,NBA,All-NBA,2nd,Chris Bosh,boshch01
2007,NBA,All-NBA,2nd,LeBron James,jamesle01
2007,NBA,All-NBA,2nd,Gilbert Arenas,arenagi01
2007,NBA,All-NBA,2nd,Tracy McGrady,mcgratr01
2007,NBA,All-NBA,3rd,Dwight Howard,howardw01
2007,NBA,All-NBA,3rd,Carmelo Anthony,anthoca01
2007,NBA,All-NBA,3rd,Kevin Garnett,garneke01
2007,NBA,All-NBA,3rd,Chauncey Billups,billuch01
2007,NBA,All-NBA,3rd,Dwyane Wade,wadedw01
2007,NBA,All-Rookie,1st,Andrea Bargnani,bargnan01
2007,NBA,All-Rookie,1st,Randy Foye,foyera01
2007,NBA,All-Rookie,1st,Rudy Gay,gayru01
2007,NBA,All-Rookie,1st,Brandon Roy,roybr01
2007,NBA,All-Rookie,1st,LaMarcus Aldridge,aldrila01
2007,NBA,All-Rookie,1st,Jorge Garbajosa,garbajo01
2007,NBA,All-Rookie,2nd,Paul Millsap,millspa01
2007,NBA,All-Rookie,2nd,Adam Morrison,morriad01
2007,NBA,All-Rookie,2nd,Craig Smith,smithcr01
2007,NBA,All-Rookie,2nd,Tyrus Thomas,thomaty01
2007,NBA,All-Rookie,2nd,Walter Herrmann,herrmwa01
2007,NBA,All-Rookie,2nd,Rajon Rondo,rondora01
2007,NBA,All-Rookie,2nd,Marcus Williams,willima03
2006,NBA,All-Defense,1st,Metta World Peace,artesro01
2006,NBA,All-Defense,1st,Bruce Bowen,bowenbr01
2006,NBA,All-Defense,1st,Andrei Kirilenko,kirilan01
2006,NBA,All-Defense,1st,Ben Wallace,wallabe01
2006,NBA,All-Defense,1st,Kobe Bryant,bryanko01
2006,NBA,All-Defense,1st,Jason Kidd,kiddja01
2006,NBA,All-Defense,2nd,Chauncey Billups,billuch01
2006,NBA,All-Defense,2nd,Marcus Camby,cambyma01
2006,NBA,All-Defense,2nd,Tim Duncan,duncati01
2006,NBA,All-Defense,2nd,Kevin Garnett,garneke01
2006,NBA,All-Defense,2nd,Tayshaun Prince,princta01
2006,NBA,All-NBA,1st,Shaquille O'Neal,onealsh01
2006,NBA,All-NBA,1st,LeBron James,jamesle01
2006,NBA,All-NBA,1st,Dirk Nowitzki,nowitdi01
2006,NBA,All-NBA,1st,Kobe Bryant,bryanko01
2006,NBA,All-NBA,1st,Steve Nash,nashst01
2006,NBA,All-NBA,2nd,Ben Wallace,wallabe01
2006,NBA,All-NBA,2nd,Elton Brand,brandel01
2006,NBA,All-NBA,2nd,Tim Duncan,duncati01
2006,NBA,All-NBA,2nd,Chauncey Billups,billuch01
2006,NBA,All-NBA,2nd,Dwyane Wade,wadedw01
2006,NBA,All-NBA,3rd,Yao Ming,mingya01
2006,NBA,All-NBA,3rd,Carmelo Anthony,anthoca01
2006,NBA,All-NBA,3rd,Shawn Marion,mariosh01
2006,NBA,All-NBA,3rd,Gilbert Arenas,arenagi01
2006,NBA,All-NBA,3rd,Allen Iverson,iversal01
2006,NBA,All-Rookie,1st,Andrew Bogut,bogutan01
2006,NBA,All-Rookie,1st,Channing Frye,fryech01
2006,NBA,All-Rookie,1st,Chris Paul,paulch01
2006,NBA,All-Rookie,1st,Charlie Villanueva,villach01
2006,NBA,All-Rookie,1st,Deron Williams,willide01
2006,NBA,All-Rookie,2nd,Raymond Felton,feltora01
2006,NBA,All-Rookie,2nd,Ryan Gomes,gomesry01
2006,NBA,All-Rookie,2nd,Danny Granger,grangda01
2006,NBA,All-Rookie,2nd,Luther Head,headlu01
2006,NBA,All-Rookie,2nd,Marvin Williams,willima02
2005,NBA,All-Defense,1st,Bruce Bowen,bowenbr01
2005,NBA,All-Defense,1st,Tim Duncan,duncati01
2005,NBA,All-Defense,1st,Kevin Garnett,garneke01
2005,NBA,All-Defense,1st,Larry Hughes,hughela01
2005,NBA,All-Defense,1st,Ben Wallace,wallabe01
2005,NBA,All-Defense,2nd,Chauncey Billups,billuch01
2005,NBA,All-Defense,2nd,Marcus Camby,cambyma01
2005,NBA,All-Defense,2nd,Andrei Kirilenko,kirilan01
2005,NBA,All-Defense,2nd,Tayshaun Prince,princta01
2005,NBA,All-Defense,2nd,Jason Kidd,kiddja01
2005,NBA,All-Defense,2nd,Dwyane Wade,wadedw01
2005,NBA,All-NBA,1st,Shaquille O'Neal,onealsh01
2005,NBA,All-NBA,1st,Tim Duncan,duncati01
2005,NBA,All-NBA,1st,Dirk Nowitzki,nowitdi01
2005,NBA,All-NBA,1st,Allen Iverson,iversal01
2005,NBA,All-NBA,1st,Steve Nash,nashst01
2005,NBA,All-NBA,2nd,Amar'e Stoudemire,stoudam01
2005,NBA,All-NBA,2nd,Kevin Garnett,garneke01
2005,NBA,All-NBA,2nd,LeBron James,jamesle01
2005,NBA,All-NBA,2nd,Ray Allen,allenra02
2005,NBA,All-NBA,2nd,Dwyane Wade,wadedw01
2005,NBA,All-NBA,3rd,Ben Wallace,wallabe01
2005,NBA,All-NBA,3rd,Shawn Marion,mariosh01
2005,NBA,All-NBA,3rd,Tracy McGrady,mcgratr01
2005,NBA,All-NBA,3rd,Gilbert Arenas,arenagi01
2005,NBA,All-NBA,3rd,Kobe Bryant,bryanko01
2005,NBA,All-Rookie,1st,Luol Deng,denglu01
2005,NBA,All-Rookie,1st,Ben Gordon,gordobe01
2005,NBA,All-Rookie,1st,Dwight Howard,howardw01
2005,NBA,All-Rookie,1st,Andre Iguodala,iguodan01
2005,NBA,All-Rookie,1st,Emeka Okafor,okafoem01
2005,NBA,All-Rookie,2nd,Josh Childress,childjo01
2005,NBA,All-Rookie,2nd,Al Jefferson,jeffeal01
2005,NBA,All-Rookie,2nd,Nenad Krstić,krstine01
2005,NBA,All-Rookie,2nd,Jameer Nelson,nelsoja01
2005,NBA,All-Rookie,2nd,Josh Smith,smithjo03
2004,NBA,All-Defense,1st,Metta World Peace,artesro01
2004,NBA,All-Defense,1st,Bruce Bowen,bowenbr01
2004,NBA,All-Defense,1st,Kobe Bryant,bryanko01
2004,NBA,All-Defense,1st,Kevin Garnett,garneke01
2004,NBA,All-Defense,1st,Ben Wallace,wallabe01
2004,NBA,All-Defense,2nd,Doug Christie,chrisdo01
2004,NBA,All-Defense,2nd,Tim Duncan,duncati01
2004,NBA,All-Defense,2nd,Jason Kidd,kiddja01
2004,NBA,All-Defense,2nd,Andrei Kirilenko,kirilan01
2004,NBA,All-Defense,2nd,Theo Ratliff,ratlith01
2004,NBA,All-NBA,1st,Shaquille O'Neal,onealsh01
2004,NBA,All-NBA,1st,Tim Duncan,duncati01
2004,NBA,All-NBA,1st,Kevin Garnett,garneke01
2004,NBA,All-NBA,1st,Kobe Bryant,bryanko01
2004,NBA,All-NBA,1st,Jason Kidd,kiddja01
2004,NBA,All-NBA,2nd,Ben Wallace,wallabe01
2004,NBA,All-NBA,2nd,Jermaine O'Neal,onealje01
2004,NBA,All-NBA,2nd,Peja Stojaković,stojape01
2004,NBA,All-NBA,2nd,Sam Cassell,cassesa01
2004,NBA,All-NBA,2nd,Tracy McGrady,mcgratr01
2004,NBA,All-NBA,3rd,Yao Ming,mingya01
2004,NBA,All-NBA,3rd,Metta World Peace,artesro01
2004,NBA,All-NBA,3rd,Dirk Nowitzki,nowitdi01
2004,NBA,All-NBA,3rd,Baron Davis,davisba01
2004,NBA,All-NBA,3rd,Michael Redd,reddmi01
2004,NBA,All-Rookie,1st,Carmelo Anthony,anthoca01
2004,NBA,All-Rookie,1st,Chris Bosh,boshch01
2004,NBA,All-Rookie,1st,Kirk Hinrich,hinriki01
2004,NBA,All-Rookie,1st,LeBron James,jamesle01
2004,NBA,All-Rookie,1st,Dwyane Wade,wadedw01
2004,NBA,All-Rookie,2nd,Marquis Daniels,daniema01
2004,NBA,All-Rookie,2nd,T.J. Ford,fordtj01
2004,NBA,All-Rookie,2nd,Udonis Haslem,hasleud01
2004,NBA,All-Rookie,2nd,Jarvis Hayes,hayesja01
2004,NBA,All-Rookie,2nd,Josh Howard,howarjo01
2003,NBA,All-Defense,1st,Kobe Bryant,bryanko01
2003,NBA,All-Defense,1st,Doug Christie,chrisdo01
2003,NBA,All-Defense,1st,Tim Duncan,duncati01
2003,NBA,All-Defense,1st,Kevin Garnett,garneke01
2003,NBA,All-Defense,1st,Ben Wallace,wallabe01
2003,NBA,All-Defense,2nd,Metta World Peace,artesro01
2003,NBA,All-Defense,2nd,Bruce Bowen,bowenbr01
2003,NBA,All-Defense,2nd,Jason Kidd,kiddja01
2003,NBA,All-Defense,2nd,Shaquille O'Neal,onealsh01
2003,NBA,All-Defense,2nd,Eric Snow,snower01
2003,NBA,All-NBA,1st,Shaquille O'Neal,onealsh01
2003,NBA,All-NBA,1st,Tim Duncan,duncati01
2003,NBA,All-NBA,1st,Kevin Garnett,garneke01
2003,NBA,All-NBA,1st,Kobe Bryant,bryanko01
2003,NBA,All-NBA,1st,Tracy McGrady,mcgratr01
2003,NBA,All-NBA,2nd,Ben Wallace,wallabe01
2003,NBA,All-NBA,2nd,Dirk Nowitzki,nowitdi01
2003,NBA,All-NBA,2nd,Chris Webber,webbech01
2003,NBA,All-NBA,2nd,Allen Iverson,iversal01
2003,NBA,All-NBA,2nd,Jason Kidd,kiddja01
2003,NBA,All-NBA,3rd,Jermaine O'Neal,onealje01
2003,NBA,All-NBA,3rd,Jamal Mashburn,mashbja01
2003,NBA,All-NBA,3rd,Paul Pierce,piercpa01
2003,NBA,All-NBA,3rd,Stephon Marbury,marbust01
2003,NBA,All-NBA,3rd,Steve Nash,nashst01
2003,NBA,All-Rookie,1st,Caron Butler,butleca01
2003,NBA,All-Rookie,1st,Drew Gooden,goodedr01
2003,NBA,All-Rookie,1st,Nenê,hilarne01
2003,NBA,All-Rookie,1st,Yao Ming,mingya01
2003,NBA,All-Rookie,1st,Amar'e Stoudemire,stoudam01
2003,NBA,All-Rookie,2nd,Carlos Boozer,boozeca01
2003,NBA,All-Rookie,2nd,J.R. Bremer,bremejr01
2003,NBA,All-Rookie,2nd,Manu Ginóbili,ginobma01
2003,NBA,All-Rookie,2nd,Gordan Giriček,giricgo01
2003,NBA,All-Rookie,2nd,Jay Williams,willija03
2002,NBA,All-Defense,1st,Tim Duncan,duncati01
2002,NBA,All-Defense,1st,Kevin Garnett,garneke01
2002,NBA,All-Defense,1st,Jason Kidd,kiddja01
2002,NBA,All-Defense,1st,Gary Payton,paytoga01
2002,NBA,All-Defense,1st,Ben Wallace,wallabe01
2002,NBA,All-Defense,2nd,Bruce Bowen,bowenbr01
2002,NBA,All-Defense,2nd,Kobe Bryant,bryanko01
2002,NBA,All-Defense,2nd,Doug Christie,chrisdo01
2002,NBA,All-Defense,2nd,Dikembe Mutombo,mutomdi01
2002,NBA,All-Defense,2nd,Clifford Robinson,robincl02
2002,NBA,All-NBA,1st,Shaquille O'Neal,onealsh01
2002,NBA,All-NBA,1st,Tim Duncan,duncati01
2002,NBA,All-NBA,1st,Tracy McGrady,mcgratr01
2002,NBA,All-NBA,1st,Kobe Bryant,bryanko01
2002,NBA,All-NBA,1st,Jason Kidd,kiddja01
2002,NBA,All-NBA,2nd,Dirk Nowitzki,nowitdi01
2002,NBA,All-NBA,2nd,Kevin Garnett,garneke01
2002,NBA,All-NBA,2nd,Chris Webber,webbech01
2002,NBA,All-NBA,2nd,Allen Iverson,iversal01
2002,NBA,All-NBA,2nd,Gary Payton,paytoga01
2002,NBA,All-NBA,3rd,Dikembe Mutombo,mutomdi01
2002,NBA,All-NBA,3rd,Jermaine O'Neal,onealje01
2002,NBA,All-NBA,3rd,Ben Wallace,wallabe01
2002,NBA,All-NBA,3rd,Steve Nash,nashst01
2002,NBA,All-NBA,3rd,Paul Pierce,piercpa01
2002,NBA,All-Rookie,1st,Shane Battier,battish01
2002,NBA,All-Rookie,1st,Pau Gasol,gasolpa01
2002,NBA,All-Rookie,1st,Andrei Kirilenko,kirilan01
2002,NBA,All-Rookie,1st,Tony Parker,parketo01
2002,NBA,All-Rookie,1st,Jason Richardson,richaja01
2002,NBA,All-Rookie,2nd,Eddie Griffin,griffed01
2002,NBA,All-Rookie,2nd,Richard Jefferson,jefferi01
2002,NBA,All-Rookie,2nd,Željko Rebrača,rebraze01
2002,NBA,All-Rookie,2nd,Jamaal Tinsley,tinslja01
2002,NBA,All-Rookie,2nd,Joe Johnson,johnsjo02
2002,NBA,All-Rookie,2nd,Vladimir Radmanović,radmavl01
2001,NBA,All-Defense,1st,Tim Duncan,duncati01
2001,NBA,All-Defense,1st,Kevin Garnett,garneke01
2001,NBA,All-Defense,1st,Jason Kidd,kiddja01
2001,NBA,All-Defense,1st,Dikembe Mutombo,mutomdi01
2001,NBA,All-Defense,1st,Gary Payton,paytoga01
2001,NBA,All-Defense,2nd,Bruce Bowen,bowenbr01
2001,NBA,All-Defense,2nd,P.J. Brown,brownpj01
2001,NBA,All-Defense,2nd,Kobe Bryant,bryanko01
2001,NBA,All-Defense,2nd,Doug Christie,chrisdo01
2001,NBA,All-Defense,2nd,Shaquille O'Neal,onealsh01
2001,NBA,All-NBA,1st,Shaquille O'Neal,onealsh01
2001,NBA,All-NBA,1st,Tim Duncan,duncati01
2001,NBA,All-NBA,1st,Chris Webber,webbech01
2001,NBA,All-NBA,1st,Allen Iverson,iversal01
2001,NBA,All-NBA,1st,Jason Kidd,kiddja01
2001,NBA,All-NBA,2nd,Dikembe Mutombo,mutomdi01
2001,NBA,All-NBA,2nd,Vince Carter,cartevi01
2001,NBA,All-NBA,2nd,Kevin Garnett,garneke01
2001,NBA,All-NBA,2nd,Kobe Bryant,bryanko01
2001,NBA,All-NBA,2nd,Tracy McGrady,mcgratr01
2001,NBA,All-NBA,3rd,David Robinson,robinda01
2001,NBA,All-NBA,3rd,Karl Malone,malonka01
2001,NBA,All-NBA,3rd,Dirk Nowitzki,nowitdi01
2001,NBA,All-NBA,3rd,Ray Allen,allenra02
2001,NBA,All-NBA,3rd,Gary Payton,paytoga01
2001,NBA,All-Rookie,1st,Marc Jackson,jacksma02
2001,NBA,All-Rookie,1st,Kenyon Martin,martike01
2001,NBA,All-Rookie,1st,Darius Miles,milesda01
2001,NBA,All-Rookie,1st,Mike Miller,millemi01
2001,NBA,All-Rookie,1st,Morris Peterson,petermo01
2001,NBA,All-Rookie,2nd,Courtney Alexander,alexaco02
2001,NBA,All-Rookie,2nd,Marcus Fizer,fizerma01
2001,NBA,All-Rookie,2nd,Desmond Mason,masonde01
2001,NBA,All-Rookie,2nd,Chris Mihm,mihmch01
2001,NBA,All-Rookie,2nd,Hedo Türkoğlu,turkohe01
2000,NBA,All-Defense,1st,Kobe Bryant,bryanko01
2000,NBA,All-Defense,1st,Tim Duncan,duncati01
2000,NBA,All-Defense,1st,Kevin Garnett,garneke01
2000,NBA,All-Defense,1st,Alonzo Mourning,mournal01
2000,NBA,All-Defense,1st,Gary Payton,paytoga01
2000,NBA,All-Defense,2nd,Eddie Jones,jonesed02
2000,NBA,All-Defense,2nd,Jason Kidd,kiddja01
2000,NBA,All-Defense,2nd,Shaquille O'Neal,onealsh01
2000,NBA,All-Defense,2nd,Scottie Pippen,pippesc01
2000,NBA,All-Defense,2nd,Clifford Robinson,robincl02
2000,NBA,All-NBA,1st,Shaquille O'Neal,onealsh01
2000,NBA,All-NBA,1st,Tim Duncan,duncati01
2000,NBA,All-NBA,1st,Kevin Garnett,garneke01
2000,NBA,All-NBA,1st,Jason Kidd,kiddja01
2000,NBA,All-NBA,1st,Gary Payton,paytoga01
2000,NBA,All-NBA,2nd,Alonzo Mourning,mournal01
2000,NBA,All-NBA,2nd,Grant Hill,hillgr01
2000,NBA,All-NBA,2nd,Karl Malone,malonka01
2000,NBA,All-NBA,2nd,Kobe Bryant,bryanko01
2000,NBA,All-NBA,2nd,Allen Iverson,iversal01
2000,NBA,All-NBA,3rd,David Robinson,robinda01
2000,NBA,All-NBA,3rd,Vince Carter,cartevi01
2000,NBA,All-NBA,3rd,Chris Webber,webbech01
2000,NBA,All-NBA,3rd,Eddie Jones,jonesed02
2000,NBA,All-NBA,3rd,Stephon Marbury,marbust01
2000,NBA,All-Rookie,1st,Elton Brand,brandel01
2000,NBA,All-Rookie,1st,Steve Francis,francst01
2000,NBA,All-Rookie,1st,Andre Miller,millean02
2000,NBA,All-Rookie,1st,Lamar Odom,odomla01
2000,NBA,All-Rookie,1st,Wally Szczerbiak,szczewa02
2000,NBA,All-Rookie,2nd,Metta World Peace,artesro01
2000,NBA,All-Rookie,2nd,Chucky Atkins,atkinch01
2000,NBA,All-Rookie,2nd,Shawn Marion,mariosh01
2000,NBA,All-Rookie,2nd,James Posey,poseyja01
2000,NBA,All-Rookie,2nd,Jason Terry,terryja01
1999,NBA,All-Defense,1st,Tim Duncan,duncati01
1999,NBA,All-Defense,1st,Jason Kidd,kiddja01
1999,NBA,All-Defense,1st,Alonzo Mourning,mournal01
1999,NBA,All-Defense,1st,Gary Payton,paytoga01
1999,NBA,All-Defense,1st,Karl Malone,malonka01
1999,NBA,All-Defense,1st,Scottie Pippen,pippesc01
1999,NBA,All-Defense,2nd,Mookie Blaylock,blaylmo01
1999,NBA,All-Defense,2nd,P.J. Brown,brownpj01
1999,NBA,All-Defense,2nd,Eddie Jones,jonesed02
1999,NBA,All-Defense,2nd,Dikembe Mutombo,mutomdi01
1999,NBA,All-Defense,2nd,Theo Ratliff,ratlith01
1999,NBA,All-NBA,1st,Alonzo Mourning,mournal01
1999,NBA,All-NBA,1st,Tim Duncan,duncati01
1999,NBA,All-NBA,1st,Karl Malone,malonka01
1999,NBA,All-NBA,1st,Allen Iverson,iversal01
1999,NBA,All-NBA,1st,Jason Kidd,kiddja01
1999,NBA,All-NBA,2nd,Shaquille O'Neal,onealsh01
1999,NBA,All-NBA,2nd,Grant Hill,hillgr01
1999,NBA,All-NBA,2nd,Chris Webber,webbech01
1999,NBA,All-NBA,2nd,Tim Hardaway,hardati01
1999,NBA,All-NBA,2nd,Gary Payton,paytoga01
1999,NBA,All-NBA,3rd,Hakeem Olajuwon,olajuha01
1999,NBA,All-NBA,3rd,Kevin Garnett,garneke01
1999,NBA,All-NBA,3rd,Antonio McDyess,mcdyean01
1999,NBA,All-NBA,3rd,Kobe Bryant,bryanko01
1999,NBA,All-NBA,3rd,John Stockton,stockjo01
1999,NBA,All-Rookie,1st,Mike Bibby,bibbymi01
1999,NBA,All-Rookie,1st,Vince Carter,cartevi01
1999,NBA,All-Rookie,1st,Matt Harpring,harprma01
1999,NBA,All-Rookie,1st,Paul Pierce,piercpa01
1999,NBA,All-Rookie,1st,Jason Williams,willija02
1999,NBA,All-Rookie,2nd,Michael Dickerson,dickemi01
1999,NBA,All-Rookie,2nd,Michael Doleac,doleami01
1999,NBA,All-Rookie,2nd,Antawn Jamison,jamisan01
1999,NBA,All-Rookie,2nd,Cuttino Mobley,moblecu01
1999,NBA,All-Rookie,2nd,Michael Olowokandi,olowomi01
1998,NBA,All-Defense,1st,Michael Jordan,jordami01
1998,NBA,All-Defense,1st,Karl Malone,malonka01
1998,NBA,All-Defense,1st,Dikembe Mutombo,mutomdi01
1998,NBA,All-Defense,1st,Gary Payton,paytoga01
1998,NBA,All-Defense,1st,Scottie Pippen,pippesc01
1998,NBA,All-Defense,2nd,Mookie Blaylock,blaylmo01
1998,NBA,All-Defense,2nd,Tim Duncan,duncati01
1998,NBA,All-Defense,2nd,Eddie Jones,jonesed02
1998,NBA,All-Defense,2nd,Charles Oakley,oaklech01
1998,NBA,All-Defense,2nd,David Robinson,robinda01
1998,NBA,All-NBA,1st,Shaquille O'Neal,onealsh01
1998,NBA,All-NBA,1st,Tim Duncan,duncati01
1998,NBA,All-NBA,1st,Karl Malone,malonka01
1998,NBA,All-NBA,1st,Michael Jordan,jordami01
1998,NBA,All-NBA,1st,Gary Payton,paytoga01
1998,NBA,All-NBA,2nd,David Robinson,robinda01
1998,NBA,All-NBA,2nd,Vin Baker,bakervi01
1998,NBA,All-NBA,2nd,Grant Hill,hillgr01
1998,NBA,All-NBA,2nd,Tim Hardaway,hardati01
1998,NBA,All-NBA,2nd,Rod Strickland,stricro02
1998,NBA,All-NBA,3rd,Dikembe Mutombo,mutomdi01
1998,NBA,All-NBA,3rd,Scottie Pippen,pippesc01
1998,NBA,All-NBA,3rd,Glen Rice,ricegl01
1998,NBA,All-NBA,3rd,Reggie Miller,millere01
1998,NBA,All-NBA,3rd,Mitch Richmond,richmmi01
1998,NBA,All-Rookie,1st,Tim Duncan,duncati01
1998,NBA,All-Rookie,1st,Zydrunas Ilgauskas,ilgauzy01
1998,NBA,All-Rookie,1st,Brevin Knight,knighbr01
1998,NBA,All-Rookie,1st,Ron Mercer,mercero01
1998,NBA,All-Rookie,1st,Keith Van Horn,vanhoke01
1998,NBA,All-Rookie,2nd,Derek Anderson,anderde01
1998,NBA,All-Rookie,2nd,Cedric Henderson,hendece02
1998,NBA,All-Rookie,2nd,Bobby Jackson,jacksbo01
1998,NBA,All-Rookie,2nd,Maurice Taylor,tayloma01
1998,NBA,All-Rookie,2nd,Tim Thomas,thomati01
1997,NBA,All-Defense,1st,Michael Jordan,jordami01
1997,NBA,All-Defense,1st,Karl Malone,malonka01
1997,NBA,All-Defense,1st,Dikembe Mutombo,mutomdi01
1997,NBA,All-Defense,1st,Gary Payton,paytoga01
1997,NBA,All-Defense,1st,Scottie Pippen,pippesc01
1997,NBA,All-Defense,2nd,Mookie Blaylock,blaylmo01
1997,NBA,All-Defense,2nd,P.J. Brown,brownpj01
1997,NBA,All-Defense,2nd,Anthony Mason,masonan01
1997,NBA,All-Defense,2nd,Hakeem Olajuwon,olajuha01
1997,NBA,All-Defense,2nd,John Stockton,stockjo01
1997,NBA,All-NBA,1st,Hakeem Olajuwon,olajuha01
1997,NBA,All-NBA,1st,Grant Hill,hillgr01
1997,NBA,All-NBA,1st,Karl Malone,malonka01
1997,NBA,All-NBA,1st,Tim Hardaway,hardati01
1997,NBA,All-NBA,1st,Michael Jordan,jordami01
1997,NBA,All-NBA,2nd,Patrick Ewing,ewingpa01
1997,NBA,All-NBA,2nd,Scottie Pippen,pippesc01
1997,NBA,All-NBA,2nd,Glen Rice,ricegl01
1997,NBA,All-NBA,2nd,Gary Payton,paytoga01
1997,NBA,All-NBA,2nd,Mitch Richmond,richmmi01
1997,NBA,All-NBA,3rd,Shaquille O'Neal,onealsh01
1997,NBA,All-NBA,3rd,Vin Baker,bakervi01
1997,NBA,All-NBA,3rd,Anthony Mason,masonan01
1997,NBA,All-NBA,3rd,Anfernee Hardaway,hardaan01
1997,NBA,All-NBA,3rd,John Stockton,stockjo01
1997,NBA,All-Rookie,1st,Shareef Abdur-Rahim,abdursh01
1997,NBA,All-Rookie,1st,Marcus Camby,cambyma01
1997,NBA,All-Rookie,1st,Allen Iverson,iversal01
1997,NBA,All-Rookie,1st,Stephon Marbury,marbust01
1997,NBA,All-Rookie,1st,Antoine Walker,walkean02
1997,NBA,All-Rookie,2nd,Ray Allen,allenra02
1997,NBA,All-Rookie,2nd,Kobe Bryant,bryanko01
1997,NBA,All-Rookie,2nd,Kerry Kittles,kittlke01
1997,NBA,All-Rookie,2nd,Travis Knight,knightr01
1997,NBA,All-Rookie,2nd,Matt Maloney,malonma01
1996,NBA,All-Defense,1st,Michael Jordan,jordami01
1996,NBA,All-Defense,1st,Gary Payton,paytoga01
1996,NBA,All-Defense,1st,Scottie Pippen,pippesc01
1996,NBA,All-Defense,1st,David Robinson,robinda01
1996,NBA,All-Defense,1st,Dennis Rodman,rodmade01
1996,NBA,All-Defense,2nd,Mookie Blaylock,blaylmo01
1996,NBA,All-Defense,2nd,Horace Grant,grantho01
1996,NBA,All-Defense,2nd,Derrick McKey,mckeyde01
1996,NBA,All-Defense,2nd,Hakeem Olajuwon,olajuha01
1996,NBA,All-Defense,2nd,Bobby Phills,phillbo01
1996,NBA,All-NBA,1st,David Robinson,robinda01
1996,NBA,All-NBA,1st,Karl Malone,malonka01
1996,NBA,All-NBA,1st,Scottie Pippen,pippesc01
1996,NBA,All-NBA,1st,Anfernee Hardaway,hardaan01
1996,NBA,All-NBA,1st,Michael Jordan,jordami01
1996,NBA,All-NBA,2nd,Hakeem Olajuwon,olajuha01
1996,NBA,All-NBA,2nd,Grant Hill,hillgr01
1996,NBA,All-NBA,2nd,Shawn Kemp,kempsh01
1996,NBA,All-NBA,2nd,Gary Payton,paytoga01
1996,NBA,All-NBA,2nd,John Stockton,stockjo01
1996,NBA,All-NBA,3rd,Shaquille O'Neal,onealsh01
1996,NBA,All-NBA,3rd,Charles Barkley,barklch01
1996,NBA,All-NBA,3rd,Juwan Howard,howarju01
1996,NBA,All-NBA,3rd,Reggie Miller,millere01
1996,NBA,All-NBA,3rd,Mitch Richmond,richmmi01
1996,NBA,All-Rookie,1st,Antonio McDyess,mcdyean01
1996,NBA,All-Rookie,1st,Joe Smith,smithjo02
1996,NBA,All-Rookie,1st,Jerry Stackhouse,stackje01
1996,NBA,All-Rookie,1st,Damon Stoudamire,stoudda01
1996,NBA,All-Rookie,1st,Michael Finley,finlemi01
1996,NBA,All-Rookie,1st,Arvydas Sabonis,sabonar01
1996,NBA,All-Rookie,2nd,Brent Barry,barrybr01
1996,NBA,All-Rookie,2nd,Tyus Edney,edneyty01
1996,NBA,All-Rookie,2nd,Kevin Garnett,garneke01
1996,NBA,All-Rookie,2nd,Bryant Reeves,reevebr01
1996,NBA,All-Rookie,2nd,Rasheed Wallace,wallara01
1995,NBA,All-Defense,1st,Mookie Blaylock,blaylmo01
1995,NBA,All-Defense,1st,Gary Payton,paytoga01
1995,NBA,All-Defense,1st,Scottie Pippen,pippesc01
1995,NBA,All-Defense,1st,David Robinson,robinda01
1995,NBA,All-Defense,1st,Dennis Rodman,rodmade01
1995,NBA,All-Defense,2nd,Horace Grant,grantho01
1995,NBA,All-Defense,2nd,Derrick McKey,mckeyde01
1995,NBA,All-Defense,2nd,Nate McMillan,mcmilna01
1995,NBA,All-Defense,2nd,Dikembe Mutombo,mutomdi01
1995,NBA,All-Defense,2nd,John Stockton,stockjo01
1995,NBA,All-NBA,1st,David Robinson,robinda01
1995,NBA,All-NBA,1st,Karl Malone,malonka01
1995,NBA,All-NBA,1st,Scottie Pippen,pippesc01
1995,NBA,All-NBA,1st,Anfernee Hardaway,hardaan01
1995,NBA,All-NBA,1st,John Stockton,stockjo01
1995,NBA,All-NBA,2nd,Shaquille O'Neal,onealsh01
1995,NBA,All-NBA,2nd,Charles Barkley,barklch01
1995,NBA,All-NBA,2nd,Shawn Kemp,kempsh01
1995,NBA,All-NBA,2nd,Gary Payton,paytoga01
1995,NBA,All-NBA,2nd,Mitch Richmond,richmmi01
1995,NBA,All-NBA,3rd,Hakeem Olajuwon,olajuha01
1995,NBA,All-NBA,3rd,Dennis Rodman,rodmade01
1995,NBA,All-NBA,3rd,Detlef Schrempf,schrede01
1995,NBA,All-NBA,3rd,Clyde Drexler,drexlcl01
1995,NBA,All-NBA,3rd,Reggie Miller,millere01
1995,NBA,All-Rookie,1st,Brian Grant,grantbr01
1995,NBA,All-Rookie,1st,Grant Hill,hillgr01
1995,NBA,All-Rookie,1st,Eddie Jones,jonesed02
1995,NBA,All-Rookie,1st,Jason Kidd,kiddja01
1995,NBA,All-Rookie,1st,Glenn Robinson,robingl01
1995,NBA,All-Rookie,2nd,Juwan Howard,howarju01
1995,NBA,All-Rookie,2nd,Eric Montross,montrer01
1995,NBA,All-Rookie,2nd,Wesley Person,persowe01
1995,NBA,All-Rookie,2nd,Jalen Rose,roseja01
1995,NBA,All-Rookie,2nd,Donyell Marshall,marshdo01
1995,NBA,All-Rookie,2nd,Sharone Wright,wrighsh01
1994,NBA,All-Defense,1st,Mookie Blaylock,blaylmo01
1994,NBA,All-Defense,1st,Charles Oakley,oaklech01
1994,NBA,All-Defense,1st,Hakeem Olajuwon,olajuha01
1994,NBA,All-Defense,1st,Gary Payton,paytoga01
1994,NBA,All-Defense,1st,Scottie Pippen,pippesc01
1994,NBA,All-Defense,2nd,Horace Grant,grantho01
1994,NBA,All-Defense,2nd,Nate McMillan,mcmilna01
1994,NBA,All-Defense,2nd,David Robinson,robinda01
1994,NBA,All-Defense,2nd,Dennis Rodman,rodmade01
1994,NBA,All-Defense,2nd,Latrell Sprewell,sprewla01
1994,NBA,All-NBA,1st,Hakeem Olajuwon,olajuha01
1994,NBA,All-NBA,1st,Karl Malone,malonka01
1994,NBA,All-NBA,1st,Scottie Pippen,pippesc01
1994,NBA,All-NBA,1st,Latrell Sprewell,sprewla01
1994,NBA,All-NBA,1st,John Stockton,stockjo01
1994,NBA,All-NBA,2nd,David Robinson,robinda01
1994,NBA,All-NBA,2nd,Charles Barkley,barklch01
1994,NBA,All-NBA,2nd,Shawn Kemp,kempsh01
1994,NBA,All-NBA,2nd,Kevin Johnson,johnske02
1994,NBA,All-NBA,2nd,Mitch Richmond,richmmi01
1994,NBA,All-NBA,3rd,Shaquille O'Neal,onealsh01
1994,NBA,All-NBA,3rd,Derrick Coleman,colemde01
1994,NBA,All-NBA,3rd,Dominique Wilkins,wilkido01
1994,NBA,All-NBA,3rd,Gary Payton,paytoga01
1994,NBA,All-NBA,3rd,Mark Price,pricema01
1994,NBA,All-Rookie,1st,Vin Baker,bakervi01
1994,NBA,All-Rookie,1st,Anfernee Hardaway,hardaan01
1994,NBA,All-Rookie,1st,Jamal Mashburn,mashbja01
1994,NBA,All-Rookie,1st,Isaiah Rider,rideris01
1994,NBA,All-Rookie,1st,Chris Webber,webbech01
1994,NBA,All-Rookie,2nd,Shawn Bradley,bradlsh01
1994,NBA,All-Rookie,2nd,Lindsey Hunter,hunteli01
1994,NBA,All-Rookie,2nd,Toni Kukoč,kukocto01
1994,NBA,All-Rookie,2nd,Dino Radja,radjadi01
1994,NBA,All-Rookie,2nd,Nick Van Exel,vanexni01
1993,NBA,All-Defense,1st,Joe Dumars,dumarjo01
1993,NBA,All-Defense,1st,Michael Jordan,jordami01
1993,NBA,All-Defense,1st,Hakeem Olajuwon,olajuha01
1993,NBA,All-Defense,1st,Scottie Pippen,pippesc01
1993,NBA,All-Defense,1st,Dennis Rodman,rodmade01
1993,NBA,All-Defense,2nd,Horace Grant,grantho01
1993,NBA,All-Defense,2nd,Dan Majerle,majerda01
1993,NBA,All-Defense,2nd,Larry Nance,nancela01
1993,NBA,All-Defense,2nd,David Robinson,robinda01
1993,NBA,All-Defense,2nd,John Starks,starkjo01
1993,NBA,All-NBA,1st,Hakeem Olajuwon,olajuha01
1993,NBA,All-NBA,1st,Charles Barkley,barklch01
1993,NBA,All-NBA,1st,Karl Malone,malonka01
1993,NBA,All-NBA,1st,Michael Jordan,jordami01
1993,NBA,All-NBA,1st,Mark Price,pricema01
1993,NBA,All-NBA,2nd,Patrick Ewing,ewingpa01
1993,NBA,All-NBA,2nd,Larry Johnson,johnsla02
1993,NBA,All-NBA,2nd,Dominique Wilkins,wilkido01
1993,NBA,All-NBA,2nd,Joe Dumars,dumarjo01
1993,NBA,All-NBA,2nd,John Stockton,stockjo01
1993,NBA,All-NBA,3rd,David Robinson,robinda01
1993,NBA,All-NBA,3rd,Derrick Coleman,colemde01
1993,NBA,All-NBA,3rd,Scottie Pippen,pippesc01
1993,NBA,All-NBA,3rd,Tim Hardaway,hardati01
1993,NBA,All-NBA,3rd,Dražen Petrović,petrodr01
1993,NBA,All-Rookie,1st,LaPhonso Ellis,ellisla01
1993,NBA,All-Rookie,1st,Tom Gugliotta,guglito01
1993,NBA,All-Rookie,1st,Christian Laettner,laettch01
1993,NBA,All-Rookie,1st,Alonzo Mourning,mournal01
1993,NBA,All-Rookie,1st,Shaquille O'Neal,onealsh01
1993,NBA,All-Rookie,2nd,Richard Dumas,dumasri02
1993,NBA,All-Rookie,2nd,Robert Horry,horryro01
1993,NBA,All-Rookie,2nd,Latrell Sprewell,sprewla01
1993,NBA,All-Rookie,2nd,Clarence Weatherspoon,weathcl01
1993,NBA,All-Rookie,2nd,Walt Williams,williwa02
1992,NBA,All-Defense,1st,Joe Dumars,dumarjo01
1992,NBA,All-Defense,1st,Michael Jordan,jordami01
1992,NBA,All-Defense,1st,Scottie Pippen,pippesc01
1992,NBA,All-Defense,1st,David Robinson,robinda01
1992,NBA,All-Defense,1st,Dennis Rodman,rodmade01
1992,NBA,All-Defense,2nd,Patrick Ewing,ewingpa01
1992,NBA,All-Defense,2nd,Larry Nance,nancela01
1992,NBA,All-Defense,2nd,John Stockton,stockjo01
1992,NBA,All-Defense,2nd,Buck Williams,willibu01
1992,NBA,All-Defense,2nd,Micheal Williams,willimi02
1992,NBA,All-NBA,1st,David Robinson,robinda01
1992,NBA,All-NBA,1st,Karl Malone,malonka01
1992,NBA,All-NBA,1st,Chris Mullin,mullich01
1992,NBA,All-NBA,1st,Clyde Drexler,drexlcl01
1992,NBA,All-NBA,1st,Michael Jordan,jordami01
1992,NBA,All-NBA,2nd,Patrick Ewing,ewingpa01
1992,NBA,All-NBA,2nd,Charles Barkley,barklch01
1992,NBA,All-NBA,2nd,Scottie Pippen,pippesc01
1992,NBA,All-NBA,2nd,Tim Hardaway,hardati01
1992,NBA,All-NBA,2nd,John Stockton,stockjo01
1992,NBA,All-NBA,3rd,Brad Daugherty,daughbr01
1992,NBA,All-NBA,3rd,Dennis Rodman,rodmade01
1992,NBA,All-NBA,3rd,Kevin Willis,willike02
1992,NBA,All-NBA,3rd,Kevin Johnson,johnske02
1992,NBA,All-NBA,3rd,Mark Price,pricema01
1992,NBA,All-Rookie,1st,Stacey Augmon,augmost01
1992,NBA,All-Rookie,1st,Larry Johnson,johnsla02
1992,NBA,All-Rookie,1st,Dikembe Mutombo,mutomdi01
1992,NBA,All-Rookie,1st,Billy Owens,owensbi01
1992,NBA,All-Rookie,1st,Steve Smith,smithst01
1992,NBA,All-Rookie,2nd,Terrell Brandon,brandte01
1992,NBA,All-Rookie,2nd,Rick Fox,foxri01
1992,NBA,All-Rookie,2nd,Mark Macon,maconma01
1992,NBA,All-Rookie,2nd,Stanley Roberts,roberst01
1992,NBA,All-Rookie,2nd,Larry Stewart,stewala01
1991,NBA,All-Defense,1st,Michael Jordan,jordami01
1991,NBA,All-Defense,1st,Alvin Robertson,roberal01
1991,NBA,All-Defense,1st,David Robinson,robinda01
1991,NBA,All-Defense,1st,Dennis Rodman,rodmade01
1991,NBA,All-Defense,1st,Buck Williams,willibu01
1991,NBA,All-Defense,2nd,Joe Dumars,dumarjo01
1991,NBA,All-Defense,2nd,Dan Majerle,majerda01
1991,NBA,All-Defense,2nd,Hakeem Olajuwon,olajuha01
1991,NBA,All-Defense,2nd,Scottie Pippen,pippesc01
1991,NBA,All-Defense,2nd,John Stockton,stockjo01
1991,NBA,All-NBA,1st,David Robinson,robinda01
1991,NBA,All-NBA,1st,Charles Barkley,barklch01
1991,NBA,All-NBA,1st,Karl Malone,malonka01
1991,NBA,All-NBA,1st,Magic Johnson,johnsma02
1991,NBA,All-NBA,1st,Michael Jordan,jordami01
1991,NBA,All-NBA,2nd,Patrick Ewing,ewingpa01
1991,NBA,All-NBA,2nd,Chris Mullin,mullich01
1991,NBA,All-NBA,2nd,Dominique Wilkins,wilkido01
1991,NBA,All-NBA,2nd,Clyde Drexler,drexlcl01
1991,NBA,All-NBA,2nd,Kevin Johnson,johnske02
1991,NBA,All-NBA,3rd,Hakeem Olajuwon,olajuha01
1991,NBA,All-NBA,3rd,Bernard King,kingbe01
1991,NBA,All-NBA,3rd,James Worthy,worthja01
1991,NBA,All-NBA,3rd,Joe Dumars,dumarjo01
1991,NBA,All-NBA,3rd,John Stockton,stockjo01
1991,NBA,All-Rookie,1st,Dee Brown,brownde01
1991,NBA,All-Rookie,1st,Derrick Coleman,colemde01
1991,NBA,All-Rookie,1st,Kendall Gill,gillke01
1991,NBA,All-Rookie,1st,Dennis Scott,scottde01
1991,NBA,All-Rookie,1st,Lionel Simmons,simmoli01
1991,NBA,All-Rookie,2nd,Mahmoud Abdul-Rauf,abdulma02
1991,NBA,All-Rookie,2nd,Willie Burton,burtowi01
1991,NBA,All-Rookie,2nd,Travis Mays,maystr01
1991,NBA,All-Rookie,2nd,Gary Payton,paytoga01
1991,NBA,All-Rookie,2nd,Felton Spencer,spencfe01
1990,NBA,All-Defense,1st,Joe Dumars,dumarjo01
1990,NBA,All-Defense,1st,Michael Jordan,jordami01
1990,NBA,All-Defense,1st,Hakeem Olajuwon,olajuha01
1990,NBA,All-Defense,1st,Dennis Rodman,rodmade01
1990,NBA,All-Defense,1st,Buck Williams,willibu01
1990,NBA,All-Defense,2nd,Derek Harper,harpede01
1990,NBA,All-Defense,2nd,Rick Mahorn,mahorri01
1990,NBA,All-Defense,2nd,Kevin McHale,mchalke01
1990,NBA,All-Defense,2nd,Alvin Robertson,roberal01
1990,NBA,All-Defense,2nd,David Robinson,robinda01
1990,NBA,All-NBA,1st,Patrick Ewing,ewingpa01
1990,NBA,All-NBA,1st,Charles Barkley,barklch01
1990,NBA,All-NBA,1st,Karl Malone,malonka01
1990,NBA,All-NBA,1st,Magic Johnson,johnsma02
1990,NBA,All-NBA,1st,Michael Jordan,jordami01
1990,NBA,All-NBA,2nd,Hakeem Olajuwon,olajuha01
1990,NBA,All-NBA,2nd,Larry Bird,birdla01
1990,NBA,All-NBA,2nd,Tom Chambers,chambto01
1990,NBA,All-NBA,2nd,Kevin Johnson,johnske02
1990,NBA,All-NBA,2nd,John Stockton,stockjo01
1990,NBA,All-NBA,3rd,David Robinson,robinda01
1990,NBA,All-NBA,3rd,Chris Mullin,mullich01
1990,NBA,All-NBA,3rd,James Worthy,worthja01
1990,NBA,All-NBA,3rd,Clyde Drexler,drexlcl01
1990,NBA,All-NBA,3rd,Joe Dumars,dumarjo01
1990,NBA,All-Rookie,1st,Vlade Divac,divacvl01
1990,NBA,All-Rookie,1st,Sherman Douglas,douglsh01
1990,NBA,All-Rookie,1st,Tim Hardaway,hardati01
1990,NBA,All-Rookie,1st,Pooh Richardson,richapo01
1990,NBA,All-Rookie,1st,David Robinson,robinda01
1990,NBA,All-Rookie,2nd,Blue Edwards,edwarbl01
1990,NBA,All-Rookie,2nd,Sean Elliott,elliose01
1990,NBA,All-Rookie,2nd,Stacey King,kingst01
1990,NBA,All-Rookie,2nd,J.R. Reid,reidjr01
1990,NBA,All-Rookie,2nd,Glen Rice,ricegl01
1989,NBA,All-Defense,1st,Joe Dumars,dumarjo01
1989,NBA,All-Defense,1st,Mark Eaton,eatonma01
1989,NBA,All-Defense,1st,Michael Jordan,jordami01
1989,NBA,All-Defense,1st,Larry Nance,nancela01
1989,NBA,All-Defense,1st,Dennis Rodman,rodmade01
1989,NBA,All-Defense,2nd,Patrick Ewing,ewingpa01
1989,NBA,All-Defense,2nd,A.C. Green,greenac01
1989,NBA,All-Defense,2nd,Kevin McHale,mchalke01
1989,NBA,All-Defense,2nd,Alvin Robertson,roberal01
1989,NBA,All-Defense,2nd,John Stockton,stockjo01
1989,NBA,All-NBA,1st,Hakeem Olajuwon,olajuha01
1989,NBA,All-NBA,1st,Charles Barkley,barklch01
1989,NBA,All-NBA,1st,Karl Malone,malonka01
1989,NBA,All-NBA,1st,Magic Johnson,johnsma02
1989,NBA,All-NBA,1st,Michael Jordan,jordami01
1989,NBA,All-NBA,2nd,Patrick Ewing,ewingpa01
1989,NBA,All-NBA,2nd,Tom Chambers,chambto01
1989,NBA,All-NBA,2nd,Chris Mullin,mullich01
1989,NBA,All-NBA,2nd,Kevin Johnson,johnske02
1989,NBA,All-NBA,2nd,John Stockton,stockjo01
1989,NBA,All-NBA,3rd,Robert Parish,parisro01
1989,NBA,All-NBA,3rd,Terry Cummings,cummite01
1989,NBA,All-NBA,3rd,Dominique Wilkins,wilkido01
1989,NBA,All-NBA,3rd,Dale Ellis,ellisda01
1989,NBA,All-NBA,3rd,Mark Price,pricema01
1989,NBA,All-Rookie,1st,Willie Anderson,anderwi01
1989,NBA,All-Rookie,1st,Hersey Hawkins,hawkihe01
1989,NBA,All-Rookie,1st,Mitch Richmond,richmmi01
1989,NBA,All-Rookie,1st,Charles Smith,smithch01
1989,NBA,All-Rookie,1st,Rik Smits,smitsri01
1988,NBA,All-Defense,1st,Michael Cooper,coopemi01
1988,NBA,All-Defense,1st,Michael Jordan,jordami01
1988,NBA,All-Defense,1st,Rodney McCray,mccraro01
1988,NBA,All-Defense,1st,Kevin McHale,mchalke01
1988,NBA,All-Defense,1st,Hakeem Olajuwon,olajuha01
1988,NBA,All-Defense,2nd,Fat Lever,leverfa01
1988,NBA,All-Defense,2nd,Karl Malone,malonka01
1988,NBA,All-Defense,2nd,Alvin Robertson,roberal01
1988,NBA,All-Defense,2nd,Buck Williams,willibu01
1988,NBA,All-Defense,2nd,Mark Eaton,eatonma01
1988,NBA,All-Defense,2nd,Patrick Ewing,ewingpa01
1988,NBA,All-NBA,1st,Hakeem Olajuwon,olajuha01
1988,NBA,All-NBA,1st,Charles Barkley,barklch01
1988,NBA,All-NBA,1st,Larry Bird,birdla01
1988,NBA,All-NBA,1st,Magic Johnson,johnsma02
1988,NBA,All-NBA,1st,Michael Jordan,jordami01
1988,NBA,All-NBA,2nd,Patrick Ewing,ewingpa01
1988,NBA,All-NBA,2nd,Karl Malone,malonka01
1988,NBA,All-NBA,2nd,Dominique Wilkins,wilkido01
1988,NBA,All-NBA,2nd,Clyde Drexler,drexlcl01
1988,NBA,All-NBA,2nd,John Stockton,stockjo01
1988,NBA,All-Rookie,1st,Greg Anderson,andergr01
1988,NBA,All-Rookie,1st,Armen Gilliam,gilliar01
1988,NBA,All-Rookie,1st,Mark Jackson,jacksma01
1988,NBA,All-Rookie,1st,Derrick McKey,mckeyde01
1988,NBA,All-Rookie,1st,Kenny Smith,smithke01
1987,NBA,All-Defense,1st,Michael Cooper,coopemi01
1987,NBA,All-Defense,1st,Dennis Johnson,johnsde01
1987,NBA,All-Defense,1st,Kevin McHale,mchalke01
1987,NBA,All-Defense,1st,Hakeem Olajuwon,olajuha01
1987,NBA,All-Defense,1st,Alvin Robertson,roberal01
1987,NBA,All-Defense,2nd,Maurice Cheeks,cheekma01
1987,NBA,All-Defense,2nd,Mark Eaton,eatonma01
1987,NBA,All-Defense,2nd,Derek Harper,harpede01
1987,NBA,All-Defense,2nd,Rodney McCray,mccraro01
1987,NBA,All-Defense,2nd,Paul Pressey,presspa01
1987,NBA,All-NBA,1st,Hakeem Olajuwon,olajuha01
1987,NBA,All-NBA,1st,Larry Bird,birdla01
1987,NBA,All-NBA,1st,Kevin McHale,mchalke01
1987,NBA,All-NBA,1st,Magic Johnson,johnsma02
1987,NBA,All-NBA,1st,Michael Jordan,jordami01
1987,NBA,All-NBA,2nd,Moses Malone,malonmo01
1987,NBA,All-NBA,2nd,Charles Barkley,barklch01
1987,NBA,All-NBA,2nd,Dominique Wilkins,wilkido01
1987,NBA,All-NBA,2nd,Fat Lever,leverfa01
1987,NBA,All-NBA,2nd,Isiah Thomas,thomais01
1987,NBA,All-Rookie,1st,Brad Daugherty,daughbr01
1987,NBA,All-Rookie,1st,Ron Harper,harpero01
1987,NBA,All-Rookie,1st,Chuck Person,persoch01
1987,NBA,All-Rookie,1st,Roy Tarpley,tarplro01
1987,NBA,All-Rookie,1st,Hot Rod Williams,williho01
1986,NBA,All-Defense,1st,Maurice Cheeks,cheekma01
1986,NBA,All-Defense,1st,Mark Eaton,eatonma01
1986,NBA,All-Defense,1st,Kevin McHale,mchalke01
1986,NBA,All-Defense,1st,Sidney Moncrief,moncrsi01
1986,NBA,All-Defense,1st,Paul Pressey,presspa01
1986,NBA,All-Defense,2nd,Manute Bol,bolma01
1986,NBA,All-Defense,2nd,Michael Cooper,coopemi01
1986,NBA,All-Defense,2nd,Bill Hanzlik,hanzlbi01
1986,NBA,All-Defense,2nd,Dennis Johnson,johnsde01
1986,NBA,All-Defense,2nd,Alvin Robertson,roberal01
1986,NBA,All-NBA,1st,Kareem Abdul-Jabbar,abdulka01
1986,NBA,All-NBA,1st,Larry Bird,birdla01
1986,NBA,All-NBA,1st,Dominique Wilkins,wilkido01
1986,NBA,All-NBA,1st,Magic Johnson,johnsma02
1986,NBA,All-NBA,1st,Isiah Thomas,thomais01
1986,NBA,All-NBA,2nd,Hakeem Olajuwon,olajuha01
1986,NBA,All-NBA,2nd,Charles Barkley,barklch01
1986,NBA,All-NBA,2nd,Alex English,englial01
1986,NBA,All-NBA,2nd,Sidney Moncrief,moncrsi01
1986,NBA,All-NBA,2nd,Alvin Robertson,roberal01
1986,NBA,All-Rookie,1st,Joe Dumars,dumarjo01
1986,NBA,All-Rookie,1st,Patrick Ewing,ewingpa01
1986,NBA,All-Rookie,1st,Karl Malone,malonka01
1986,NBA,All-Rookie,1st,Xavier McDaniel,mcdanxa01
1986,NBA,All-Rookie,1st,Charles Oakley,oaklech01
1985,NBA,All-Defense,1st,Maurice Cheeks,cheekma01
1985,NBA,All-Defense,1st,Michael Cooper,coopemi01
1985,NBA,All-Defense,1st,Mark Eaton,eatonma01
1985,NBA,All-Defense,1st,Sidney Moncrief,moncrsi01
1985,NBA,All-Defense,1st,Paul Pressey,presspa01
1985,NBA,All-Defense,2nd,T.R. Dunn,dunntr01
1985,NBA,All-Defense,2nd,Dennis Johnson,johnsde01
1985,NBA,All-Defense,2nd,Bobby Jones,jonesbo01
1985,NBA,All-Defense,2nd,Hakeem Olajuwon,olajuha01
1985,NBA,All-Defense,2nd,Danny Vranes,vraneda01
1985,NBA,All-NBA,1st,Moses Malone,malonmo01
1985,NBA,All-NBA,1st,Larry Bird,birdla01
1985,NBA,All-NBA,1st,Bernard King,kingbe01
1985,NBA,All-NBA,1st,Magic Johnson,johnsma02
1985,NBA,All-NBA,1st,Isiah Thomas,thomais01
1985,NBA,All-NBA,2nd,Kareem Abdul-Jabbar,abdulka01
1985,NBA,All-NBA,2nd,Terry Cummings,cummite01
1985,NBA,All-NBA,2nd,Ralph Sampson,sampsra01
1985,NBA,All-NBA,2nd,Michael Jordan,jordami01
1985,NBA,All-NBA,2nd,Sidney Moncrief,moncrsi01
1985,NBA,All-Rookie,1st,Charles Barkley,barklch01
1985,NBA,All-Rookie,1st,Sam Bowie,bowiesa01
1985,NBA,All-Rookie,1st,Michael Jordan,jordami01
1985,NBA,All-Rookie,1st,Hakeem Olajuwon,olajuha01
1985,NBA,All-Rookie,1st,Sam Perkins,perkisa01
1984,NBA,All-Defense,1st,Maurice Cheeks,cheekma01
1984,NBA,All-Defense,1st,Michael Cooper,coopemi01
1984,NBA,All-Defense,1st,Bobby Jones,jonesbo01
1984,NBA,All-Defense,1st,Sidney Moncrief,moncrsi01
1984,NBA,All-Defense,1st,Tree Rollins,rollitr01
1984,NBA,All-Defense,2nd,Kareem Abdul-Jabbar,abdulka01
1984,NBA,All-Defense,2nd,Larry Bird,birdla01
1984,NBA,All-Defense,2nd,T.R. Dunn,dunntr01
1984,NBA,All-Defense,2nd,Dennis Johnson,johnsde01
1984,NBA,All-Defense,2nd,Dan Roundfield,roundda01
1984,NBA,All-NBA,1st,Kareem Abdul-Jabbar,abdulka01
1984,NBA,All-NBA,1st,Larry Bird,birdla01
1984,NBA,All-NBA,1st,Bernard King,kingbe01
1984,NBA,All-NBA,1st,Magic Johnson,johnsma02
1984,NBA,All-NBA,1st,Isiah Thomas,thomais01
1984,NBA,All-NBA,2nd,Moses Malone,malonmo01
1984,NBA,All-NBA,2nd,Adrian Dantley,dantlad01
1984,NBA,All-NBA,2nd,Julius Erving,ervinju01
1984,NBA,All-NBA,2nd,Sidney Moncrief,moncrsi01
1984,NBA,All-NBA,2nd,Jim Paxson,paxsoji02
1984,NBA,All-Rookie,1st,Jeff Malone,malonje01
1984,NBA,All-Rookie,1st,Ralph Sampson,sampsra01
1984,NBA,All-Rookie,1st,Byron Scott,scottby01
1984,NBA,All-Rookie,1st,Steve Stipanovich,stipast01
1984,NBA,All-Rookie,1st,Thurl Bailey,baileth01
1984,NBA,All-Rookie,1st,Darrell Walker,walkeda01
1983,NBA,All-Defense,1st,Bobby Jones,jonesbo01
1983,NBA,All-Defense,1st,Moses Malone,malonmo01
1983,NBA,All-Defense,1st,Sidney Moncrief,moncrsi01
1983,NBA,All-Defense,1st,Dan Roundfield,roundda01
1983,NBA,All-Defense,1st,Maurice Cheeks,cheekma01
1983,NBA,All-Defense,1st,Dennis Johnson,johnsde01
1983,NBA,All-Defense,2nd,Larry Bird,birdla01
1983,NBA,All-Defense,2nd,Michael Cooper,coopemi01
1983,NBA,All-Defense,2nd,T.R. Dunn,dunntr01
1983,NBA,All-Defense,2nd,Kevin McHale,mchalke01
1983,NBA,All-Defense,2nd,Tree Rollins,rollitr01
1983,NBA,All-NBA,1st,Moses Malone,malonmo01
1983,NBA,All-NBA,1st,Larry Bird,birdla01
1983,NBA,All-NBA,1st,Julius Erving,ervinju01
1983,NBA,All-NBA,1st,Magic Johnson,johnsma02
1983,NBA,All-NBA,1st,Sidney Moncrief,moncrsi01
1983,NBA,All-NBA,2nd,Kareem Abdul-Jabbar,abdulka01
1983,NBA,All-NBA,2nd,Alex English,englial01
1983,NBA,All-NBA,2nd,Buck Williams,willibu01
1983,NBA,All-NBA,2nd,George Gervin,gervige01
1983,NBA,All-NBA,2nd,Isiah Thomas,thomais01
1983,NBA,All-Rookie,1st,Terry Cummings,cummite01
1983,NBA,All-Rookie,1st,Quintin Dailey,dailequ01
1983,NBA,All-Rookie,1st,Clark Kellogg,kellocl01
1983,NBA,All-Rookie,1st,Dominique Wilkins,wilkido01
1983,NBA,All-Rookie,1st,James Worthy,worthja01
1982,NBA,All-Defense,1st,Michael Cooper,coopemi01
1982,NBA,All-Defense,1st,Dennis Johnson,johnsde01
1982,NBA,All-Defense,1st,Bobby Jones,jonesbo01
1982,NBA,All-Defense,1st,Caldwell Jones,jonesca01
1982,NBA,All-Defense,1st,Dan Roundfield,roundda01
1982,NBA,All-Defense,2nd,Larry Bird,birdla01
1982,NBA,All-Defense,2nd,Quinn Buckner,bucknqu01
1982,NBA,All-Defense,2nd,Sidney Moncrief,moncrsi01
1982,NBA,All-Defense,2nd,Lonnie Shelton,sheltlo01
1982,NBA,All-Defense,2nd,Jack Sikma,sikmaja01
1982,NBA,All-NBA,1st,Moses Malone,malonmo01
1982,NBA,All-NBA,1st,Larry Bird,birdla01
1982,NBA,All-NBA,1st,Julius Erving,ervinju01
1982,NBA,All-NBA,1st,George Gervin,gervige01
1982,NBA,All-NBA,1st,Gus Williams,willigu01
1982,NBA,All-NBA,2nd,Robert Parish,parisro01
1982,NBA,All-NBA,2nd,Alex English,englial01
1982,NBA,All-NBA,2nd,Bernard King,kingbe01
1982,NBA,All-NBA,2nd,Magic Johnson,johnsma02
1982,NBA,All-NBA,2nd,Sidney Moncrief,moncrsi01
1982,NBA,All-Rookie,1st,Jeff Ruland,rulanje01
1982,NBA,All-Rookie,1st,Isiah Thomas,thomais01
1982,NBA,All-Rookie,1st,Kelly Tripucka,tripuke01
1982,NBA,All-Rookie,1st,Jay Vincent,vinceja01
1982,NBA,All-Rookie,1st,Buck Williams,willibu01
1981,NBA,All-Defense,1st,Kareem Abdul-Jabbar,abdulka01
1981,NBA,All-Defense,1st,Dennis Johnson,johnsde01
1981,NBA,All-Defense,1st,Bobby Jones,jonesbo01
1981,NBA,All-Defense,1st,Caldwell Jones,jonesca01
1981,NBA,All-Defense,1st,Michael Ray Richardson,richami01
1981,NBA,All-Defense,2nd,Quinn Buckner,bucknqu01
1981,NBA,All-Defense,2nd,George Johnson,johnsge02
1981,NBA,All-Defense,2nd,Dan Roundfield,roundda01
1981,NBA,All-Defense,2nd,Kermit Washington,washike01
1981,NBA,All-Defense,2nd,Dudley Bradley,bradldu01
1981,NBA,All-Defense,2nd,Michael Cooper,coopemi01
1981,NBA,All-NBA,1st,Kareem Abdul-Jabbar,abdulka01
1981,NBA,All-NBA,1st,Larry Bird,birdla01
1981,NBA,All-NBA,1st,Julius Erving,ervinju01
1981,NBA,All-NBA,1st,George Gervin,gervige01
1981,NBA,All-NBA,1st,Dennis Johnson,johnsde01
1981,NBA,All-NBA,2nd,Moses Malone,malonmo01
1981,NBA,All-NBA,2nd,Adrian Dantley,dantlad01
1981,NBA,All-NBA,2nd,Marques Johnson,johnsma01
1981,NBA,All-NBA,2nd,Tiny Archibald,architi01
1981,NBA,All-NBA,2nd,Otis Birdsong,birdsot01
1981,NBA,All-Rookie,1st,Joe Barry Carroll,carrojo01
1981,NBA,All-Rookie,1st,Darrell Griffith,griffda01
1981,NBA,All-Rookie,1st,Kevin McHale,mchalke01
1981,NBA,All-Rookie,1st,Kelvin Ransey,ranseke01
1981,NBA,All-Rookie,1st,Larry Smith,smithla01
1980,NBA,All-Defense,1st,Kareem Abdul-Jabbar,abdulka01
1980,NBA,All-Defense,1st,Dennis Johnson,johnsde01
1980,NBA,All-Defense,1st,Bobby Jones,jonesbo01
1980,NBA,All-Defense,1st,Dan Roundfield,roundda01
1980,NBA,All-Defense,1st,Don Buse,busedo01
1980,NBA,All-Defense,1st,Michael Ray Richardson,richami01
1980,NBA,All-Defense,2nd,Quinn Buckner,bucknqu01
1980,NBA,All-Defense,2nd,Dave Cowens,cowenda01
1980,NBA,All-Defense,2nd,Eddie Johnson,johnsed02
1980,NBA,All-Defense,2nd,Kermit Washington,washike01
1980,NBA,All-Defense,2nd,Scott Wedman,wedmasc01
1980,NBA,All-NBA,1st,Kareem Abdul-Jabbar,abdulka01
1980,NBA,All-NBA,1st,Larry Bird,birdla01
1980,NBA,All-NBA,1st,Julius Erving,ervinju01
1980,NBA,All-NBA,1st,George Gervin,gervige01
1980,NBA,All-NBA,1st,Paul Westphal,westppa01
1980,NBA,All-NBA,2nd,Moses Malone,malonmo01
1980,NBA,All-NBA,2nd,Marques Johnson,johnsma01
1980,NBA,All-NBA,2nd,Dan Roundfield,roundda01
1980,NBA,All-NBA,2nd,Dennis Johnson,johnsde01
1980,NBA,All-NBA,2nd,Gus Williams,willigu01
1980,NBA,All-Rookie,1st,Larry Bird,birdla01
1980,NBA,All-Rookie,1st,Bill Cartwright,cartwbi01
1980,NBA,All-Rookie,1st,Dave Greenwood,greenda01
1980,NBA,All-Rookie,1st,Magic Johnson,johnsma02
1980,NBA,All-Rookie,1st,Calvin Natt,nattca01
1979,NBA,All-Defense,1st,Kareem Abdul-Jabbar,abdulka01
1979,NBA,All-Defense,1st,Don Buse,busedo01
1979,NBA,All-Defense,1st,Bob Dandridge,dandrbo01
1979,NBA,All-Defense,1st,Dennis Johnson,johnsde01
1979,NBA,All-Defense,1st,Bobby Jones,jonesbo01
1979,NBA,All-Defense,2nd,M.L. Carr,carrml01
1979,NBA,All-Defense,2nd,Lionel Hollins,hollili01
1979,NBA,All-Defense,2nd,Eddie Johnson,johnsed02
1979,NBA,All-Defense,2nd,Maurice Lucas,lucasma01
1979,NBA,All-Defense,2nd,Moses Malone,malonmo01
1979,NBA,All-NBA,1st,Moses Malone,malonmo01
1979,NBA,All-NBA,1st,Elvin Hayes,hayesel01
1979,NBA,All-NBA,1st,Marques Johnson,johnsma01
1979,NBA,All-NBA,1st,George Gervin,gervige01
1979,NBA,All-NBA,1st,Paul Westphal,westppa01
1979,NBA,All-NBA,2nd,Kareem Abdul-Jabbar,abdulka01
1979,NBA,All-NBA,2nd,Bob Dandridge,dandrbo01
1979,NBA,All-NBA,2nd,Walter Davis,daviswa03
1979,NBA,All-NBA,2nd,Phil Ford,fordph01
1979,NBA,All-NBA,2nd,World B. Free,freewo01
1979,NBA,All-Rookie,1st,Ron Brewer,brewero01
1979,NBA,All-Rookie,1st,Phil Ford,fordph01
1979,NBA,All-Rookie,1st,Reggie Theus,theusre01
1979,NBA,All-Rookie,1st,Mychal Thompson,thompmy01
1979,NBA,All-Rookie,1st,Terry Tyler,tylerte01
1978,NBA,All-Defense,1st,Don Buse,busedo01
1978,NBA,All-Defense,1st,Lionel Hollins,hollili01
1978,NBA,All-Defense,1st,Bobby Jones,jonesbo01
1978,NBA,All-Defense,1st,Maurice Lucas,lucasma01
1978,NBA,All-Defense,1st,Bill Walton,waltobi01
1978,NBA,All-Defense,2nd,Quinn Buckner,bucknqu01
1978,NBA,All-Defense,2nd,E.C. Coleman,colemec01
1978,NBA,All-Defense,2nd,Bob Gross,grossbo01
1978,NBA,All-Defense,2nd,Norm Van Lier,vanlino01
1978,NBA,All-Defense,2nd,Kareem Abdul-Jabbar,abdulka01
1978,NBA,All-Defense,2nd,Artis Gilmore,gilmoar01
1978,NBA,All-NBA,1st,Bill Walton,waltobi01
1978,NBA,All-NBA,1st,Julius Erving,ervinju01
1978,NBA,All-NBA,1st,Truck Robinson,robintr01
1978,NBA,All-NBA,1st,George Gervin,gervige01
1978,NBA,All-NBA,1st,David Thompson,thompda01
1978,NBA,All-NBA,2nd,Kareem Abdul-Jabbar,abdulka01
1978,NBA,All-NBA,2nd,Walter Davis,daviswa03
1978,NBA,All-NBA,2nd,Maurice Lucas,lucasma01
1978,NBA,All-NBA,2nd,Pete Maravich,maravpe01
1978,NBA,All-NBA,2nd,Paul Westphal,westppa01
1978,NBA,All-Rookie,1st,Walter Davis,daviswa03
1978,NBA,All-Rookie,1st,Marques Johnson,johnsma01
1978,NBA,All-Rookie,1st,Bernard King,kingbe01
1978,NBA,All-Rookie,1st,Norm Nixon,nixonno01
1978,NBA,All-Rookie,1st,Jack Sikma,sikmaja01
1977,NBA,All-Defense,1st,Don Buse,busedo01
1977,NBA,All-Defense,1st,E.C. Coleman,colemec01
1977,NBA,All-Defense,1st,Bobby Jones,jonesbo01
1977,NBA,All-Defense,1st,Norm Van Lier,vanlino01
1977,NBA,All-Defense,1st,Bill Walton,waltobi01
1977,NBA,All-Defense,2nd,Kareem Abdul-Jabbar,abdulka01
1977,NBA,All-Defense,2nd,Jim Brewer,breweji01
1977,NBA,All-Defense,2nd,Don Chaney,chanedo01
1977,NBA,All-Defense,2nd,Brian Taylor,taylobr01
1977,NBA,All-Defense,2nd,Jamaal Wilkes,wilkeja01
1977,NBA,All-NBA,1st,Kareem Abdul-Jabbar,abdulka01
1977,NBA,All-NBA,1st,Elvin Hayes,hayesel01
1977,NBA,All-NBA,1st,David Thompson,thompda01
1977,NBA,All-NBA,1st,Pete Maravich,maravpe01
1977,NBA,All-NBA,1st,Paul Westphal,westppa01
1977,NBA,All-NBA,2nd,Bill Walton,waltobi01
1977,NBA,All-NBA,2nd,Julius Erving,ervinju01
1977,NBA,All-NBA,2nd,George McGinnis,mcginge01
1977,NBA,All-NBA,2nd,George Gervin,gervige01
1977,NBA,All-NBA,2nd,Jo Jo White,whitejo01
1977,NBA,All-Rookie,1st,Adrian Dantley,dantlad01
1977,NBA,All-Rookie,1st,Mitch Kupchak,kupchmi01
1977,NBA,All-Rookie,1st,Ron Lee,leero01
1977,NBA,All-Rookie,1st,John Lucas,lucasjo01
1977,NBA,All-Rookie,1st,Scott May,maysc01
1976,ABA,All-ABA,1st,Artis Gilmore,gilmoar01
1976,ABA,All-ABA,1st,Julius Erving,ervinju01
1976,ABA,All-ABA,1st,Billy Knight,knighbi01
1976,ABA,All-ABA,1st,James Silas,silasja01
1976,ABA,All-ABA,1st,Ralph Simpson,simpsra01
1976,ABA,All-ABA,2nd,Dan Issel,isselda01
1976,ABA,All-ABA,2nd,Bobby Jones,jonesbo01
1976,ABA,All-ABA,2nd,David Thompson,thompda01
1976,ABA,All-ABA,2nd,Don Buse,busedo01
1976,ABA,All-ABA,2nd,George Gervin,gervige01
1976,ABA,All-Defense,1st,Don Buse,busedo01
1976,ABA,All-Defense,1st,Julius Erving,ervinju01
1976,ABA,All-Defense,1st,Artis Gilmore,gilmoar01
1976,ABA,All-Defense,1st,Bobby Jones,jonesbo01
1976,ABA,All-Defense,1st,Brian Taylor,taylobr01
1976,NBA,All-Defense,1st,Dave Cowens,cowenda01
1976,NBA,All-Defense,1st,John Havlicek,havlijo01
1976,NBA,All-Defense,1st,Paul Silas,silaspa01
1976,NBA,All-Defense,1st,Norm Van Lier,vanlino01
1976,NBA,All-Defense,1st,Slick Watts,wattssl01
1976,NBA,All-Defense,2nd,Kareem Abdul-Jabbar,abdulka01
1976,NBA,All-Defense,2nd,Jim Brewer,breweji01
1976,NBA,All-Defense,2nd,Jim Cleamons,cleamji01
1976,NBA,All-Defense,2nd,Phil Smith,smithph01
1976,NBA,All-Defense,2nd,Jamaal Wilkes,wilkeja01
1976,NBA,All-NBA,1st,Kareem Abdul-Jabbar,abdulka01
1976,NBA,All-NBA,1st,Rick Barry,barryri01
1976,NBA,All-NBA,1st,George McGinnis,mcginge01
1976,NBA,All-NBA,1st,Tiny Archibald,architi01
1976,NBA,All-NBA,1st,Pete Maravich,maravpe01
1976,NBA,All-NBA,2nd,Dave Cowens,cowenda01
1976,NBA,All-NBA,2nd,John Havlicek,havlijo01
1976,NBA,All-NBA,2nd,Elvin Hayes,hayesel01
1976,NBA,All-NBA,2nd,Phil Smith,smithph01
1976,NBA,All-NBA,2nd,Randy Smith,smithra01
1976,ABA,All-Rookie,1st,Ticky Burden,burdeti01
1976,ABA,All-Rookie,1st,M.L. Carr,carrml01
1976,ABA,All-Rookie,1st,Kim Hughes,hugheki01
1976,ABA,All-Rookie,1st,Mark Olberding,olberma01
1976,ABA,All-Rookie,1st,David Thompson,thompda01
1976,NBA,All-Rookie,1st,Alvan Adams,adamsal01
1976,NBA,All-Rookie,1st,Lionel Hollins,hollili01
1976,NBA,All-Rookie,1st,Joe Meriweather,meriwjo01
1976,NBA,All-Rookie,1st,John Shumate,shumajo01
1976,NBA,All-Rookie,1st,Gus Williams,willigu01
1975,ABA,All-ABA,1st,Artis Gilmore,gilmoar01
1975,ABA,All-ABA,1st,Julius Erving,ervinju01
1975,ABA,All-ABA,1st,George McGinnis,mcginge01
1975,ABA,All-ABA,1st,Ron Boone,boonero01
1975,ABA,All-ABA,1st,Mack Calvin,calvima01
1975,ABA,All-ABA,2nd,Swen Nater,natersw01
1975,ABA,All-ABA,2nd,Marvin Barnes,barnema01
1975,ABA,All-ABA,2nd,George Gervin,gervige01
1975,ABA,All-ABA,2nd,James Silas,silasja01
1975,ABA,All-ABA,2nd,Brian Taylor,taylobr01
1975,ABA,All-Defense,1st,Don Buse,busedo01
1975,ABA,All-Defense,1st,Artis Gilmore,gilmoar01
1975,ABA,All-Defense,1st,Bobby Jones,jonesbo01
1975,ABA,All-Defense,1st,Wil Jones,joneswi02
1975,ABA,All-Defense,1st,Brian Taylor,taylobr01
1975,NBA,All-Defense,1st,Kareem Abdul-Jabbar,abdulka01
1975,NBA,All-Defense,1st,Walt Frazier,fraziwa01
1975,NBA,All-Defense,1st,John Havlicek,havlijo01
1975,NBA,All-Defense,1st,Paul Silas,silaspa01
1975,NBA,All-Defense,1st,Jerry Sloan,sloanje01
1975,NBA,All-Defense,2nd,Don Chaney,chanedo01
1975,NBA,All-Defense,2nd,Dave Cowens,cowenda01
1975,NBA,All-Defense,2nd,Elvin Hayes,hayesel01
1975,NBA,All-Defense,2nd,Bob Love,lovebo01
1975,NBA,All-Defense,2nd,Norm Van Lier,vanlino01
1975,NBA,All-NBA,1st,Bob McAdoo,mcadobo01
1975,NBA,All-NBA,1st,Rick Barry,barryri01
1975,NBA,All-NBA,1st,Elvin Hayes,hayesel01
1975,NBA,All-NBA,1st,Tiny Archibald,architi01
1975,NBA,All-NBA,1st,Walt Frazier,fraziwa01
1975,NBA,All-NBA,2nd,Dave Cowens,cowenda01
1975,NBA,All-NBA,2nd,John Havlicek,havlijo01
1975,NBA,All-NBA,2nd,Spencer Haywood,haywosp01
1975,NBA,All-NBA,2nd,Phil Chenier,cheniph01
1975,NBA,All-NBA,2nd,Jo Jo White,whitejo01
1975,ABA,All-Rookie,1st,Marvin Barnes,barnema01
1975,ABA,All-Rookie,1st,Gus Gerard,gerargu01
1975,ABA,All-Rookie,1st,Bobby Jones,jonesbo01
1975,ABA,All-Rookie,1st,Billy Knight,knighbi01
1975,ABA,All-Rookie,1st,Moses Malone,malonmo01
1975,NBA,All-Rookie,1st,Tom Burleson,burleto01
1975,NBA,All-Rookie,1st,John Drew,drewjo01
1975,NBA,All-Rookie,1st,Scott Wedman,wedmasc01
1975,NBA,All-Rookie,1st,Jamaal Wilkes,wilkeja01
1975,NBA,All-Rookie,1st,Brian Winters,wintebr01
1974,ABA,All-ABA,1st,Artis Gilmore,gilmoar01
1974,ABA,All-ABA,1st,Julius Erving,ervinju01
1974,ABA,All-ABA,1st,George McGinnis,mcginge01
1974,ABA,All-ABA,1st,Mack Calvin,calvima01
1974,ABA,All-ABA,1st,Jimmy Jones,jonesji01
1974,ABA,All-ABA,2nd,Swen Nater,natersw01
1974,ABA,All-ABA,2nd,Dan Issel,isselda01
1974,ABA,All-ABA,2nd,Willie Wise,wisewi01
1974,ABA,All-ABA,2nd,Ron Boone,boonero01
1974,ABA,All-ABA,2nd,Louie Dampier,dampilo01
1974,ABA,All-Defense,1st,Artis Gilmore,gilmoar01
1974,ABA,All-Defense,1st,Julius Keye,keyeju01
1974,ABA,All-Defense,1st,Ted McClain,mcclate01
1974,ABA,All-Defense,1st,Willie Wise,wisewi01
1974,ABA,All-Defense,1st,Mike Gale,galemi01
1974,ABA,All-Defense,1st,Fatty Taylor,taylofa01
1974,NBA,All-Defense,1st,Kareem Abdul-Jabbar,abdulka01
1974,NBA,All-Defense,1st,Dave DeBusschere,debusda01
1974,NBA,All-Defense,1st,John Havlicek,havlijo01
1974,NBA,All-Defense,1st,Norm Van Lier,vanlino01
1974,NBA,All-Defense,1st,Walt Frazier,fraziwa01
1974,NBA,All-Defense,1st,Jerry Sloan,sloanje01
1974,NBA,All-Defense,2nd,Don Chaney,chanedo01
1974,NBA,All-Defense,2nd,Elvin Hayes,hayesel01
1974,NBA,All-Defense,2nd,Bob Love,lovebo01
1974,NBA,All-Defense,2nd,Nate Thurmond,thurmna01
1974,NBA,All-Defense,2nd,Jim Price,priceji01
1974,NBA,All-Defense,2nd,Dick Van Arsdale,vanardi01
1974,NBA,All-NBA,1st,Kareem Abdul-Jabbar,abdulka01
1974,NBA,All-NBA,1st,Rick Barry,barryri01
1974,NBA,All-NBA,1st,John Havlicek,havlijo01
1974,NBA,All-NBA,1st,Walt Frazier,fraziwa01
1974,NBA,All-NBA,1st,Gail Goodrich,goodrga01
1974,NBA,All-NBA,2nd,Bob McAdoo,mcadobo01
1974,NBA,All-NBA,2nd,Elvin Hayes,hayesel01
1974,NBA,All-NBA,2nd,Spencer Haywood,haywosp01
1974,NBA,All-NBA,2nd,Dave Bing,bingda01
1974,NBA,All-NBA,2nd,Norm Van Lier,vanlino01
1974,ABA,All-Rookie,1st,Mike Green,greenmi01
1974,ABA,All-Rookie,1st,Larry Kenon,kenonla01
1974,ABA,All-Rookie,1st,Bo Lamar,lamarbo01
1974,ABA,All-Rookie,1st,Swen Nater,natersw01
1974,ABA,All-Rookie,1st,John Williamson,willijo01
1974,NBA,All-Rookie,1st,Mike Bantom,bantomi01
1974,NBA,All-Rookie,1st,Ron Behagen,behagro01
1974,NBA,All-Rookie,1st,John Brown,brownjo01
1974,NBA,All-Rookie,1st,Ernie DiGregorio,digreer01
1974,NBA,All-Rookie,1st,Nick Weatherspoon,weathni01
1973,ABA,All-ABA,1st,Artis Gilmore,gilmoar01
1973,ABA,All-ABA,1st,Billy Cunningham,cunnibi01
1973,ABA,All-ABA,1st,Julius Erving,ervinju01
1973,ABA,All-ABA,1st,Warren Jabali,jabalwa01
1973,ABA,All-ABA,1st,Jimmy Jones,jonesji01
1973,ABA,All-ABA,2nd,Mel Daniels,danieme01
1973,ABA,All-ABA,2nd,Dan Issel,isselda01
1973,ABA,All-ABA,2nd,George McGinnis,mcginge01
1973,ABA,All-ABA,2nd,Mack Calvin,calvima01
1973,ABA,All-ABA,2nd,Ralph Simpson,simpsra01
1973,ABA,All-Defense,1st,Mike Gale,galemi01
1973,ABA,All-Defense,1st,Artis Gilmore,gilmoar01
1973,ABA,All-Defense,1st,Fatty Taylor,taylofa01
1973,ABA,All-Defense,1st,Willie Wise,wisewi01
1973,ABA,All-Defense,1st,Joe Caldwell,caldwjo01
1973,ABA,All-Defense,1st,Julius Keye,keyeju01
1973,NBA,All-Defense,1st,Wilt Chamberlain,chambwi01
1973,NBA,All-Defense,1st,Dave DeBusschere,debusda01
1973,NBA,All-Defense,1st,Walt Frazier,fraziwa01
1973,NBA,All-Defense,1st,John Havlicek,havlijo01
1973,NBA,All-Defense,1st,Jerry West,westje01
1973,NBA,All-Defense,2nd,Don Chaney,chanedo01
1973,NBA,All-Defense,2nd,Mike Riordan,riordmi01
1973,NBA,All-Defense,2nd,Paul Silas,silaspa01
1973,NBA,All-Defense,2nd,Nate Thurmond,thurmna01
1973,NBA,All-Defense,2nd,Norm Van Lier,vanlino01
1973,NBA,All-NBA,1st,Kareem Abdul-Jabbar,abdulka01
1973,NBA,All-NBA,1st,John Havlicek,havlijo01
1973,NBA,All-NBA,1st,Spencer Haywood,haywosp01
1973,NBA,All-NBA,1st,Tiny Archibald,architi01
1973,NBA,All-NBA,1st,Jerry West,westje01
1973,NBA,All-NBA,2nd,Dave Cowens,cowenda01
1973,NBA,All-NBA,2nd,Rick Barry,barryri01
1973,NBA,All-NBA,2nd,Elvin Hayes,hayesel01
1973,NBA,All-NBA,2nd,Walt Frazier,fraziwa01
1973,NBA,All-NBA,2nd,Pete Maravich,maravpe01
1973,ABA,All-Rookie,1st,Jim Chones,choneji01
1973,ABA,All-Rookie,1st,George Gervin,gervige01
1973,ABA,All-Rookie,1st,James Silas,silasja01
1973,ABA,All-Rookie,1st,Brian Taylor,taylobr01
1973,ABA,All-Rookie,1st,Dennis Wuycik,wuycide01
1973,NBA,All-Rookie,1st,Freddie Boyd,boydfr01
1973,NBA,All-Rookie,1st,Dwight Davis,davisdw01
1973,NBA,All-Rookie,1st,Bob McAdoo,mcadobo01
1973,NBA,All-Rookie,1st,Lloyd Neal,nealll01
1973,NBA,All-Rookie,1st,Jim Price,priceji01
1972,ABA,All-ABA,1st,Artis Gilmore,gilmoar01
1972,ABA,All-ABA,1st,Rick Barry,barryri01
1972,ABA,All-ABA,1st,Dan Issel,isselda01
1972,ABA,All-ABA,1st,Donnie Freeman,freemdo01
1972,ABA,All-ABA,1st,Bill Melchionni,melchbi01
1972,ABA,All-ABA,2nd,Zelmo Beaty,beatyze01
1972,ABA,All-ABA,2nd,Julius Erving,ervinju01
1972,ABA,All-ABA,2nd,Willie Wise,wisewi01
1972,ABA,All-ABA,2nd,Charlie Scott,scottch01
1972,ABA,All-ABA,2nd,Ralph Simpson,simpsra01
1972,NBA,All-Defense,1st,Wilt Chamberlain,chambwi01
1972,NBA,All-Defense,1st,Dave DeBusschere,debusda01
1972,NBA,All-Defense,1st,John Havlicek,havlijo01
1972,NBA,All-Defense,1st,Jerry West,westje01
1972,NBA,All-Defense,1st,Walt Frazier,fraziwa01
1972,NBA,All-Defense,1st,Jerry Sloan,sloanje01
1972,NBA,All-Defense,2nd,Don Chaney,chanedo01
1972,NBA,All-Defense,2nd,Bob Love,lovebo01
1972,NBA,All-Defense,2nd,Paul Silas,silaspa01
1972,NBA,All-Defense,2nd,Nate Thurmond,thurmna01
1972,NBA,All-Defense,2nd,Norm Van Lier,vanlino01
1972,NBA,All-NBA,1st,Kareem Abdul-Jabbar,abdulka01
1972,NBA,All-NBA,1st,John Havlicek,havlijo01
1972,NBA,All-NBA,1st,Spencer Haywood,haywosp01
1972,NBA,All-NBA,1st,Walt Frazier,fraziwa01
1972,NBA,All-NBA,1st,Jerry West,westje01
1972,NBA,All-NBA,2nd,Wilt Chamberlain,chambwi01
1972,NBA,All-NBA,2nd,Billy Cunningham,cunnibi01
1972,NBA,All-NBA,2nd,Bob Love,lovebo01
1972,NBA,All-NBA,2nd,Tiny Archibald,architi01
1972,NBA,All-NBA,2nd,Archie Clark,clarkar01
1972,ABA,All-Rookie,1st,Julius Erving,ervinju01
1972,ABA,All-Rookie,1st,Artis Gilmore,gilmoar01
1972,ABA,All-Rookie,1st,George McGinnis,mcginge01
1972,ABA,All-Rookie,1st,Johnny Neumann,neumajo01
1972,ABA,All-Rookie,1st,John Roche,rochejo01
1972,NBA,All-Rookie,1st,Austin Carr,carrau01
1972,NBA,All-Rookie,1st,Phil Chenier,cheniph01
1972,NBA,All-Rookie,1st,Clifford Ray,raycl01
1972,NBA,All-Rookie,1st,Elmore Smith,smithel01
1972,NBA,All-Rookie,1st,Sidney Wicks,wickssi01
1971,ABA,All-ABA,1st,Mel Daniels,danieme01
1971,ABA,All-ABA,1st,Rick Barry,barryri01
1971,ABA,All-ABA,1st,Roger Brown,brownro01
1971,ABA,All-ABA,1st,Mack Calvin,calvima01
1971,ABA,All-ABA,1st,Charlie Scott,scottch01
1971,ABA,All-ABA,2nd,John Brisker,briskjo01
1971,ABA,All-ABA,2nd,Joe Caldwell,caldwjo01
1971,ABA,All-ABA,2nd,Larry Cannon,cannola01
1971,ABA,All-ABA,2nd,Donnie Freeman,freemdo01
1971,ABA,All-ABA,2nd,Zelmo Beaty,beatyze01
1971,ABA,All-ABA,2nd,Dan Issel,isselda01
1971,NBA,All-Defense,1st,Dave DeBusschere,debusda01
1971,NBA,All-Defense,1st,Walt Frazier,fraziwa01
1971,NBA,All-Defense,1st,Gus Johnson,johnsgu01
1971,NBA,All-Defense,1st,Nate Thurmond,thurmna01
1971,NBA,All-Defense,1st,Jerry West,westje01
1971,NBA,All-Defense,2nd,Kareem Abdul-Jabbar,abdulka01
1971,NBA,All-Defense,2nd,John Havlicek,havlijo01
1971,NBA,All-Defense,2nd,Paul Silas,silaspa01
1971,NBA,All-Defense,2nd,Jerry Sloan,sloanje01
1971,NBA,All-Defense,2nd,Norm Van Lier,vanlino01
1971,NBA,All-NBA,1st,Kareem Abdul-Jabbar,abdulka01
1971,NBA,All-NBA,1st,Billy Cunningham,cunnibi01
1971,NBA,All-NBA,1st,John Havlicek,havlijo01
1971,NBA,All-NBA,1st,Dave Bing,bingda01
1971,NBA,All-NBA,1st,Jerry West,westje01
1971,NBA,All-NBA,2nd,Willis Reed,reedwi01
1971,NBA,All-NBA,2nd,Gus Johnson,johnsgu01
1971,NBA,All-NBA,2nd,Bob Love,lovebo01
1971,NBA,All-NBA,2nd,Walt Frazier,fraziwa01
1971,NBA,All-NBA,2nd,Oscar Robertson,roberos01
1971,ABA,All-Rookie,1st,Joe Hamilton,hamiljo01
1971,ABA,All-Rookie,1st,Dan Issel,isselda01
1971,ABA,All-Rookie,1st,Wendell Ladner,ladnewe01
1971,ABA,All-Rookie,1st,Sam Robinson,robinsa01
1971,ABA,All-Rookie,1st,Charlie Scott,scottch01
1971,NBA,All-Rookie,1st,Dave Cowens,cowenda01
1971,NBA,All-Rookie,1st,Bob Lanier,laniebo01
1971,NBA,All-Rookie,1st,Pete Maravich,maravpe01
1971,NBA,All-Rookie,1st,Calvin Murphy,murphca01
1971,NBA,All-Rookie,1st,Geoff Petrie,petrige01
1970,ABA,All-ABA,1st,Mel Daniels,danieme01
1970,ABA,All-ABA,1st,Rick Barry,barryri01
1970,ABA,All-ABA,1st,Spencer Haywood,haywosp01
1970,ABA,All-ABA,1st,Larry Jones,jonesla01
1970,ABA,All-ABA,1st,Bob Verga,vergabo01
1970,ABA,All-ABA,2nd,Red Robbins,robbire01
1970,ABA,All-ABA,2nd,Roger Brown,brownro01
1970,ABA,All-ABA,2nd,Bob Netolicky,netolbo01
1970,ABA,All-ABA,2nd,Louie Dampier,dampilo01
1970,ABA,All-ABA,2nd,Donnie Freeman,freemdo01
1970,NBA,All-Defense,1st,Dave DeBusschere,debusda01
1970,NBA,All-Defense,1st,Walt Frazier,fraziwa01
1970,NBA,All-Defense,1st,Gus Johnson,johnsgu01
1970,NBA,All-Defense,1st,Willis Reed,reedwi01
1970,NBA,All-Defense,1st,Jerry West,westje01
1970,NBA,All-Defense,2nd,Kareem Abdul-Jabbar,abdulka01
1970,NBA,All-Defense,2nd,Bill Bridges,bridgbi01
1970,NBA,All-Defense,2nd,Joe Caldwell,caldwjo01
1970,NBA,All-Defense,2nd,John Havlicek,havlijo01
1970,NBA,All-Defense,2nd,Jerry Sloan,sloanje01
1970,NBA,All-NBA,1st,Willis Reed,reedwi01
1970,NBA,All-NBA,1st,Billy Cunningham,cunnibi01
1970,NBA,All-NBA,1st,Connie Hawkins,hawkico01
1970,NBA,All-NBA,1st,Walt Frazier,fraziwa01
1970,NBA,All-NBA,1st,Jerry West,westje01
1970,NBA,All-NBA,2nd,Kareem Abdul-Jabbar,abdulka01
1970,NBA,All-NBA,2nd,John Havlicek,havlijo01
1970,NBA,All-NBA,2nd,Gus Johnson,johnsgu01
1970,NBA,All-NBA,2nd,Lou Hudson,hudsolo01
1970,NBA,All-NBA,2nd,Oscar Robertson,roberos01
1970,ABA,All-Rookie,1st,Mike Barrett,barremi01
1970,ABA,All-Rookie,1st,John Brisker,briskjo01
1970,ABA,All-Rookie,1st,Mack Calvin,calvima01
1970,ABA,All-Rookie,1st,Spencer Haywood,haywosp01
1970,ABA,All-Rookie,1st,Willie Wise,wisewi01
1970,NBA,All-Rookie,1st,Kareem Abdul-Jabbar,abdulka01
1970,NBA,All-Rookie,1st,Bob Dandridge,dandrbo01
1970,NBA,All-Rookie,1st,Mike Davis,davismi01
1970,NBA,All-Rookie,1st,Dick Garrett,garredi01
1970,NBA,All-Rookie,1st,Jo Jo White,whitejo01
1969,ABA,All-ABA,1st,Mel Daniels,danieme01
1969,ABA,All-ABA,1st,Rick Barry,barryri01
1969,ABA,All-ABA,1st,Connie Hawkins,hawkico01
1969,ABA,All-ABA,1st,Jimmy Jones,jonesji01
1969,ABA,All-ABA,1st,Larry Jones,jonesla01
1969,ABA,All-ABA,2nd,Red Robbins,robbire01
1969,ABA,All-ABA,2nd,John Beasley,beasljo01
1969,ABA,All-ABA,2nd,Doug Moe,moedo01
1969,ABA,All-ABA,2nd,Louie Dampier,dampilo01
1969,ABA,All-ABA,2nd,Donnie Freeman,freemdo01
1969,NBA,All-Defense,1st,Dave DeBusschere,debusda01
1969,NBA,All-Defense,1st,Walt Frazier,fraziwa01
1969,NBA,All-Defense,1st,Bill Russell,russebi01
1969,NBA,All-Defense,1st,Jerry Sloan,sloanje01
1969,NBA,All-Defense,1st,Nate Thurmond,thurmna01
1969,NBA,All-Defense,2nd,Bill Bridges,bridgbi01
1969,NBA,All-Defense,2nd,John Havlicek,havlijo01
1969,NBA,All-Defense,2nd,Rudy LaRusso,larusru01
1969,NBA,All-Defense,2nd,Tom Sanders,sandeto01
1969,NBA,All-Defense,2nd,Jerry West,westje01
1969,NBA,All-NBA,1st,Wes Unseld,unselwe01
1969,NBA,All-NBA,1st,Elgin Baylor,bayloel01
1969,NBA,All-NBA,1st,Billy Cunningham,cunnibi01
1969,NBA,All-NBA,1st,Earl Monroe,monroea01
1969,NBA,All-NBA,1st,Oscar Robertson,roberos01
1969,NBA,All-NBA,2nd,Willis Reed,reedwi01
1969,NBA,All-NBA,2nd,Dave DeBusschere,debusda01
1969,NBA,All-NBA,2nd,John Havlicek,havlijo01
1969,NBA,All-NBA,2nd,Hal Greer,greerha01
1969,NBA,All-NBA,2nd,Jerry West,westje01
1969,ABA,All-Rookie,1st,Ron Boone,boonero01
1969,ABA,All-Rookie,1st,Warren Jabali,jabalwa01
1969,ABA,All-Rookie,1st,Larry Miller,millela01
1969,ABA,All-Rookie,1st,Gene Moore,moorege01
1969,ABA,All-Rookie,1st,Walt Piatkowski,piatkwa01
1969,NBA,All-Rookie,1st,Gary Gregor,gregoga01
1969,NBA,All-Rookie,1st,Art Harris,harriar01
1969,NBA,All-Rookie,1st,Elvin Hayes,hayesel01
1969,NBA,All-Rookie,1st,Bill Hewitt,hewitbi01
1969,NBA,All-Rookie,1st,Wes Unseld,unselwe01
1968,ABA,All-ABA,1st,Mel Daniels,danieme01
1968,ABA,All-ABA,1st,Connie Hawkins,hawkico01
1968,ABA,All-ABA,1st,Doug Moe,moedo01
1968,ABA,All-ABA,1st,Larry Jones,jonesla01
1968,ABA,All-ABA,1st,Charlie Williams,willich01
1968,ABA,All-ABA,2nd,John Beasley,beasljo01
1968,ABA,All-ABA,2nd,Roger Brown,brownro01
1968,ABA,All-ABA,2nd,Cincy Powell,powelci01
1968,ABA,All-ABA,2nd,Larry Brown,brownla01
1968,ABA,All-ABA,2nd,Louie Dampier,dampilo01
1968,NBA,All-NBA,1st,Wilt Chamberlain,chambwi01
1968,NBA,All-NBA,1st,Elgin Baylor,bayloel01
1968,NBA,All-NBA,1st,Jerry Lucas,lucasje01
1968,NBA,All-NBA,1st,Dave Bing,bingda01
1968,NBA,All-NBA,1st,Oscar Robertson,roberos01
1968,NBA,All-NBA,2nd,Bill Russell,russebi01
1968,NBA,All-NBA,2nd,John Havlicek,havlijo01
1968,NBA,All-NBA,2nd,Willis Reed,reedwi01
1968,NBA,All-NBA,2nd,Hal Greer,greerha01
1968,NBA,All-NBA,2nd,Jerry West,westje01
1968,ABA,All-Rookie,1st,Louie Dampier,dampilo01
1968,ABA,All-Rookie,1st,Mel Daniels,danieme01
1968,ABA,All-Rookie,1st,Jimmy Jones,jonesji01
1968,ABA,All-Rookie,1st,Bob Netolicky,netolbo01
1968,ABA,All-Rookie,1st,Trooper Washington,washitr01
1968,NBA,All-Rookie,1st,Walt Frazier,fraziwa01
1968,NBA,All-Rookie,1st,Phil Jackson,jacksph01
1968,NBA,All-Rookie,1st,Earl Monroe,monroea01
1968,NBA,All-Rookie,1st,Bob Rule,rulebo01
1968,NBA,All-Rookie,1st,Al Tucker,tuckeal01
1967,NBA,All-NBA,1st,Wilt Chamberlain,chambwi01
1967,NBA,All-NBA,1st,Rick Barry,barryri01
1967,NBA,All-NBA,1st,Elgin Baylor,bayloel01
1967,NBA,All-NBA,1st,Oscar Robertson,roberos01
1967,NBA,All-NBA,1st,Jerry West,westje01
1967,NBA,All-NBA,2nd,Bill Russell,russebi01
1967,NBA,All-NBA,2nd,Jerry Lucas,lucasje01
1967,NBA,All-NBA,2nd,Willis Reed,reedwi01
1967,NBA,All-NBA,2nd,Hal Greer,greerha01
1967,NBA,All-NBA,2nd,Sam Jones,jonessa01
1967,NBA,All-Rookie,1st,Dave Bing,bingda01
1967,NBA,All-Rookie,1st,Lou Hudson,hudsolo01
1967,NBA,All-Rookie,1st,Jack Marin,marinja01
1967,NBA,All-Rookie,1st,Erwin Mueller,mueller01
1967,NBA,All-Rookie,1st,Cazzie Russell,russeca01
1966,NBA,All-NBA,1st,Wilt Chamberlain,chambwi01
1966,NBA,All-NBA,1st,Rick Barry,barryri01
1966,NBA,All-NBA,1st,Jerry Lucas,lucasje01
1966,NBA,All-NBA,1st,Oscar Robertson,roberos01
1966,NBA,All-NBA,1st,Jerry West,westje01
1966,NBA,All-NBA,2nd,Bill Russell,russebi01
1966,NBA,All-NBA,2nd,John Havlicek,havlijo01
1966,NBA,All-NBA,2nd,Gus Johnson,johnsgu01
1966,NBA,All-NBA,2nd,Hal Greer,greerha01
1966,NBA,All-NBA,2nd,Sam Jones,jonessa01
1966,NBA,All-Rookie,1st,Rick Barry,barryri01
1966,NBA,All-Rookie,1st,Billy Cunningham,cunnibi01
1966,NBA,All-Rookie,1st,Fred Hetzel,hetzefr01
1966,NBA,All-Rookie,1st,Dick Van Arsdale,vanardi01
1966,NBA,All-Rookie,1st,Tom Van Arsdale,vanarto01
1965,NBA,All-NBA,1st,Bill Russell,russebi01
1965,NBA,All-NBA,1st,Elgin Baylor,bayloel01
1965,NBA,All-NBA,1st,Jerry Lucas,lucasje01
1965,NBA,All-NBA,1st,Oscar Robertson,roberos01
1965,NBA,All-NBA,1st,Jerry West,westje01
1965,NBA,All-NBA,2nd,Wilt Chamberlain,chambwi01
1965,NBA,All-NBA,2nd,Gus Johnson,johnsgu01
1965,NBA,All-NBA,2nd,Bob Pettit,pettibo01
1965,NBA,All-NBA,2nd,Hal Greer,greerha01
1965,NBA,All-NBA,2nd,Sam Jones,jonessa01
1965,NBA,All-Rookie,1st,Jim Barnes,barneji01
1965,NBA,All-Rookie,1st,Luke Jackson,jackslu01
1965,NBA,All-Rookie,1st,Howard Komives,komivho01
1965,NBA,All-Rookie,1st,Willis Reed,reedwi01
1965,NBA,All-Rookie,1st,Joe Caldwell,caldwjo01
1965,NBA,All-Rookie,1st,Wali Jones,joneswa02
1964,NBA,All-NBA,1st,Wilt Chamberlain,chambwi01
1964,NBA,All-NBA,1st,Elgin Baylor,bayloel01
1964,NBA,All-NBA,1st,Bob Pettit,pettibo01
1964,NBA,All-NBA,1st,Oscar Robertson,roberos01
1964,NBA,All-NBA,1st,Jerry West,westje01
1964,NBA,All-NBA,2nd,Bill Russell,russebi01
1964,NBA,All-NBA,2nd,Tom Heinsohn,heinsto01
1964,NBA,All-NBA,2nd,Jerry Lucas,lucasje01
1964,NBA,All-NBA,2nd,Hal Greer,greerha01
1964,NBA,All-NBA,2nd,John Havlicek,havlijo01
1964,NBA,All-Rookie,1st,Art Heyman,heymaar01
1964,NBA,All-Rookie,1st,Gus Johnson,johnsgu01
1964,NBA,All-Rookie,1st,Jerry Lucas,lucasje01
1964,NBA,All-Rookie,1st,Rod Thorn,thornro01
1964,NBA,All-Rookie,1st,Nate Thurmond,thurmna01
1963,NBA,All-NBA,1st,Bill Russell,russebi01
1963,NBA,All-NBA,1st,Elgin Baylor,bayloel01
1963,NBA,All-NBA,1st,Bob Pettit,pettibo01
1963,NBA,All-NBA,1st,Oscar Robertson,roberos01
1963,NBA,All-NBA,1st,Jerry West,westje01
1963,NBA,All-NBA,2nd,Wilt Chamberlain,chambwi01
1963,NBA,All-NBA,2nd,Tom Heinsohn,heinsto01
1963,NBA,All-NBA,2nd,Bailey Howell,howelba01
1963,NBA,All-NBA,2nd,Bob Cousy,cousybo01
1963,NBA,All-NBA,2nd,Hal Greer,greerha01
1963,NBA,All-Rookie,1st,Zelmo Beaty,beatyze01
1963,NBA,All-Rookie,1st,Dave DeBusschere,debusda01
1963,NBA,All-Rookie,1st,Terry Dischinger,dischte01
1963,NBA,All-Rookie,1st,John Havlicek,havlijo01
1963,NBA,All-Rookie,1st,Chet Walker,walkech01
1962,NBA,All-NBA,1st,Wilt Chamberlain,chambwi01
1962,NBA,All-NBA,1st,Elgin Baylor,bayloel01
1962,NBA,All-NBA,1st,Bob Pettit,pettibo01
1962,NBA,All-NBA,1st,Oscar Robertson,roberos01
1962,NBA,All-NBA,1st,Jerry West,westje01
1962,NBA,All-NBA,2nd,Bill Russell,russebi01
1962,NBA,All-NBA,2nd,Tom Heinsohn,heinsto01
1962,NBA,All-NBA,2nd,Jack Twyman,twymaja01
1962,NBA,All-NBA,2nd,Bob Cousy,cousybo01
1962,NBA,All-NBA,2nd,Richie Guerin,gueriri01
1961,NBA,All-NBA,1st,Wilt Chamberlain,chambwi01
1961,NBA,All-NBA,1st,Elgin Baylor,bayloel01
1961,NBA,All-NBA,1st,Bob Pettit,pettibo01
1961,NBA,All-NBA,1st,Bob Cousy,cousybo01
1961,NBA,All-NBA,1st,Oscar Robertson,roberos01
1961,NBA,All-NBA,2nd,Bill Russell,russebi01
1961,NBA,All-NBA,2nd,Tom Heinsohn,heinsto01
1961,NBA,All-NBA,2nd,Dolph Schayes,schaydo01
1961,NBA,All-NBA,2nd,Larry Costello,costela01
1961,NBA,All-NBA,2nd,Gene Shue,shuege01
1960,NBA,All-NBA,1st,Wilt Chamberlain,chambwi01
1960,NBA,All-NBA,1st,Elgin Baylor,bayloel01
1960,NBA,All-NBA,1st,Bob Pettit,pettibo01
1960,NBA,All-NBA,1st,Bob Cousy,cousybo01
1960,NBA,All-NBA,1st,Gene Shue,shuege01
1960,NBA,All-NBA,2nd,Bill Russell,russebi01
1960,NBA,All-NBA,2nd,Dolph Schayes,schaydo01
1960,NBA,All-NBA,2nd,Jack Twyman,twymaja01
1960,NBA,All-NBA,2nd,Richie Guerin,gueriri01
1960,NBA,All-NBA,2nd,Bill Sharman,sharmbi01
1959,NBA,All-NBA,1st,Bill Russell,russebi01
1959,NBA,All-NBA,1st,Elgin Baylor,bayloel01
1959,NBA,All-NBA,1st,Bob Pettit,pettibo01
1959,NBA,All-NBA,1st,Bob Cousy,cousybo01
1959,NBA,All-NBA,1st,Bill Sharman,sharmbi01
1959,NBA,All-NBA,2nd,Dolph Schayes,schaydo01
1959,NBA,All-NBA,2nd,Paul Arizin,arizipa01
1959,NBA,All-NBA,2nd,Cliff Hagan,hagancl01
1959,NBA,All-NBA,2nd,Richie Guerin,gueriri01
1959,NBA,All-NBA,2nd,Slater Martin,martisl01
1958,NBA,All-NBA,1st,Bob Pettit,pettibo01
1958,NBA,All-NBA,1st,Dolph Schayes,schaydo01
1958,NBA,All-NBA,1st,George Yardley,yardlge01
1958,NBA,All-NBA,1st,Bob Cousy,cousybo01
1958,NBA,All-NBA,1st,Bill Sharman,sharmbi01
1958,NBA,All-NBA,2nd,Bill Russell,russebi01
1958,NBA,All-NBA,2nd,Cliff Hagan,hagancl01
1958,NBA,All-NBA,2nd,Maurice Stokes,stokema01
1958,NBA,All-NBA,2nd,Tom Gola,golato01
1958,NBA,All-NBA,2nd,Slater Martin,martisl01
1957,NBA,All-NBA,1st,Bob Pettit,pettibo01
1957,NBA,All-NBA,1st,Paul Arizin,arizipa01
1957,NBA,All-NBA,1st,Dolph Schayes,schaydo01
1957,NBA,All-NBA,1st,Bob Cousy,cousybo01
1957,NBA,All-NBA,1st,Bill Sharman,sharmbi01
1957,NBA,All-NBA,2nd,Neil Johnston,johnsne01
1957,NBA,All-NBA,2nd,Maurice Stokes,stokema01
1957,NBA,All-NBA,2nd,George Yardley,yardlge01
1957,NBA,All-NBA,2nd,Dick Garmaker,garmadi01
1957,NBA,All-NBA,2nd,Slater Martin,martisl01
1956,NBA,All-NBA,1st,Neil Johnston,johnsne01
1956,NBA,All-NBA,1st,Paul Arizin,arizipa01
1956,NBA,All-NBA,1st,Bob Pettit,pettibo01
1956,NBA,All-NBA,1st,Bob Cousy,cousybo01
1956,NBA,All-NBA,1st,Bill Sharman,sharmbi01
1956,NBA,All-NBA,2nd,Clyde Lovellette,lovelcl01
1956,NBA,All-NBA,2nd,Dolph Schayes,schaydo01
1956,NBA,All-NBA,2nd,Maurice Stokes,stokema01
1956,NBA,All-NBA,2nd,Jack George,georgja01
1956,NBA,All-NBA,2nd,Slater Martin,martisl01
1955,NBA,All-NBA,1st,Bob Cousy,cousybo01
1955,NBA,All-NBA,1st,Larry Foust,foustla01
1955,NBA,All-NBA,1st,Neil Johnston,johnsne01
1955,NBA,All-NBA,1st,Bob Pettit,pettibo01
1955,NBA,All-NBA,1st,Dolph Schayes,schaydo01
1955,NBA,All-NBA,2nd,Harry Gallatin,gallaha01
1955,NBA,All-NBA,2nd,Slater Martin,martisl01
1955,NBA,All-NBA,2nd,Vern Mikkelsen,mikkeve01
1955,NBA,All-NBA,2nd,Paul Seymour,seymopa01
1955,NBA,All-NBA,2nd,Bill Sharman,sharmbi01
1954,NBA,All-NBA,1st,Bob Cousy,cousybo01
1954,NBA,All-NBA,1st,Harry Gallatin,gallaha01
1954,NBA,All-NBA,1st,Neil Johnston,johnsne01
1954,NBA,All-NBA,1st,George Mikan,mikange01
1954,NBA,All-NBA,1st,Dolph Schayes,schaydo01
1954,NBA,All-NBA,2nd,Carl Braun,braunca01
1954,NBA,All-NBA,2nd,Ed Macauley,macaued01
1954,NBA,All-NBA,2nd,Jim Pollard,pollaji01
1954,NBA,All-NBA,2nd,Paul Seymour,seymopa01
1954,NBA,All-NBA,2nd,Bobby Wanzer,wanzebo01
1953,NBA,All-NBA,1st,Bob Cousy,cousybo01
1953,NBA,All-NBA,1st,Neil Johnston,johnsne01
1953,NBA,All-NBA,1st,Ed Macauley,macaued01
1953,NBA,All-NBA,1st,George Mikan,mikange01
1953,NBA,All-NBA,1st,Dolph Schayes,schaydo01
1953,NBA,All-NBA,2nd,Bob Davies,daviebo01
1953,NBA,All-NBA,2nd,Vern Mikkelsen,mikkeve01
1953,NBA,All-NBA,2nd,Andy Phillip,phillan01
1953,NBA,All-NBA,2nd,Bill Sharman,sharmbi01
1953,NBA,All-NBA,2nd,Bobby Wanzer,wanzebo01
1952,NBA,All-NBA,1st,Paul Arizin,arizipa01
1952,NBA,All-NBA,1st,Bob Cousy,cousybo01
1952,NBA,All-NBA,1st,Ed Macauley,macaued01
1952,NBA,All-NBA,1st,George Mikan,mikange01
1952,NBA,All-NBA,1st,Bob Davies,daviebo01
1952,NBA,All-NBA,1st,Dolph Schayes,schaydo01
1952,NBA,All-NBA,2nd,Larry Foust,foustla01
1952,NBA,All-NBA,2nd,Vern Mikkelsen,mikkeve01
1952,NBA,All-NBA,2nd,Andy Phillip,phillan01
1952,NBA,All-NBA,2nd,Jim Pollard,pollaji01
1952,NBA,All-NBA,2nd,Bobby Wanzer,wanzebo01
1951,NBA,All-NBA,1st,Ralph Beard,beardra01
1951,NBA,All-NBA,1st,Bob Davies,daviebo01
1951,NBA,All-NBA,1st,Alex Groza,grozaal01
1951,NBA,All-NBA,1st,Ed Macauley,macaued01
1951,NBA,All-NBA,1st,George Mikan,mikange01
1951,NBA,All-NBA,2nd,Frankie Brian,brianfr01
1951,NBA,All-NBA,2nd,Joe Fulks,fulksjo01
1951,NBA,All-NBA,2nd,Dick McGuire,mcguidi01
1951,NBA,All-NBA,2nd,Vern Mikkelsen,mikkeve01
1951,NBA,All-NBA,2nd,Dolph Schayes,schaydo01
1950,NBA,All-NBA,1st,Bob Davies,daviebo01
1950,NBA,All-NBA,1st,Alex Groza,grozaal01
1950,NBA,All-NBA,1st,George Mikan,mikange01
1950,NBA,All-NBA,1st,Jim Pollard,pollaji01
1950,NBA,All-NBA,1st,Max Zaslofsky,zasloma01
1950,NBA,All-NBA,2nd,Ralph Beard,beardra01
1950,NBA,All-NBA,2nd,Frankie Brian,brianfr01
1950,NBA,All-NBA,2nd,Al Cervi,cervial01
1950,NBA,All-NBA,2nd,Fred Schaus,schaufr01
1950,NBA,All-NBA,2nd,Dolph Schayes,schaydo01
1949,BAA,All-BAA,1st,Bob Davies,daviebo01
1949,BAA,All-BAA,1st,Joe Fulks,fulksjo01
1949,BAA,All-BAA,1st,George Mikan,mikange01
1949,BAA,All-BAA,1st,Jim Pollard,pollaji01
1949,BAA,All-BAA,1st,Max Zaslofsky,zasloma01
1949,BAA,All-BAA,2nd,Bob Feerick,feeribo01
1949,BAA,All-BAA,2nd,John Logan,loganjo01
1949,BAA,All-BAA,2nd,Bones McKinney,mckinbo01
1949,BAA,All-BAA,2nd,Arnie Risen,risenar01
1949,BAA,All-BAA,2nd,Kenny Sailors,sailoke01
1948,BAA,All-BAA,1st,Howie Dallmar,dallmho01
1948,BAA,All-BAA,1st,Bob Feerick,feeribo01
1948,BAA,All-BAA,1st,Joe Fulks,fulksjo01
1948,BAA,All-BAA,1st,Ed Sadowski,sadowed01
1948,BAA,All-BAA,1st,Max Zaslofsky,zasloma01
1948,BAA,All-BAA,2nd,Carl Braun,braunca01
1948,BAA,All-BAA,2nd,Buddy Jeannette,jeannbu01
1948,BAA,All-BAA,2nd,John Logan,loganjo01
1948,BAA,All-BAA,2nd,Stan Miasek,miasest01
1948,BAA,All-BAA,2nd,Fred Scolari,scolafr01
1947,BAA,All-BAA,1st,Bob Feerick,feeribo01
1947,BAA,All-BAA,1st,Joe Fulks,fulksjo01
1947,BAA,All-BAA,1st,Bones McKinney,mckinbo01
1947,BAA,All-BAA,1st,Stan Miasek,miasest01
1947,BAA,All-BAA,1st,Max Zaslofsky,zasloma01
1947,BAA,All-BAA,2nd,Frankie Baumholtz,baumhfr01
1947,BAA,All-BAA,2nd,Ernie Calverley,calveer01
1947,BAA,All-BAA,2nd,Chick Halbert,halbech01
1947,BAA,All-BAA,2nd,John Logan,loganjo01
1947,BAA,All-BAA,2nd,Fred Scolari,scolafr01
