season,lg,player,player_id,age
2025,nba,Evan Mobley,mobleev01,23
2025,nba,Dyson Daniels,daniedy01,21
2025,nba,Luguentz Dort,dortlu01,25
2025,nba,Draymond Green,greendr01,34
2025,nba,Amen Thompson,thompam01,22
2025,nba,Ivica Zubac,zubaciv01,27
2025,nba,Jaren Jackson Jr.,jacksja02,25
2025,nba,Jalen Williams,willija06,23
2025,nba,Toumani Camara,camarto01,24
2025,nba,Rudy Gobert,goberru01,32
2025,nba,OG Anunoby,anunoog01,27
2025,nba,Bam Adebayo,adebaba01,27
2025,nba,Derrick White,whitede01,30
2025,nba,Giannis Antetokounmpo,antetgi01,30
2025,nba,Shai Gilgeous-Alexander,gilgesh01,26
2025,nba,Jaden McDaniels,mcdanja02,24
2025,nba,Dillon Brooks,brookdi01,29
2025,nba,Jarrett Allen,allenja01,26
2025,nba,Anthony Edwards,edwaran01,23
2025,nba,Brook Lopez,lopezbr01,36
2025,nba,Myles Turner,turnemy01,28
2025,nba,Cason Wallace,wallaca01,21
2025,nba,Jalen Duren,durenja01,21
2025,nba,Josh Hart,hartjo01,29
2025,nba,Nikola Jokić,jokicni01,29
2025,nba,Jayson Tatum,tatumja01,26
2025,nba,Donovan Mitchell,mitchdo01,28
2025,nba,LeBron James,jamesle01,40
2025,nba,Stephen Curry,curryst01,36
2025,nba,Jalen Brunson,brunsja01,28
2025,nba,Cade Cunningham,cunnica01,23
2025,nba,Karl-Anthony Towns,townska01,29
2025,nba,Tyrese Haliburton,halibty01,24
2025,nba,James Harden,hardeja01,35
2025,nba,Alperen Şengün,sengual01,22
2025,nba,Darius Garland,garlada01,25
2025,nba,Domantas Sabonis,sabondo01,28
2025,nba,Pascal Siakam,siakapa01,30
2025,nba,Trae Young,youngtr01,26
2025,nba,Devin Booker,bookede01,28
2025,nba,Stephon Castle,castlst01,20
2025,nba,Zaccharie Risacher,risacza01,19
2025,nba,Jaylen Wells,wellsja01,21
2025,nba,Zach Edey,edeyza01,22
2025,nba,Alex Sarr,sarral01,19
2025,nba,Kel'el Ware,wareke01,20
2025,nba,Matas Buzelis,buzelma01,20
2025,nba,Yves Missi,missiyv01,20
2025,nba,Donovan Clingan,clingdo01,20
2025,nba,Bub Carrington,carrica01,19
2025,nba,Isaiah Collier,colliis01,20
2025,nba,Kyle Filipowski,filipky01,21
2025,nba,Ron Holland,hollaro01,19
2025,nba,Dalton Knecht,knechda01,23
2025,nba,Ryan Dunn,dunnry01,22
2025,nba,Jared McCain,mccaija01,20
2025,nba,Quinten Post,postqu01,24
2025,nba,Jamal Shead,sheadja01,22
2025,nba,Tristan Da Silva,dasiltr01,23
2025,nba,Rob Dillingham,dilliro01,20
2025,nba,Justin Edwards,edwarju01,21
2025,nba,Kyshawn George,georgky01,21
2025,nba,Reed Sheppard,sheppre01,20
2024,nba,Rudy Gobert,goberru01,31
2024,nba,Victor Wembanyama,wembavi01,20
2024,nba,Bam Adebayo,adebaba01,26
2024,nba,Herbert Jones,joneshe01,25
2024,nba,Anthony Davis,davisan02,30
2024,nba,Alex Caruso,carusal01,29
2024,nba,Jalen Suggs,suggsja01,22
2024,nba,Derrick White,whitede01,29
2024,nba,Jaden McDaniels,mcdanja02,23
2024,nba,Jrue Holiday,holidjr01,33
2024,nba,Luguentz Dort,dortlu01,24
2024,nba,Kawhi Leonard,leonaka01,32
2024,nba,Chet Holmgren,holmgch01,21
2024,nba,Jarrett Allen,allenja01,25
2024,nba,Shai Gilgeous-Alexander,gilgesh01,25
2024,nba,Giannis Antetokounmpo,antetgi01,29
2024,nba,Kentavious Caldwell-Pope,caldwke01,30
2024,nba,Brook Lopez,lopezbr01,35
2024,nba,Jaylen Brown,brownja02,27
2024,nba,Aaron Gordon,gordoaa01,28
2024,nba,Anthony Edwards,edwaran01,22
2024,nba,Domantas Sabonis,sabondo01,27
2024,nba,De'Aaron Fox,foxde01,26
2024,nba,Josh Hart,hartjo01,28
2024,nba,Dillon Brooks,brookdi01,28
2024,nba,Jayson Tatum,tatumja01,25
2024,nba,Kevin Durant,duranke01,35
2024,nba,Paul George,georgpa01,33
2024,nba,Jaren Jackson Jr.,jacksja02,24
2024,nba,Dejounte Murray,murrade01,27
2024,nba,Aaron Nesmith,nesmiaa01,24
2024,nba,Brandin Podziemski,podzibr01,20
2024,nba,Bobby Portis,portibo01,28
2024,nba,Myles Turner,turnemy01,27
2024,nba,Nikola Jokić,jokicni01,28
2024,nba,Luka Dončić,doncilu01,24
2024,nba,Jalen Brunson,brunsja01,27
2024,nba,LeBron James,jamesle01,39
2024,nba,Stephen Curry,curryst01,35
2024,nba,Tyrese Haliburton,halibty01,23
2024,nba,Devin Booker,bookede01,27
2024,nba,Tyrese Maxey,maxeyty01,23
2024,nba,Zion Williamson,willizi01,23
2024,nba,Paolo Banchero,banchpa01,21
2024,nba,DeMar DeRozan,derozde01,34
2024,nba,Brandon Miller,millebr02,21
2024,nba,Jaime Jaquez Jr.,jaqueja01,22
2024,nba,Dereck Lively II,livelde01,19
2024,nba,Amen Thompson,thompam01,21
2024,nba,Keyonte George,georgke01,20
2024,nba,Cason Wallace,wallaca01,20
2024,nba,GG Jackson II,jacksgg01,19
2024,nba,Trayce Jackson-Davis,jackstr02,23
2024,nba,Ausar Thompson,thompau01,21
2024,nba,Scoot Henderson,hendesc01,19
2024,nba,Bilal Coulibaly,coulibi01,19
2024,nba,Gradey Dick,dickgr01,20
2024,nba,Cam Whitmore,whitmca01,19
2024,nba,Toumani Camara,camarto01,23
2024,nba,Jordan Hawkins,hawkijo01,21
2024,nba,Duop Reath,reathdu01,27
2024,nba,Anthony Black,blackan01,20
2024,nba,Marcus Sasser,sassema01,23
2023,nba,Jaren Jackson Jr.,jacksja02,23
2023,nba,Jrue Holiday,holidjr01,32
2023,nba,Brook Lopez,lopezbr01,34
2023,nba,Evan Mobley,mobleev01,21
2023,nba,Alex Caruso,carusal01,28
2023,nba,Derrick White,whitede01,28
2023,nba,Draymond Green,greendr01,32
2023,nba,OG Anunoby,anunoog01,25
2023,nba,Dillon Brooks,brookdi01,27
2023,nba,Bam Adebayo,adebaba01,25
2023,nba,Giannis Antetokounmpo,antetgi01,28
2023,nba,Jaden McDaniels,mcdanja02,22
2023,nba,Marcus Smart,smartma01,28
2023,nba,Mikal Bridges,bridgmi01,26
2023,nba,Nic Claxton,claxtni01,23
2023,nba,Jimmy Butler,butleji01,33
2023,nba,Joel Embiid,embiijo01,28
2023,nba,Herbert Jones,joneshe01,24
2023,nba,Anthony Davis,davisan02,29
2023,nba,Luguentz Dort,dortlu01,23
2023,nba,Jaylen Brown,brownja02,26
2023,nba,Anthony Edwards,edwaran01,21
2023,nba,Matisse Thybulle,thybuma01,25
2023,nba,Jarrett Allen,allenja01,24
2023,nba,Shai Gilgeous-Alexander,gilgesh01,24
2023,nba,Dejounte Murray,murrade01,26
2023,nba,Paul George,georgpa01,32
2023,nba,Tyrese Haliburton,halibty01,22
2023,nba,Desmond Bane,banede01,24
2023,nba,Scottie Barnes,barnesc01,21
2023,nba,Patrick Beverley,beverpa01,34
2023,nba,Kevin Durant,duranke01,34
2023,nba,Aaron Gordon,gordoaa01,27
2023,nba,Walker Kessler,kesslwa01,21
2023,nba,De'Anthony Melton,meltode01,24
2023,nba,Chris Paul,paulch01,37
2023,nba,P.J. Tucker,tuckepj01,37
2023,nba,Delon Wright,wrighde01,30
2023,nba,Jayson Tatum,tatumja01,24
2023,nba,Luka Dončić,doncilu01,23
2023,nba,Nikola Jokić,jokicni01,27
2023,nba,Donovan Mitchell,mitchdo01,26
2023,nba,Stephen Curry,curryst01,34
2023,nba,Domantas Sabonis,sabondo01,26
2023,nba,De'Aaron Fox,foxde01,25
2023,nba,Damian Lillard,lillada01,32
2023,nba,Julius Randle,randlju01,28
2023,nba,LeBron James,jamesle01,38
2023,nba,Lauri Markkanen,markkla01,25
2023,nba,Ja Morant,moranja01,23
2023,nba,Jalen Brunson,brunsja01,26
2023,nba,Kawhi Leonard,leonaka01,31
2023,nba,Pascal Siakam,siakapa01,28
2023,nba,Devin Booker,bookede01,26
2023,nba,James Harden,hardeja01,33
2023,nba,DeMar DeRozan,derozde01,33
2023,nba,Kristaps Porziņģis,porzikr01,27
2023,nba,Zach LaVine,lavinza01,27
2023,nba,Trae Young,youngtr01,24
2023,nba,Paolo Banchero,banchpa01,20
2023,nba,Jalen Williams,willija06,21
2023,nba,Keegan Murray,murrake02,22
2023,nba,Bennedict Mathurin,mathube01,20
2023,nba,Jaden Ivey,iveyja01,20
2023,nba,Jalen Duren,durenja01,19
2023,nba,Jabari Smith Jr.,smithja05,19
2023,nba,Jeremy Sochan,sochaje01,19
2023,nba,Tari Eason,easonta01,21
2023,nba,Andrew Nembhard,nembhan01,23
2023,nba,Shaedon Sharpe,sharpsh01,19
2023,nba,AJ Griffin,griffaj01,19
2023,nba,Christian Braun,braunch01,21
2023,nba,Jaylin Williams,willija07,20
2023,nba,Jaden Hardy,hardyja02,20
2023,nba,Mark Williams,willima07,21
2023,nba,MarJon Beauchamp,beaucma01,22
2023,nba,Malaki Branham,branhma01,19
2023,nba,Dyson Daniels,daniedy01,19
2022,nba,Marcus Smart,smartma01,27
2022,nba,Mikal Bridges,bridgmi01,25
2022,nba,Rudy Gobert,goberru01,29
2022,nba,Giannis Antetokounmpo,antetgi01,27
2022,nba,Jaren Jackson Jr.,jacksja02,22
2022,nba,Bam Adebayo,adebaba01,24
2022,nba,Jrue Holiday,holidjr01,31
2022,nba,Matisse Thybulle,thybuma01,24
2022,nba,Robert Williams,williro04,24
2022,nba,Draymond Green,greendr01,31
2022,nba,Fred VanVleet,vanvlfr01,27
2022,nba,Joel Embiid,embiijo01,27
2022,nba,Dejounte Murray,murrade01,25
2022,nba,Chris Paul,paulch01,36
2022,nba,Evan Mobley,mobleev01,20
2022,nba,Herbert Jones,joneshe01,23
2022,nba,Patrick Beverley,beverpa01,33
2022,nba,Dorian Finney-Smith,finnedo01,28
2022,nba,Kyle Lowry,lowryky01,35
2022,nba,Jimmy Butler,butleji01,32
2022,nba,Alex Caruso,carusal01,27
2022,nba,Jayson Tatum,tatumja01,23
2022,nba,Gary Payton II,paytoga02,29
2022,nba,Derrick White,whitede01,27
2022,nba,Scottie Barnes,barnesc01,20
2022,nba,Jaylen Brown,brownja02,25
2022,nba,Al Horford,horfoal01,35
2022,nba,Jarrett Allen,allenja01,23
2022,nba,OG Anunoby,anunoog01,24
2022,nba,Deandre Ayton,aytonde01,23
2022,nba,Desmond Bane,banede01,23
2022,nba,Devin Booker,bookede01,25
2022,nba,Ayo Dosunmu,dosunay01,22
2022,nba,Kevin Durant,duranke01,33
2022,nba,Luka Dončić,doncilu01,22
2022,nba,Nikola Jokić,jokicni01,26
2022,nba,Ja Morant,moranja01,22
2022,nba,Stephen Curry,curryst01,33
2022,nba,DeMar DeRozan,derozde01,32
2022,nba,Karl-Anthony Towns,townska01,26
2022,nba,LeBron James,jamesle01,37
2022,nba,Trae Young,youngtr01,23
2022,nba,Pascal Siakam,siakapa01,27
2022,nba,Donovan Mitchell,mitchdo01,25
2022,nba,Kyrie Irving,irvinky01,29
2022,nba,Khris Middleton,middlkh01,30
2022,nba,Cade Cunningham,cunnica01,20
2022,nba,Franz Wagner,wagnefr01,20
2022,nba,Jalen Green,greenja05,19
2022,nba,Josh Giddey,giddejo01,19
2022,nba,Bones Hyland,hylanbo01,21
2022,nba,Chris Duarte,duartch01,24
2022,nba,Jonathan Kuminga,kuminjo01,19
2022,nba,Davion Mitchell,mitchda01,23
2022,nba,Alperen Şengün,sengual01,19
2022,nba,Jalen Suggs,suggsja01,20
2022,nba,Ziaire Williams,willizi02,20
2022,nba,Jose Alvarado,alvarjo01,23
2022,nba,Austin Reaves,reaveau01,23
2022,nba,Josh Christopher,chrisjo01,20
2022,nba,Trey Murphy III,murphtr02,21
2022,nba,Cam Thomas,thomaca02,20
2021,nba,Rudy Gobert,goberru01,28
2021,nba,Ben Simmons,simmobe01,24
2021,nba,Draymond Green,greendr01,30
2021,nba,Jrue Holiday,holidjr01,30
2021,nba,Giannis Antetokounmpo,antetgi01,26
2021,nba,Bam Adebayo,adebaba01,23
2021,nba,Jimmy Butler,butleji01,31
2021,nba,Joel Embiid,embiijo01,26
2021,nba,Matisse Thybulle,thybuma01,23
2021,nba,Kawhi Leonard,leonaka01,29
2021,nba,Mikal Bridges,bridgmi01,24
2021,nba,Clint Capela,capelca01,26
2021,nba,Myles Turner,turnemy01,24
2021,nba,Marcus Smart,smartma01,26
2021,nba,Luguentz Dort,dortlu01,21
2021,nba,Chris Paul,paulch01,35
2021,nba,Paul George,georgpa01,30
2021,nba,Alex Caruso,carusal01,26
2021,nba,Dejounte Murray,murrade01,24
2021,nba,Kentavious Caldwell-Pope,caldwke01,27
2021,nba,T.J. McConnell,mccontj01,28
2021,nba,Julius Randle,randlju01,26
2021,nba,Dennis Schröder,schrode01,27
2021,nba,OG Anunoby,anunoog01,23
2021,nba,Dillon Brooks,brookdi01,25
2021,nba,Danny Green,greenda02,33
2021,nba,Fred VanVleet,vanvlfr01,26
2021,nba,Jaylen Brown,brownja02,24
2021,nba,Mike Conley,conlemi01,33
2021,nba,Anthony Davis,davisan02,27
2021,nba,Royce O'Neale,onealro01,27
2021,nba,Robert Covington,covinro01,30
2021,nba,Jae Crowder,crowdja01,30
2021,nba,Donovan Mitchell,mitchdo01,24
2021,nba,Nerlens Noel,noelne01,26
2021,nba,Daniel Theis,theisda01,28
2021,nba,Russell Westbrook,westbru01,32
2021,nba,Andrew Wiggins,wiggian01,25
2021,nba,Christian Wood,woodch01,25
2021,nba,Nikola Jokić,jokicni01,25
2021,nba,Stephen Curry,curryst01,32
2021,nba,Luka Dončić,doncilu01,21
2021,nba,Damian Lillard,lillada01,30
2021,nba,LeBron James,jamesle01,36
2021,nba,Bradley Beal,bealbr01,27
2021,nba,Kyrie Irving,irvinky01,28
2021,nba,Jayson Tatum,tatumja01,22
2021,nba,James Harden,hardeja01,31
2021,nba,Zion Williamson,willizi01,20
2021,nba,Kevin Durant,duranke01,32
2021,nba,Devin Booker,bookede01,24
2021,nba,Domantas Sabonis,sabondo01,24
2021,nba,Nikola Vučević,vucevni01,30
2021,nba,Trae Young,youngtr01,22
2021,nba,Zach LaVine,lavinza01,25
2021,nba,Khris Middleton,middlkh01,29
2021,nba,LaMelo Ball,ballla01,19
2021,nba,Anthony Edwards,edwaran01,19
2021,nba,Tyrese Haliburton,halibty01,20
2021,nba,Saddiq Bey,beysa01,21
2021,nba,Jae'Sean Tate,tateja01,25
2021,nba,Immanuel Quickley,quickim01,21
2021,nba,Desmond Bane,banede01,22
2021,nba,Isaiah Stewart,stewais01,19
2021,nba,Isaac Okoro,okorois01,20
2021,nba,Patrick Williams,willipa01,19
2021,nba,Facundo Campazzo,campafa01,29
2021,nba,Cole Anthony,anthoco01,20
2021,nba,James Wiseman,wisemja01,19
2021,nba,Payton Pritchard,pritcpa01,23
2021,nba,Jaden McDaniels,mcdanja02,20
2021,nba,Tyrese Maxey,maxeyty01,20
2021,nba,Théo Maledon,maledth01,19
2021,nba,Xavier Tillman Sr.,tillmxa01,22
2021,nba,KJ Martin,martike04,20
2021,nba,Chuma Okeke,okekech01,22
2021,nba,Aleksej Pokusevski,pokusal01,19
2021,nba,Devin Vassell,vassede01,20
2020,nba,Giannis Antetokounmpo,antetgi01,25
2020,nba,Anthony Davis,davisan02,26
2020,nba,Ben Simmons,simmobe01,23
2020,nba,Rudy Gobert,goberru01,27
2020,nba,Marcus Smart,smartma01,25
2020,nba,Kawhi Leonard,leonaka01,28
2020,nba,Brook Lopez,lopezbr01,31
2020,nba,Bam Adebayo,adebaba01,22
2020,nba,Patrick Beverley,beverpa01,31
2020,nba,Eric Bledsoe,bledser01,30
2020,nba,Kris Dunn,dunnkr01,25
2020,nba,P.J. Tucker,tuckepj01,34
2020,nba,Jimmy Butler,butleji01,30
2020,nba,Kyle Lowry,lowryky01,33
2020,nba,Jayson Tatum,tatumja01,21
2020,nba,Jrue Holiday,holidjr01,29
2020,nba,Chris Paul,paulch01,34
2020,nba,Joel Embiid,embiijo01,25
2020,nba,Pascal Siakam,siakapa01,25
2020,nba,LeBron James,jamesle01,35
2020,nba,Myles Turner,turnemy01,23
2020,nba,Paul George,georgpa01,29
2020,nba,OG Anunoby,anunoog01,22
2020,nba,Jaylen Brown,brownja02,23
2020,nba,Donte DiVincenzo,divindo01,23
2020,nba,Luka Dončić,doncilu01,20
2020,nba,Andre Drummond,drumman01,26
2020,nba,James Harden,hardeja01,30
2020,nba,Dejounte Murray,murrade01,23
2020,nba,Fred VanVleet,vanvlfr01,25
2020,nba,Hassan Whiteside,whiteha01,30
2020,nba,Steven Adams,adamsst01,26
2020,nba,Jarrett Allen,allenja01,21
2020,nba,Aron Baynes,baynear01,33
2020,nba,Avery Bradley,bradlav01,29
2020,nba,Jonathan Isaac,isaacjo01,22
2020,nba,Damian Lillard,lillada01,29
2020,nba,Khris Middleton,middlkh01,28
2020,nba,Kristaps Porziņģis,porzikr01,24
2020,nba,Matisse Thybulle,thybuma01,22
2020,nba,Russell Westbrook,westbru01,31
2020,nba,Nikola Jokić,jokicni01,24
2020,nba,Bradley Beal,bealbr01,26
2020,nba,Trae Young,youngtr01,21
2020,nba,Donovan Mitchell,mitchdo01,23
2020,nba,Brandon Ingram,ingrabr01,22
2020,nba,Kemba Walker,walkeke02,29
2020,nba,Devin Booker,bookede01,23
2020,nba,Karl-Anthony Towns,townska01,24
2020,nba,Zach LaVine,lavinza01,24
2020,nba,Ja Morant,moranja01,20
2020,nba,Kendrick Nunn,nunnke01,24
2020,nba,Brandon Clarke,clarkbr01,23
2020,nba,Zion Williamson,willizi01,19
2020,nba,Eric Paschall,pascher01,23
2020,nba,Tyler Herro,herroty01,20
2020,nba,Terence Davis,daviste02,22
2020,nba,Coby White,whiteco01,19
2020,nba,P.J. Washington,washipj01,21
2020,nba,Rui Hachimura,hachiru01,21
2020,nba,RJ Barrett,barrerj01,19
2020,nba,Darius Garland,garlada01,20
2020,nba,De'Andre Hunter,huntede01,22
2020,nba,Michael Porter Jr.,portemi01,21
2020,nba,Jaxson Hayes,hayesja02,19
2020,nba,Cameron Johnson,johnsca02,23
2020,nba,Cody Martin,martico01,24
2019,nba,Rudy Gobert,goberru01,26
2019,nba,Paul George,georgpa01,28
2019,nba,Giannis Antetokounmpo,antetgi01,24
2019,nba,Marcus Smart,smartma01,24
2019,nba,Eric Bledsoe,bledser01,29
2019,nba,Jrue Holiday,holidjr01,28
2019,nba,Klay Thompson,thompkl01,28
2019,nba,Joel Embiid,embiijo01,24
2019,nba,Draymond Green,greendr01,28
2019,nba,Kawhi Leonard,leonaka01,27
2019,nba,Danny Green,greenda02,31
2019,nba,Patrick Beverley,beverpa01,30
2019,nba,Myles Turner,turnemy01,22
2019,nba,P.J. Tucker,tuckepj01,33
2019,nba,Pascal Siakam,siakapa01,24
2019,nba,Derrick White,whitede01,24
2019,nba,Jimmy Butler,butleji01,29
2019,nba,Russell Westbrook,westbru01,30
2019,nba,Chris Paul,paulch01,33
2019,nba,Robert Covington,covinro01,28
2019,nba,Paul Millsap,millspa01,33
2019,nba,Kevin Durant,duranke01,30
2019,nba,James Harden,hardeja01,29
2019,nba,Al Horford,horfoal01,32
2019,nba,Malcolm Brogdon,brogdma01,26
2019,nba,Kyle Lowry,lowryky01,32
2019,nba,Josh Richardson,richajo01,25
2019,nba,Stephen Curry,curryst01,30
2019,nba,Anthony Davis,davisan02,25
2019,nba,Derrick Favors,favorde01,27
2019,nba,Joe Ingles,inglejo01,31
2019,nba,Donovan Mitchell,mitchdo01,22
2019,nba,Ben Simmons,simmobe01,22
2019,nba,Thaddeus Young,youngth01,30
2019,nba,Bam Adebayo,adebaba01,21
2019,nba,Kyle Anderson,anderky01,25
2019,nba,Bradley Beal,bealbr01,25
2019,nba,Jordan Bell,belljo01,24
2019,nba,Jaylen Brown,brownja02,22
2019,nba,Mike Conley,conlemi01,31
2019,nba,Ed Davis,davised01,29
2019,nba,Andre Drummond,drumman01,25
2019,nba,Terrance Ferguson,fergute01,20
2019,nba,De'Aaron Fox,foxde01,21
2019,nba,Shai Gilgeous-Alexander,gilgesh01,20
2019,nba,Gary Harris,harriga01,24
2019,nba,Andre Iguodala,iguodan01,35
2019,nba,Kyrie Irving,irvinky01,26
2019,nba,Nikola Jokić,jokicni01,23
2019,nba,Damian Lillard,lillada01,28
2019,nba,Brook Lopez,lopezbr01,30
2019,nba,Khris Middleton,middlkh01,27
2019,nba,Ricky Rubio,rubiori01,28
2019,nba,Blake Griffin,griffbl01,29
2019,nba,LeBron James,jamesle01,34
2019,nba,Kemba Walker,walkeke02,28
2019,nba,Karl-Anthony Towns,townska01,23
2019,nba,LaMarcus Aldridge,aldrila01,33
2019,nba,Danilo Gallinari,gallida01,30
2019,nba,Nikola Vučević,vucevni01,28
2019,nba,Luka Dončić,doncilu01,19
2019,nba,Dwyane Wade,wadedw01,37
2019,nba,DeMar DeRozan,derozde01,29
2019,nba,D'Angelo Russell,russeda01,22
2019,nba,Tobias Harris,harrito02,26
2019,nba,Marvin Bagley III,baglema01,19
2019,nba,Devin Booker,bookede01,22
2019,nba,Eric Gordon,gordoer01,30
2019,nba,Domantas Sabonis,sabondo01,22
2019,nba,Lou Williams,willilo02,32
2019,nba,Trae Young,youngtr01,20
2019,nba,Deandre Ayton,aytonde01,20
2019,nba,Jaren Jackson Jr.,jacksja02,19
2019,nba,Collin Sexton,sextoco01,20
2019,nba,Landry Shamet,shamela01,21
2019,nba,Mitchell Robinson,robinmi01,20
2019,nba,Kevin Huerter,huertke01,20
2019,nba,Mikal Bridges,bridgmi01,22
2019,nba,Kevin Knox,knoxke01,19
2019,nba,Josh Okogie,okogijo01,20
2019,nba,Jalen Brunson,brunsja01,22
2019,nba,Allonzo Trier,trieral01,23
2019,nba,Rodions Kurucs,kurucro01,20
2019,nba,Wendell Carter Jr.,cartewe01,19
2019,nba,Miles Bridges,bridgmi02,20
2019,nba,Bruce Brown,brownbr01,22
2019,nba,Harry Giles,gilesha01,20
2019,nba,Mo Bamba,bambamo01,20
2019,nba,Aaron Holiday,holidaa01,22
2018,nba,Rudy Gobert,goberru01,25
2018,nba,Anthony Davis,davisan02,24
2018,nba,Victor Oladipo,oladivi01,25
2018,nba,Jrue Holiday,holidjr01,27
2018,nba,Robert Covington,covinro01,27
2018,nba,Joel Embiid,embiijo01,23
2018,nba,Draymond Green,greendr01,27
2018,nba,Al Horford,horfoal01,31
2018,nba,Dejounte Murray,murrade01,21
2018,nba,Jimmy Butler,butleji01,28
2018,nba,Chris Paul,paulch01,32
2018,nba,Paul George,georgpa01,27
2018,nba,Giannis Antetokounmpo,antetgi01,23
2018,nba,Kevin Durant,duranke01,29
2018,nba,Klay Thompson,thompkl01,27
2018,nba,Josh Richardson,richajo01,24
2018,nba,Marcus Smart,smartma01,23
2018,nba,Andre Roberson,roberan03,26
2018,nba,Jaylen Brown,brownja02,21
2018,nba,Ben Simmons,simmobe01,21
2018,nba,P.J. Tucker,tuckepj01,32
2018,nba,Kyle Lowry,lowryky01,31
2018,nba,Russell Westbrook,westbru01,29
2018,nba,Danny Green,greenda02,30
2018,nba,Luc Mbah a Moute,mbahalu01,31
2018,nba,Ricky Rubio,rubiori01,27
2018,nba,Andre Drummond,drumman01,24
2018,nba,Gary Harris,harriga01,23
2018,nba,LaMarcus Aldridge,aldrila01,32
2018,nba,Al-Farouq Aminu,aminual01,27
2018,nba,Avery Bradley,bradlav01,27
2018,nba,Steven Adams,adamsst01,24
2018,nba,Will Barton,bartowi01,27
2018,nba,Eric Bledsoe,bledser01,28
2018,nba,Ed Davis,davised01,28
2018,nba,Derrick Favors,favorde01,26
2018,nba,LeBron James,jamesle01,33
2018,nba,DeAndre Jordan,jordade01,29
2018,nba,Damian Lillard,lillada01,27
2018,nba,Donovan Mitchell,mitchdo01,21
2018,nba,Fred VanVleet,vanvlfr01,23
2018,nba,James Harden,hardeja01,28
2018,nba,DeMar DeRozan,derozde01,28
2018,nba,Stephen Curry,curryst01,29
2018,nba,Karl-Anthony Towns,townska01,22
2018,nba,Kyrie Irving,irvinky01,25
2018,nba,Nikola Jokić,jokicni01,22
2018,nba,Clint Capela,capelca01,23
2018,nba,Trevor Ariza,arizatr01,32
2018,nba,DeMarcus Cousins,couside01,27
2018,nba,Dwight Howard,howardw01,32
2018,nba,Kevin Love,loveke01,29
2018,nba,Kristaps Porziņģis,porzikr01,22
2018,nba,Jayson Tatum,tatumja01,19
2018,nba,Kyle Kuzma,kuzmaky01,22
2018,nba,Lauri Markkanen,markkla01,20
2018,nba,Dennis Smith Jr.,smithde03,20
2018,nba,Lonzo Ball,balllo01,20
2018,nba,John Collins,collijo01,20
2018,nba,Bogdan Bogdanović,bogdabo01,25
2018,nba,Josh Jackson,jacksjo02,20
2018,nba,Bam Adebayo,adebaba01,20
2018,nba,De'Aaron Fox,foxde01,20
2018,nba,OG Anunoby,anunoog01,20
2018,nba,Jarrett Allen,allenja01,19
2018,nba,Dillon Brooks,brookdi01,22
2018,nba,Jordan Bell,belljo01,23
2018,nba,Royce O'Neale,onealro01,24
2018,nba,Miloš Teodosić,teodomi01,30
2018,nba,Zach Collins,colliza01,20
2018,nba,Luke Kennard,kennalu01,21
2018,nba,Frank Mason III,masonfr01,23
2018,nba,Malik Monk,monkma01,19
2018,nba,Frank Ntilikina,ntilila01,19
2018,nba,Semi Ojeleye,ojelese01,23
2018,nba,Sindarius Thornwell,thornsi01,23
2017,nba,Draymond Green,greendr01,26
2017,nba,Rudy Gobert,goberru01,24
2017,nba,Kawhi Leonard,leonaka01,25
2017,nba,Chris Paul,paulch01,31
2017,nba,Patrick Beverley,beverpa01,28
2017,nba,Tony Allen,allento01,35
2017,nba,Danny Green,greenda02,29
2017,nba,Anthony Davis,davisan02,23
2017,nba,Andre Roberson,roberan03,25
2017,nba,Giannis Antetokounmpo,antetgi01,22
2017,nba,Avery Bradley,bradlav01,26
2017,nba,Klay Thompson,thompkl01,26
2017,nba,John Wall,walljo01,26
2017,nba,DeAndre Jordan,jordade01,28
2017,nba,Paul Millsap,millspa01,31
2017,nba,Hassan Whiteside,whiteha01,27
2017,nba,Marcus Smart,smartma01,22
2017,nba,Jimmy Butler,butleji01,27
2017,nba,LeBron James,jamesle01,32
2017,nba,Robert Covington,covinro01,26
2017,nba,Russell Westbrook,westbru01,28
2017,nba,Paul George,georgpa01,26
2017,nba,Kevin Durant,duranke01,28
2017,nba,Dwight Howard,howardw01,31
2017,nba,Mike Conley,conlemi01,29
2017,nba,Jae Crowder,crowdja01,26
2017,nba,Jrue Holiday,holidjr01,26
2017,nba,Wesley Matthews,matthwe02,30
2017,nba,Stephen Curry,curryst01,28
2017,nba,Andre Iguodala,iguodan01,33
2017,nba,Michael Kidd-Gilchrist,kiddgmi01,23
2017,nba,Ricky Rubio,rubiori01,26
2017,nba,P.J. Tucker,tuckepj01,31
2017,nba,Trevor Ariza,arizatr01,31
2017,nba,Nicolas Batum,batumni01,28
2017,nba,Marc Gasol,gasolma01,32
2017,nba,Eric Gordon,gordoer01,28
2017,nba,Karl-Anthony Towns,townska01,21
2017,nba,Steven Adams,adamsst01,23
2017,nba,LaMarcus Aldridge,aldrila01,31
2017,nba,Al-Farouq Aminu,aminual01,26
2017,nba,Kentavious Caldwell-Pope,caldwke01,23
2017,nba,George Hill,hillge01,30
2017,nba,Serge Ibaka,ibakase01,27
2017,nba,Damian Lillard,lillada01,26
2017,nba,Luc Mbah a Moute,mbahalu01,30
2017,nba,Austin Rivers,riverau01,24
2017,nba,Isaiah Thomas,thomais02,27
2017,nba,Cody Zeller,zelleco01,24
2017,nba,James Harden,hardeja01,27
2017,nba,DeMar DeRozan,derozde01,27
2017,nba,DeMarcus Cousins,couside01,26
2017,nba,Gordon Hayward,haywago01,26
2017,nba,Kyrie Irving,irvinky01,24
2017,nba,Nikola Jokić,jokicni01,21
2017,nba,Blake Griffin,griffbl01,27
2017,nba,Al Horford,horfoal01,30
2017,nba,Malcolm Brogdon,brogdma01,24
2017,nba,Dario Šarić,saricda01,22
2017,nba,Joel Embiid,embiijo01,22
2017,nba,Willy Hernangómez,hernawi01,22
2017,nba,Jamal Murray,murraja01,19
2017,nba,Jaylen Brown,brownja02,20
2017,nba,Marquese Chriss,chrisma01,19
2017,nba,Brandon Ingram,ingrabr01,19
2017,nba,Rodney McGruder,mcgruro01,25
2017,nba,Caris LeVert,leverca01,22
2017,nba,Domantas Sabonis,sabondo01,20
2017,nba,Tyler Ulis,ulisty01,21
2017,nba,Patrick McCaw,mccawpa01,21
2017,nba,Skal Labissière,labissk01,20
2017,nba,Kris Dunn,dunnkr01,22
2017,nba,Juancho Hernangómez,hernaju01,21
2017,nba,Taurean Prince,princta02,22
2017,nba,Isaiah Whitehead,whiteis01,21
2017,nba,Álex Abrines,abrinal01,23
2017,nba,Dāvis Bertāns,bertada01,24
2017,nba,Thon Maker,makerth01,19
2017,nba,Dejounte Murray,murrade01,20
2017,nba,Andrew Harrison,harrian01,22
2017,nba,DeAndre' Bembry,bembrde01,22
2017,nba,Dragan Bender,bendedr01,19
2017,nba,Malcolm Delaney,delanma01,27
2017,nba,Jakob Poeltl,poeltja01,21
2017,nba,Fred VanVleet,vanvlfr01,22
2016,nba,Kawhi Leonard,leonaka01,24
2016,nba,Draymond Green,greendr01,25
2016,nba,Avery Bradley,bradlav01,25
2016,nba,Chris Paul,paulch01,30
2016,nba,DeAndre Jordan,jordade01,27
2016,nba,Hassan Whiteside,whiteha01,26
2016,nba,Tony Allen,allento01,34
2016,nba,Paul Millsap,millspa01,30
2016,nba,Jimmy Butler,butleji01,26
2016,nba,Paul George,georgpa01,25
2016,nba,Rudy Gobert,goberru01,23
2016,nba,Klay Thompson,thompkl01,25
2016,nba,Jae Crowder,crowdja01,25
2016,nba,LeBron James,jamesle01,31
2016,nba,Kyle Lowry,lowryky01,29
2016,nba,Danny Green,greenda02,28
2016,nba,Russell Westbrook,westbru01,27
2016,nba,Tim Duncan,duncati01,39
2016,nba,Ricky Rubio,rubiori01,25
2016,nba,Kentavious Caldwell-Pope,caldwke01,22
2016,nba,Anthony Davis,davisan02,22
2016,nba,Andre Drummond,drumman01,22
2016,nba,Serge Ibaka,ibakase01,26
2016,nba,Stephen Curry,curryst01,27
2016,nba,Andre Iguodala,iguodan01,32
2016,nba,Patrick Beverley,beverpa01,27
2016,nba,Al Horford,horfoal01,29
2016,nba,Marcus Smart,smartma01,21
2016,nba,John Wall,walljo01,25
2016,nba,Giannis Antetokounmpo,antetgi01,21
2016,nba,Trevor Ariza,arizatr01,30
2016,nba,Kent Bazemore,bazemke01,26
2016,nba,Andrew Bogut,bogutan01,31
2016,nba,DeMarcus Cousins,couside01,25
2016,nba,Nicolas Batum,batumni01,27
2016,nba,Victor Oladipo,oladivi01,23
2016,nba,LaMarcus Aldridge,aldrila01,30
2016,nba,Harrison Barnes,barneha02,23
2016,nba,Bismack Biyombo,biyombi01,23
2016,nba,Mike Conley,conlemi01,28
2016,nba,Kevin Durant,duranke01,27
2016,nba,Derrick Favors,favorde01,24
2016,nba,George Hill,hillge01,29
2016,nba,Wesley Matthews,matthwe02,29
2016,nba,Luc Mbah a Moute,mbahalu01,29
2016,nba,Kristaps Porziņģis,porzikr01,20
2016,nba,Andre Roberson,roberan03,24
2016,nba,Mike Scott,scottmi01,27
2016,nba,Dwyane Wade,wadedw01,34
2016,nba,Damian Lillard,lillada01,25
2016,nba,James Harden,hardeja01,26
2016,nba,Karl-Anthony Towns,townska01,20
2016,nba,DeMar DeRozan,derozde01,26
2016,nba,Isaiah Thomas,thomais02,26
2016,nba,Pau Gasol,gasolpa01,35
2016,nba,Dirk Nowitzki,nowitdi01,37
2016,nba,Kemba Walker,walkeke02,25
2016,nba,Gordon Hayward,haywago01,25
2016,nba,Dwight Howard,howardw01,30
2016,nba,Carmelo Anthony,anthoca01,31
2016,nba,Marc Gasol,gasolma01,31
2016,nba,Blake Griffin,griffbl01,26
2016,nba,Brook Lopez,lopezbr01,27
2016,nba,Tony Parker,parketo01,33
2016,nba,Devin Booker,bookede01,19
2016,nba,Nikola Jokić,jokicni01,20
2016,nba,Jahlil Okafor,okafoja01,20
2016,nba,Justise Winslow,winslju01,19
2016,nba,D'Angelo Russell,russeda01,19
2016,nba,Emmanuel Mudiay,mudiaem01,19
2016,nba,Myles Turner,turnemy01,19
2016,nba,Willie Cauley-Stein,caulewi01,22
2016,nba,Josh Richardson,richajo01,22
2016,nba,Frank Kaminsky,kaminfr01,22
2016,nba,Stanley Johnson,johnsst04,19
2016,nba,Trey Lyles,lylestr01,20
2016,nba,Bobby Portis,portibo01,20
2016,nba,T.J. McConnell,mccontj01,23
2016,nba,Mario Hezonja,hezonma01,20
2016,nba,Larry Nance Jr.,nancela02,23
2016,nba,Norman Powell,powelno01,22
2016,nba,Justin Anderson,anderju01,22
2016,nba,Rondae Hollis-Jefferson,holliro01,21
2016,nba,Boban Marjanović,marjabo01,27
2016,nba,Jonathon Simmons,simmojo02,26
2016,nba,Jerian Grant,grantje02,23
2016,nba,Marcelo Huertas,huertma01,32
2016,nba,Raul Neto,netora01,23
2016,nba,Cameron Payne,payneca01,21
2016,nba,Joe Young,youngjo01,23
2015,nba,Kawhi Leonard,leonaka01,23
2015,nba,Draymond Green,greendr01,24
2015,nba,Tony Allen,allento01,33
2015,nba,DeAndre Jordan,jordade01,26
2015,nba,Chris Paul,paulch01,29
2015,nba,Anthony Davis,davisan02,21
2015,nba,Jimmy Butler,butleji01,25
2015,nba,Andrew Bogut,bogutan01,30
2015,nba,John Wall,walljo01,24
2015,nba,Tim Duncan,duncati01,38
2015,nba,Rudy Gobert,goberru01,22
2015,nba,LeBron James,jamesle01,30
2015,nba,Russell Westbrook,westbru01,26
2015,nba,Avery Bradley,bradlav01,24
2015,nba,Michael Kidd-Gilchrist,kiddgmi01,21
2015,nba,Klay Thompson,thompkl01,24
2015,nba,Marc Gasol,gasolma01,30
2015,nba,Danny Green,greenda02,27
2015,nba,Trevor Ariza,arizatr01,29
2015,nba,Stephen Curry,curryst01,26
2015,nba,DeMarre Carroll,carrode01,28
2015,nba,Patrick Beverley,beverpa01,26
2015,nba,Khris Middleton,middlkh01,23
2015,nba,Serge Ibaka,ibakase01,25
2015,nba,Andre Iguodala,iguodan01,31
2015,nba,Paul Millsap,millspa01,29
2015,nba,Jeff Teague,teaguje01,26
2015,nba,Mike Conley,conlemi01,27
2015,nba,Joakim Noah,noahjo01,29
2015,nba,Nerlens Noel,noelne01,20
2015,nba,P.J. Tucker,tuckepj01,29
2015,nba,Giannis Antetokounmpo,antetgi01,20
2015,nba,Pau Gasol,gasolpa01,34
2015,nba,Wesley Matthews,matthwe02,28
2015,nba,James Harden,hardeja01,25
2015,nba,Marcus Smart,smartma01,20
2015,nba,Hassan Whiteside,whiteha01,25
2015,nba,Eric Bledsoe,bledser01,25
2015,nba,DeMarcus Cousins,couside01,24
2015,nba,Andre Drummond,drumman01,21
2015,nba,Manu Ginóbili,ginobma01,37
2015,nba,Blake Griffin,griffbl01,25
2015,nba,George Hill,hillge01,28
2015,nba,Al Horford,horfoal01,28
2015,nba,Victor Oladipo,oladivi01,22
2015,nba,Zaza Pachulia,pachuza01,30
2015,nba,Elfrid Payton,paytoel01,20
2015,nba,Zach Randolph,randoza01,33
2015,nba,Rajon Rondo,rondora01,28
2015,nba,Iman Shumpert,shumpim01,24
2015,nba,Dwyane Wade,wadedw01,33
2015,nba,LaMarcus Aldridge,aldrila01,29
2015,nba,Kyrie Irving,irvinky01,22
2015,nba,Damian Lillard,lillada01,24
2015,nba,Nikola Vučević,vucevni01,24
2015,nba,DeMar DeRozan,derozde01,25
2015,nba,Rudy Gay,gayru01,28
2015,nba,Gordon Hayward,haywago01,24
2015,nba,Kyle Korver,korveky01,33
2015,nba,Dirk Nowitzki,nowitdi01,36
2015,nba,Carmelo Anthony,anthoca01,30
2015,nba,Tyson Chandler,chandty01,32
2015,nba,Brook Lopez,lopezbr01,26
2015,nba,Kevin Love,loveke01,26
2015,nba,Kyle Lowry,lowryky01,28
2015,nba,Andrew Wiggins,wiggian01,19
2015,nba,Nikola Mirotić,mirotni01,23
2015,nba,Jordan Clarkson,clarkjo01,22
2015,nba,Zach LaVine,lavinza01,19
2015,nba,Bojan Bogdanović,bogdabo02,25
2015,nba,Jusuf Nurkić,nurkiju01,20
2015,nba,Langston Galloway,gallola01,23
2015,nba,Rodney Hood,hoodro01,22
2015,nba,Dante Exum,exumda01,19
2015,nba,Jabari Parker,parkeja01,19
2015,nba,Mitch McGary,mcgarmi01,22
2015,nba,Aaron Gordon,gordoaa01,19
2015,nba,Spencer Dinwiddie,dinwisp01,21
2015,nba,Jerami Grant,grantje01,20
2015,nba,Kostas Papanikolaou,papanko01,24
2015,nba,T.J. Warren,warretj01,21
2015,nba,Damjan Rudež,rudezda01,28
2015,nba,Joe Ingles,inglejo01,27
2015,nba,JaKarr Sampson,sampsja02,21
2015,nba,James Ennis III,ennisja01,24
2015,nba,Cory Jefferson,jeffeco01,24
2015,nba,Tyler Johnson,johnsty01,22
2015,nba,Shabazz Napier,napiesh01,23
2015,nba,Nik Stauskas,stausni01,21
2015,nba,James Young,youngja01,19
2014,nba,Joakim Noah,noahjo01,28
2014,nba,Paul George,georgpa01,23
2014,nba,Chris Paul,paulch01,28
2014,nba,Serge Ibaka,ibakase01,24
2014,nba,Andre Iguodala,iguodan01,30
2014,nba,LeBron James,jamesle01,29
2014,nba,Patrick Beverley,beverpa01,25
2014,nba,Jimmy Butler,butleji01,24
2014,nba,Kawhi Leonard,leonaka01,22
2014,nba,Roy Hibbert,hibbero01,27
2014,nba,DeAndre Jordan,jordade01,25
2014,nba,Anthony Davis,davisan02,20
2014,nba,Tony Allen,allento01,32
2014,nba,Tim Duncan,duncati01,37
2014,nba,Dwight Howard,howardw01,28
2014,nba,Mike Conley,conlemi01,26
2014,nba,Taj Gibson,gibsota01,28
2014,nba,Ricky Rubio,rubiori01,23
2014,nba,Lance Stephenson,stephla01,23
2014,nba,P.J. Tucker,tuckepj01,28
2014,nba,Kevin Durant,duranke01,25
2014,nba,Kyle Lowry,lowryky01,27
2014,nba,Eric Bledsoe,bledser01,24
2014,nba,Marc Gasol,gasolma01,29
2014,nba,Thabo Sefolosha,sefolth01,29
2014,nba,John Wall,walljo01,23
2014,nba,Kirk Hinrich,hinriki01,33
2014,nba,Trevor Ariza,arizatr01,28
2014,nba,Avery Bradley,bradlav01,23
2014,nba,Klay Thompson,thompkl01,23
2014,nba,Russell Westbrook,westbru01,25
2014,nba,Andrew Bogut,bogutan01,29
2014,nba,Chris Bosh,boshch01,29
2014,nba,Luol Deng,denglu01,28
2014,nba,Wesley Matthews,matthwe02,27
2014,nba,Tony Parker,parketo01,31
2014,nba,Nicolas Batum,batumni01,25
2014,nba,Stephen Curry,curryst01,25
2014,nba,Danny Green,greenda02,26
2014,nba,Michael Kidd-Gilchrist,kiddgmi01,20
2014,nba,Shaun Livingston,livinsh01,28
2014,nba,Victor Oladipo,oladivi01,21
2014,nba,Matt Barnes,barnema02,33
2014,nba,DeMarre Carroll,carrode01,27
2014,nba,James Harden,hardeja01,24
2014,nba,George Hill,hillge01,27
2014,nba,Jeff Teague,teaguje01,25
2014,nba,Dwyane Wade,wadedw01,32
2014,nba,Kemba Walker,walkeke02,23
2014,nba,David West,westda01,33
2014,nba,Arron Afflalo,afflaar01,28
2014,nba,Corey Brewer,breweco01,27
2014,nba,Michael Carter-Williams,cartemi01,22
2014,nba,Darren Collison,collida01,26
2014,nba,DeMar DeRozan,derozde01,24
2014,nba,Andre Drummond,drumman01,20
2014,nba,Monta Ellis,ellismo01,28
2014,nba,Danny Granger,grangda01,30
2014,nba,Draymond Green,greendr01,23
2014,nba,Reggie Jackson,jacksre01,23
2014,nba,David Lee,leeda02,30
2014,nba,Paul Millsap,millspa01,28
2014,nba,Rajon Rondo,rondora01,27
2014,nba,Blake Griffin,griffbl01,24
2014,nba,Kevin Love,loveke01,25
2014,nba,LaMarcus Aldridge,aldrila01,28
2014,nba,Al Jefferson,jeffeal01,29
2014,nba,Damian Lillard,lillada01,23
2014,nba,Goran Dragić,dragigo01,27
2014,nba,Carmelo Anthony,anthoca01,29
2014,nba,Dirk Nowitzki,nowitdi01,35
2014,nba,DeMarcus Cousins,couside01,23
2014,nba,Kyrie Irving,irvinky01,21
2014,nba,Joe Johnson,johnsjo02,32
2014,nba,Zach Randolph,randoza01,32
2014,nba,Ty Lawson,lawsoty01,26
2014,nba,Trey Burke,burketr01,21
2014,nba,Mason Plumlee,plumlma01,23
2014,nba,Tim Hardaway Jr.,hardati02,21
2014,nba,Kelly Olynyk,olynyke01,22
2014,nba,Giannis Antetokounmpo,antetgi01,19
2014,nba,Gorgui Dieng,dienggo01,24
2014,nba,Cody Zeller,zelleco01,21
2014,nba,Steven Adams,adamsst01,20
2014,nba,Ben McLemore,mclembe01,20
2014,nba,Pero Antić,anticpe01,31
2014,nba,Nick Calathes,calatni01,24
2014,nba,Ryan Kelly,kellyry01,22
2014,nba,Matthew Dellavedova,dellama01,23
2014,nba,Nate Wolters,woltena01,22
2014,nba,Ray McCallum,mccalra01,22
2014,nba,Kentavious Caldwell-Pope,caldwke01,20
2014,nba,Hollis Thompson,thompho01,22
2014,nba,Tony Snell,snellto01,22
2014,nba,Phil Pressey,pressph01,22
2014,nba,Anthony Bennett,bennean01,20
2014,nba,Reggie Bullock,bullore01,22
2014,nba,Robert Covington,covinro01,23
2014,nba,Alex Len,lenal01,20
2014,nba,CJ McCollum,mccolcj01,22
2014,nba,Shabazz Muhammad,muhamsh01,21
2014,nba,Andre Roberson,roberan03,22
2014,nba,Jeff Withey,witheje01,23
2013,nba,Tony Allen,allento01,31
2013,nba,LeBron James,jamesle01,28
2013,nba,Serge Ibaka,ibakase01,23
2013,nba,Chris Paul,paulch01,27
2013,nba,Tyson Chandler,chandty01,30
2013,nba,Joakim Noah,noahjo01,27
2013,nba,Paul George,georgpa01,22
2013,nba,Avery Bradley,bradlav01,22
2013,nba,Tim Duncan,duncati01,36
2013,nba,Mike Conley,conlemi01,25
2013,nba,Marc Gasol,gasolma01,28
2013,nba,Andre Iguodala,iguodan01,29
2013,nba,Larry Sanders,sandela01,24
2013,nba,Thabo Sefolosha,sefolth01,28
2013,nba,Luol Deng,denglu01,27
2013,nba,Dwight Howard,howardw01,27
2013,nba,Kobe Bryant,bryanko01,34
2013,nba,Roy Hibbert,hibbero01,26
2013,nba,Kenneth Faried,farieke01,23
2013,nba,Russell Westbrook,westbru01,24
2013,nba,Shane Battier,battish01,34
2013,nba,Nicolas Batum,batumni01,24
2013,nba,Corey Brewer,breweco01,26
2013,nba,George Hill,hillge01,26
2013,nba,Mike James,jamesmi01,37
2013,nba,Kawhi Leonard,leonaka01,21
2013,nba,Tony Parker,parketo01,30
2013,nba,Dwyane Wade,wadedw01,31
2013,nba,Metta World Peace,artesro01,33
2013,nba,Eric Bledsoe,bledser01,23
2013,nba,Kevin Durant,duranke01,24
2013,nba,Jrue Holiday,holidjr01,22
2013,nba,Andrei Kirilenko,kirilan01,31
2013,nba,Iman Shumpert,shumpim01,22
2013,nba,David West,westda01,32
2013,nba,Carmelo Anthony,anthoca01,28
2013,nba,Blake Griffin,griffbl01,23
2013,nba,James Harden,hardeja01,23
2013,nba,David Lee,leeda02,29
2013,nba,Brook Lopez,lopezbr01,24
2013,nba,Stephen Curry,curryst01,24
2013,nba,LaMarcus Aldridge,aldrila01,27
2013,nba,Chris Bosh,boshch01,28
2013,nba,Zach Randolph,randoza01,31
2013,nba,Al Horford,horfoal01,26
2013,nba,Paul Pierce,piercpa01,35
2013,nba,Al Jefferson,jeffeal01,28
2013,nba,Kevin Garnett,garneke01,36
2013,nba,Ty Lawson,lawsoty01,25
2013,nba,Josh Smith,smithjo03,27
2013,nba,Deron Williams,willide01,28
2013,nba,Pau Gasol,gasolpa01,32
2013,nba,Ömer Aşık,asikom01,26
2013,nba,Raymond Felton,feltora01,28
2013,nba,Kyrie Irving,irvinky01,20
2013,nba,Carlos Boozer,boozeca01,31
2013,nba,Rudy Gay,gayru01,26
2013,nba,J.J. Hickson,hicksjj01,24
2013,nba,Dirk Nowitzki,nowitdi01,34
2013,nba,Nikola Peković,pekovni01,27
2013,nba,Rajon Rondo,rondora01,26
2013,nba,Nikola Vučević,vucevni01,22
2013,nba,Damian Lillard,lillada01,22
2013,nba,Bradley Beal,bealbr01,19
2013,nba,Anthony Davis,davisan02,19
2013,nba,Dion Waiters,waitedi01,21
2013,nba,Harrison Barnes,barneha02,20
2013,nba,Andre Drummond,drumman01,19
2013,nba,Jonas Valančiūnas,valanjo01,20
2013,nba,Michael Kidd-Gilchrist,kiddgmi01,19
2013,nba,Kyle Singler,singlky01,24
2013,nba,Tyler Zeller,zellety01,23
2013,nba,Maurice Harkless,harklma01,19
2013,nba,Alexey Shved,shvedal01,24
2013,nba,Chris Copeland,copelch01,28
2013,nba,Brian Roberts,roberbr01,27
2013,nba,Andrew Nicholson,nichoan01,23
2013,nba,Jae Crowder,crowdja01,22
2013,nba,Festus Ezeli,ezelife01,23
2013,nba,Draymond Green,greendr01,22
2013,nba,John Jenkins,jenkijo01,21
2013,nba,Terrence Jones,joneste01,21
2013,nba,Pablo Prigioni,prigipa01,35
2013,nba,Terrence Ross,rosste01,21
2013,nba,Jeff Taylor,tayloje03,23
2012,nba,LeBron James,jamesle01,27
2012,nba,Serge Ibaka,ibakase01,22
2012,nba,Dwight Howard,howardw01,26
2012,nba,Chris Paul,paulch01,26
2012,nba,Tony Allen,allento01,30
2012,nba,Tyson Chandler,chandty01,29
2012,nba,Rajon Rondo,rondora01,25
2012,nba,Kevin Garnett,garneke01,35
2012,nba,Luol Deng,denglu01,26
2012,nba,Kobe Bryant,bryanko01,33
2012,nba,Andre Iguodala,iguodan01,28
2012,nba,Joakim Noah,noahjo01,26
2012,nba,Iman Shumpert,shumpim01,21
2012,nba,Paul George,georgpa01,21
2012,nba,Russell Westbrook,westbru01,23
2012,nba,Josh Smith,smithjo03,26
2012,nba,Tim Duncan,duncati01,35
2012,nba,Grant Hill,hillgr01,39
2012,nba,Thabo Sefolosha,sefolth01,27
2012,nba,Dwyane Wade,wadedw01,30
2012,nba,Avery Bradley,bradlav01,21
2012,nba,Marc Gasol,gasolma01,27
2012,nba,Shawn Marion,mariosh01,33
2012,nba,Metta World Peace,artesro01,32
2012,nba,Mike Conley,conlemi01,24
2012,nba,Joe Johnson,johnsjo02,30
2012,nba,Carlos Boozer,boozeca01,30
2012,nba,Jrue Holiday,holidjr01,21
2012,nba,Luc Mbah a Moute,mbahalu01,25
2012,nba,Derrick Rose,rosede01,23
2012,nba,Kevin Durant,duranke01,23
2012,nba,Andrew Bynum,bynuman01,24
2012,nba,Tony Parker,parketo01,29
2012,nba,Kevin Love,loveke01,23
2012,nba,Blake Griffin,griffbl01,22
2012,nba,Carmelo Anthony,anthoca01,27
2012,nba,Dirk Nowitzki,nowitdi01,33
2012,nba,LaMarcus Aldridge,aldrila01,26
2012,nba,Paul Pierce,piercpa01,34
2012,nba,Al Jefferson,jeffeal01,27
2012,nba,Pau Gasol,gasolpa01,31
2012,nba,Steve Nash,nashst01,37
2012,nba,Deron Williams,willide01,27
2012,nba,Rudy Gay,gayru01,25
2012,nba,James Harden,hardeja01,22
2012,nba,Roy Hibbert,hibbero01,25
2012,nba,Manu Ginóbili,ginobma01,34
2012,nba,Danny Granger,grangda01,28
2012,nba,Chris Bosh,boshch01,27
2012,nba,Monta Ellis,ellismo01,26
2012,nba,Marcin Gortat,gortama01,27
2012,nba,Paul Millsap,millspa01,26
2012,nba,Luis Scola,scolalu01,31
2012,nba,DeMarcus Cousins,couside01,21
2012,nba,David Lee,leeda02,28
2012,nba,Kyrie Irving,irvinky01,19
2012,nba,Ricky Rubio,rubiori01,21
2012,nba,Kenneth Faried,farieke01,22
2012,nba,Klay Thompson,thompkl01,21
2012,nba,Kawhi Leonard,leonaka01,20
2012,nba,Brandon Knight,knighbr03,20
2012,nba,Chandler Parsons,parsoch01,23
2012,nba,Isaiah Thomas,thomais02,22
2012,nba,MarShon Brooks,brookma01,23
2012,nba,Tristan Thompson,thomptr01,20
2012,nba,Derrick Williams,willide02,20
2012,nba,Markieff Morris,morrima02,22
2012,nba,Kemba Walker,walkeke02,21
2012,nba,Bismack Biyombo,biyombi01,19
2012,nba,Alec Burks,burksal01,20
2012,nba,Norris Cole,coleno01,23
2012,nba,Gustavo Ayón,ayongu01,26
2012,nba,Enes Freedom,kanteen01,19
2012,nba,Greg Stiemsma,stiemgr01,26
2012,nba,Nikola Vučević,vucevni01,21
2011,nba,Dwight Howard,howardw01,25
2011,nba,Rajon Rondo,rondora01,24
2011,nba,LeBron James,jamesle01,26
2011,nba,Kobe Bryant,bryanko01,32
2011,nba,Kevin Garnett,garneke01,34
2011,nba,Tony Allen,allento01,29
2011,nba,Chris Paul,paulch01,25
2011,nba,Tyson Chandler,chandty01,28
2011,nba,Andre Iguodala,iguodan01,27
2011,nba,Joakim Noah,noahjo01,25
2011,nba,Derrick Rose,rosede01,22
2011,nba,Dwyane Wade,wadedw01,29
2011,nba,Russell Westbrook,westbru01,22
2011,nba,Luol Deng,denglu01,25
2011,nba,Tim Duncan,duncati01,34
2011,nba,Grant Hill,hillgr01,38
2011,nba,Gerald Wallace,wallage01,28
2011,nba,Chuck Hayes,hayesch01,27
2011,nba,Al Horford,horfoal01,24
2011,nba,Josh Smith,smithjo03,25
2011,nba,Metta World Peace,artesro01,31
2011,nba,Serge Ibaka,ibakase01,21
2011,nba,Shane Battier,battish01,32
2011,nba,Thabo Sefolosha,sefolth01,26
2011,nba,Wesley Matthews,matthwe02,24
2011,nba,Nicolas Batum,batumni01,22
2011,nba,Kendrick Perkins,perkike01,26
2011,nba,Keith Bogans,boganke01,30
2011,nba,Manu Ginóbili,ginobma01,33
2011,nba,Joe Johnson,johnsjo02,29
2011,nba,Kyle Lowry,lowryky01,24
2011,nba,Luc Mbah a Moute,mbahalu01,24
2011,nba,Lamar Odom,odomla01,31
2011,nba,Arron Afflalo,afflaar01,25
2011,nba,Andrew Bogut,bogutan01,26
2011,nba,Ronnie Brewer,brewero02,25
2011,nba,Andrew Bynum,bynuman01,23
2011,nba,Nenê,hilarne01,28
2011,nba,Kirk Hinrich,hinriki01,30
2011,nba,Jrue Holiday,holidjr01,20
2011,nba,Shawn Marion,mariosh01,32
2011,nba,Tayshaun Prince,princta01,30
2011,nba,Kevin Durant,duranke01,22
2011,nba,Dirk Nowitzki,nowitdi01,32
2011,nba,Amar'e Stoudemire,stoudam01,28
2011,nba,Pau Gasol,gasolpa01,30
2011,nba,LaMarcus Aldridge,aldrila01,25
2011,nba,Zach Randolph,randoza01,29
2011,nba,Paul Pierce,piercpa01,33
2011,nba,Carmelo Anthony,anthoca01,26
2011,nba,Kevin Love,loveke01,22
2011,nba,Blake Griffin,griffbl01,21
2011,nba,Tony Parker,parketo01,28
2011,nba,Deron Williams,willide01,26
2011,nba,Steve Nash,nashst01,36
2011,nba,Monta Ellis,ellismo01,25
2011,nba,Kevin Martin,martike02,27
2011,nba,Marc Gasol,gasolma01,26
2011,nba,Al Jefferson,jeffeal01,26
2011,nba,Andrea Bargnani,bargnan01,25
2011,nba,Chris Bosh,boshch01,26
2011,nba,Ray Allen,allenra02,35
2011,nba,Eric Gordon,gordoer01,22
2011,nba,Jason Kidd,kiddja01,37
2011,nba,Emeka Okafor,okafoem01,28
2011,nba,Luis Scola,scolalu01,30
2011,nba,John Wall,walljo01,20
2011,nba,Landry Fields,fieldla01,22
2011,nba,DeMarcus Cousins,couside01,20
2011,nba,Gary Neal,nealga01,26
2011,nba,Greg Monroe,monrogr01,20
2011,nba,Wesley Johnson,johnswe01,23
2011,nba,Eric Bledsoe,bledser01,21
2011,nba,Paul George,georgpa01,20
2011,nba,Evan Turner,turneev01,22
2011,nba,Ed Davis,davised01,21
2011,nba,Gordon Hayward,haywago01,20
2011,nba,Ömer Aşık,asikom01,24
2011,nba,Patrick Patterson,pattepa01,21
2011,nba,Al-Farouq Aminu,aminual01,20
2011,nba,Tiago Splitter,splitti01,26
2011,nba,Trevor Booker,booketr01,23
2011,nba,Christian Eyenga,eyengch01,21
2011,nba,Ekpe Udoh,udohek01,23
2010,nba,Dwight Howard,howardw01,24
2010,nba,Rajon Rondo,rondora01,23
2010,nba,LeBron James,jamesle01,25
2010,nba,Kobe Bryant,bryanko01,31
2010,nba,Gerald Wallace,wallage01,27
2010,nba,Tim Duncan,duncati01,33
2010,nba,Josh Smith,smithjo03,24
2010,nba,Dwyane Wade,wadedw01,28
2010,nba,Anderson Varejão,varejan01,27
2010,nba,Thabo Sefolosha,sefolth01,25
2010,nba,Marcus Camby,cambyma01,35
2010,nba,Jason Kidd,kiddja01,36
2010,nba,Metta World Peace,artesro01,30
2010,nba,Deron Williams,willide01,25
2010,nba,Kirk Hinrich,hinriki01,29
2010,nba,Andrew Bogut,bogutan01,25
2010,nba,Luc Mbah a Moute,mbahalu01,23
2010,nba,Arron Afflalo,afflaar01,24
2010,nba,Kevin Garnett,garneke01,33
2010,nba,Kenyon Martin,martike01,32
2010,nba,Shane Battier,battish01,31
2010,nba,Grant Hill,hillgr01,37
2010,nba,Joakim Noah,noahjo01,24
2010,nba,Kendrick Perkins,perkike01,25
2010,nba,Trevor Ariza,arizatr01,24
2010,nba,Andrei Kirilenko,kirilan01,28
2010,nba,Russell Westbrook,westbru01,21
2010,nba,Nicolas Batum,batumni01,21
2010,nba,Manu Ginóbili,ginobma01,32
2010,nba,George Hill,hillge01,23
2010,nba,Andre Iguodala,iguodan01,26
2010,nba,Joe Johnson,johnsjo02,28
2010,nba,Jermaine O'Neal,onealje01,31
2010,nba,Lamar Odom,odomla01,30
2010,nba,Luis Scola,scolalu01,29
2010,nba,Chauncey Billups,billuch01,33
2010,nba,Caron Butler,butleca01,29
2010,nba,Jared Dudley,dudleja01,24
2010,nba,Kevin Durant,duranke01,21
2010,nba,Raymond Felton,feltora01,25
2010,nba,Marc Gasol,gasolma01,25
2010,nba,Pau Gasol,gasolpa01,29
2010,nba,Chuck Hayes,hayesch01,26
2010,nba,Brendan Haywood,haywobr01,30
2010,nba,Nenê,hilarne01,27
2010,nba,Al Horford,horfoal01,23
2010,nba,Serge Ibaka,ibakase01,20
2010,nba,Ersan İlyasova,ilyaser01,22
2010,nba,Stephen Jackson,jacksst02,31
2010,nba,Chris Paul,paulch01,24
2010,nba,Tayshaun Prince,princta01,29
2010,nba,Earl Watson,watsoea01,30
2010,nba,Steve Nash,nashst01,35
2010,nba,Dirk Nowitzki,nowitdi01,31
2010,nba,Carmelo Anthony,anthoca01,25
2010,nba,Amar'e Stoudemire,stoudam01,27
2010,nba,Brandon Roy,roybr01,25
2010,nba,Chris Bosh,boshch01,25
2010,nba,David Lee,leeda02,26
2010,nba,Carlos Boozer,boozeca01,28
2010,nba,Zach Randolph,randoza01,28
2010,nba,Derrick Rose,rosede01,21
2010,nba,Chris Kaman,kamanch01,27
2010,nba,Brook Lopez,lopezbr01,21
2010,nba,Paul Pierce,piercpa01,32
2010,nba,Andrew Bynum,bynuman01,22
2010,nba,Danny Granger,grangda01,26
2010,nba,Tony Parker,parketo01,27
2010,nba,David West,westda01,29
2010,nba,Mo Williams,willima01,27
2010,nba,Stephen Curry,curryst01,21
2010,nba,Tyreke Evans,evansty01,20
2010,nba,Brandon Jennings,jennibr01,20
2010,nba,Darren Collison,collida01,22
2010,nba,Taj Gibson,gibsota01,24
2010,nba,Marcus Thornton,thornma01,22
2010,nba,DeJuan Blair,blairde01,20
2010,nba,Jonny Flynn,flynnjo01,20
2010,nba,James Harden,hardeja01,20
2010,nba,Jonas Jerebko,jerebjo01,22
2010,nba,Wesley Matthews,matthwe02,23
2010,nba,Omri Casspi,casspom01,21
2010,nba,Chase Budinger,budinch01,21
2010,nba,Jrue Holiday,holidjr01,19
2010,nba,Ty Lawson,lawsoty01,22
2010,nba,Toney Douglas,douglto01,23
2010,nba,Rodrigue Beaubois,beaubro01,21
2010,nba,DeMar DeRozan,derozde01,20
2010,nba,Sam Young,youngsa01,24
2009,nba,Dwight Howard,howardw01,23
2009,nba,Kobe Bryant,bryanko01,30
2009,nba,LeBron James,jamesle01,24
2009,nba,Chris Paul,paulch01,23
2009,nba,Kevin Garnett,garneke01,32
2009,nba,Tim Duncan,duncati01,32
2009,nba,Dwyane Wade,wadedw01,27
2009,nba,Rajon Rondo,rondora01,22
2009,nba,Shane Battier,battish01,30
2009,nba,Metta World Peace,artesro01,29
2009,nba,Tayshaun Prince,princta01,28
2009,nba,Raja Bell,bellra01,32
2009,nba,Joel Przybilla,przybjo01,29
2009,nba,Chauncey Billups,billuch01,32
2009,nba,Ronnie Brewer,brewero02,23
2009,nba,Andre Iguodala,iguodan01,25
2009,nba,Yao Ming,mingya01,28
2009,nba,Emeka Okafor,okafoem01,26
2009,nba,Deron Williams,willide01,24
2009,nba,Kendrick Perkins,perkike01,24
2009,nba,Samuel Dalembert,dalemsa01,27
2009,nba,Derek Fisher,fishede01,34
2009,nba,Udonis Haslem,hasleud01,28
2009,nba,Jason Kidd,kiddja01,35
2009,nba,Anderson Varejão,varejan01,26
2009,nba,Trevor Ariza,arizatr01,23
2009,nba,Kirk Hinrich,hinriki01,28
2009,nba,Joe Johnson,johnsjo02,27
2009,nba,Andrei Kirilenko,kirilan01,27
2009,nba,David Lee,leeda02,25
2009,nba,James Posey,poseyja01,32
2009,nba,J.R. Smith,smithjr01,23
2009,nba,Gerald Wallace,wallage01,26
2009,nba,Chris Andersen,anderch01,30
2009,nba,Pau Gasol,gasolpa01,28
2009,nba,Nenê,hilarne01,26
2009,nba,Antonio McDyess,mcdyean01,34
2009,nba,Andre Miller,millean02,32
2009,nba,Travis Outlaw,outlatr01,24
2009,nba,Brandon Roy,roybr01,24
2009,nba,Rasheed Wallace,wallara01,34
2009,nba,Dirk Nowitzki,nowitdi01,30
2009,nba,Paul Pierce,piercpa01,31
2009,nba,Tony Parker,parketo01,26
2009,nba,Carmelo Anthony,anthoca01,24
2009,nba,Shaquille O'Neal,onealsh01,36
2009,nba,Chris Bosh,boshch01,24
2009,nba,Kevin Durant,duranke01,20
2009,nba,Danny Granger,grangda01,25
2009,nba,David West,westda01,28
2009,nba,Mo Williams,willima01,26
2009,nba,Al Jefferson,jeffeal01,24
2009,nba,Antawn Jamison,jamisan01,32
2009,nba,Steve Nash,nashst01,34
2009,nba,Ray Allen,allenra02,33
2009,nba,Devin Harris,harride01,25
2009,nba,LaMarcus Aldridge,aldrila01,23
2009,nba,Carlos Boozer,boozeca01,27
2009,nba,Caron Butler,butleca01,28
2009,nba,Vince Carter,cartevi01,32
2009,nba,Paul Millsap,millspa01,23
2009,nba,Jermaine O'Neal,onealje01,30
2009,nba,Derrick Rose,rosede01,20
2009,nba,Hedo Türkoğlu,turkohe01,29
2009,nba,O.J. Mayo,mayooj01,21
2009,nba,Russell Westbrook,westbru01,20
2009,nba,Brook Lopez,lopezbr01,20
2009,nba,Michael Beasley,beaslmi01,20
2009,nba,Eric Gordon,gordoer01,20
2009,nba,Kevin Love,loveke01,20
2009,nba,Mario Chalmers,chalmma01,22
2009,nba,Marc Gasol,gasolma01,24
2009,nba,D.J. Augustin,augusdj01,21
2009,nba,Rudy Fernández,fernaru01,23
2009,nba,Courtney Lee,leeco01,23
2009,nba,Jason Thompson,thompja02,22
2009,nba,Greg Oden,odengr01,21
2009,nba,Marreese Speights,speigma01,21
2009,nba,Robin Lopez,lopezro01,20
2008,nba,Kobe Bryant,bryanko01,29
2008,nba,Kevin Garnett,garneke01,31
2008,nba,Marcus Camby,cambyma01,33
2008,nba,Bruce Bowen,bowenbr01,36
2008,nba,Tim Duncan,duncati01,31
2008,nba,Shane Battier,battish01,29
2008,nba,Chris Paul,paulch01,22
2008,nba,Dwight Howard,howardw01,22
2008,nba,Tayshaun Prince,princta01,27
2008,nba,Raja Bell,bellra01,31
2008,nba,Chauncey Billups,billuch01,31
2008,nba,Jason Kidd,kiddja01,34
2008,nba,Rasheed Wallace,wallara01,33
2008,nba,Rajon Rondo,rondora01,21
2008,nba,Tyson Chandler,chandty01,25
2008,nba,Josh Smith,smithjo03,22
2008,nba,Deron Williams,willide01,23
2008,nba,Metta World Peace,artesro01,28
2008,nba,Andrei Kirilenko,kirilan01,26
2008,nba,Derek Fisher,fishede01,33
2008,nba,Manu Ginóbili,ginobma01,30
2008,nba,LeBron James,jamesle01,23
2008,nba,Samuel Dalembert,dalemsa01,26
2008,nba,Kirk Hinrich,hinriki01,27
2008,nba,Andre Iguodala,iguodan01,24
2008,nba,Paul Pierce,piercpa01,30
2008,nba,Brandon Roy,roybr01,23
2008,nba,Chris Bosh,boshch01,23
2008,nba,Ronnie Brewer,brewero02,22
2008,nba,Caron Butler,butleca01,27
2008,nba,Baron Davis,davisba01,28
2008,nba,Richard Hamilton,hamilri01,29
2008,nba,Josh Howard,howarjo01,27
2008,nba,Andre Miller,millean02,31
2008,nba,Dikembe Mutombo,mutomdi01,41
2008,nba,Andrés Nocioni,nocioan01,28
2008,nba,Amar'e Stoudemire,stoudam01,25
2008,nba,Steve Nash,nashst01,33
2008,nba,Dirk Nowitzki,nowitdi01,29
2008,nba,Carlos Boozer,boozeca01,26
2008,nba,Tracy McGrady,mcgratr01,28
2008,nba,Yao Ming,mingya01,27
2008,nba,Allen Iverson,iversal01,32
2008,nba,Carmelo Anthony,anthoca01,23
2008,nba,David West,westda01,27
2008,nba,Antawn Jamison,jamisan01,31
2008,nba,Al Jefferson,jeffeal01,23
2008,nba,Joe Johnson,johnsjo02,26
2008,nba,Pau Gasol,gasolpa01,27
2008,nba,Shaquille O'Neal,onealsh01,35
2008,nba,Ray Allen,allenra02,32
2008,nba,Kevin Martin,martike02,24
2008,nba,Hedo Türkoğlu,turkohe01,28
2008,nba,Tony Parker,parketo01,25
2008,nba,Michael Redd,reddmi01,28
2008,nba,Al Horford,horfoal01,21
2008,nba,Kevin Durant,duranke01,19
2008,nba,Luis Scola,scolalu01,27
2008,nba,Al Thornton,thornal01,24
2008,nba,Jeff Green,greenje02,21
2008,nba,Jamario Moon,moonja01,27
2008,nba,Juan Carlos Navarro,navarju01,27
2008,nba,Thaddeus Young,youngth01,19
2008,nba,Rodney Stuckey,stuckro01,21
2008,nba,Carl Landry,landrca01,24
2008,nba,Joakim Noah,noahjo01,22
2008,nba,Yi Jianlian,jianlyi01,20
2008,nba,Nick Young,youngni01,22
2008,nba,Mike Conley,conlemi01,20
2008,nba,Corey Brewer,breweco01,21
2008,nba,Glen Davis,davisgl01,22
2008,nba,Sean Williams,willise01,21
2008,nba,Jared Dudley,dudleja01,22
2008,nba,Julian Wright,wrighju01,20
2008,nba,Aaron Brooks,brookaa01,23
2008,nba,Wilson Chandler,chandwi01,20
2008,nba,Daequan Cook,cookda02,20
2008,nba,Acie Law,lawac01,23
2007,nba,Bruce Bowen,bowenbr01,35
2007,nba,Tim Duncan,duncati01,30
2007,nba,Marcus Camby,cambyma01,32
2007,nba,Kobe Bryant,bryanko01,28
2007,nba,Raja Bell,bellra01,30
2007,nba,Ben Wallace,wallabe01,32
2007,nba,Jason Kidd,kiddja01,33
2007,nba,Tayshaun Prince,princta01,26
2007,nba,Kevin Garnett,garneke01,30
2007,nba,Kirk Hinrich,hinriki01,26
2007,nba,Shane Battier,battish01,28
2007,nba,Shawn Marion,mariosh01,28
2007,nba,Chauncey Billups,billuch01,30
2007,nba,Metta World Peace,artesro01,27
2007,nba,Gerald Wallace,wallage01,24
2007,nba,Alonzo Mourning,mournal01,36
2007,nba,Tyson Chandler,chandty01,24
2007,nba,Devin Harris,harride01,23
2007,nba,Josh Howard,howarjo01,26
2007,nba,Emeka Okafor,okafoem01,24
2007,nba,Luol Deng,denglu01,21
2007,nba,Dwight Howard,howardw01,21
2007,nba,Andrei Kirilenko,kirilan01,25
2007,nba,Rasheed Wallace,wallara01,32
2007,nba,Manu Ginóbili,ginobma01,29
2007,nba,Josh Smith,smithjo03,21
2007,nba,Richard Hamilton,hamilri01,28
2007,nba,Andre Iguodala,iguodan01,23
2007,nba,Jermaine O'Neal,onealje01,28
2007,nba,Deron Williams,willide01,22
2007,nba,Elton Brand,brandel01,27
2007,nba,Caron Butler,butleca01,26
2007,nba,Trenton Hassell,hassetr01,27
2007,nba,Tony Parker,parketo01,24
2007,nba,Dwyane Wade,wadedw01,25
2007,nba,Gilbert Arenas,arenagi01,25
2007,nba,Chris Bosh,boshch01,22
2007,nba,Chris Duhon,duhonch01,24
2007,nba,Francisco Elson,elsonfr01,30
2007,nba,Udonis Haslem,hasleud01,26
2007,nba,Allen Iverson,iversal01,31
2007,nba,Richard Jefferson,jefferi01,26
2007,nba,Andre Miller,millean02,30
2007,nba,Chris Paul,paulch01,21
2007,nba,Joel Przybilla,przybjo01,27
2007,nba,Steve Nash,nashst01,32
2007,nba,Dirk Nowitzki,nowitdi01,28
2007,nba,Amar'e Stoudemire,stoudam01,24
2007,nba,LeBron James,jamesle01,22
2007,nba,Yao Ming,mingya01,26
2007,nba,Tracy McGrady,mcgratr01,27
2007,nba,Carmelo Anthony,anthoca01,22
2007,nba,Carlos Boozer,boozeca01,25
2007,nba,Shaquille O'Neal,onealsh01,34
2007,nba,Vince Carter,cartevi01,30
2007,nba,Mehmet Okur,okurme01,27
2007,nba,Baron Davis,davisba01,27
2007,nba,Michael Redd,reddmi01,27
2007,nba,Ray Allen,allenra02,31
2007,nba,Ben Gordon,gordobe01,23
2007,nba,Joe Johnson,johnsjo02,25
2007,nba,Eddy Curry,curryed01,24
2007,nba,Paul Pierce,piercpa01,29
2007,nba,Jason Terry,terryja01,29
2007,nba,Pau Gasol,gasolpa01,26
2007,nba,Chris Webber,webbech01,33
2007,nba,Brandon Roy,roybr01,22
2007,nba,Andrea Bargnani,bargnan01,21
2007,nba,Randy Foye,foyera01,23
2007,nba,Rudy Gay,gayru01,20
2007,nba,LaMarcus Aldridge,aldrila01,21
2007,nba,Jorge Garbajosa,garbajo01,29
2007,nba,Paul Millsap,millspa01,21
2007,nba,Adam Morrison,morriad01,22
2007,nba,Tyrus Thomas,thomaty01,20
2007,nba,Craig Smith,smithcr01,23
2007,nba,Walter Herrmann,herrmwa01,27
2007,nba,Rajon Rondo,rondora01,20
2007,nba,Marcus Williams,willima03,21
2007,nba,Tarence Kinsey,kinseta01,22
2007,nba,Rodney Carney,carnero01,22
2007,nba,Renaldo Balkman,balkmre01,22
2007,nba,Shelden Williams,willish02,23
2007,nba,Josh Boone,boonejo01,22
2007,nba,Jordan Farmar,farmajo01,20
2007,nba,Daniel Gibson,gibsoda01,20
2007,nba,Allan Ray,rayal01,22
2007,nba,Sergio Rodríguez,rodrise01,20
2007,nba,Thabo Sefolosha,sefolth01,22
2006,nba,Bruce Bowen,bowenbr01,34
2006,nba,Ben Wallace,wallabe01,31
2006,nba,Andrei Kirilenko,kirilan01,24
2006,nba,Metta World Peace,artesro01,26
2006,nba,Kobe Bryant,bryanko01,27
2006,nba,Jason Kidd,kiddja01,32
2006,nba,Chauncey Billups,billuch01,29
2006,nba,Tim Duncan,duncati01,29
2006,nba,Kevin Garnett,garneke01,29
2006,nba,Marcus Camby,cambyma01,31
2006,nba,Tayshaun Prince,princta01,25
2006,nba,Rasheed Wallace,wallara01,31
2006,nba,Shawn Marion,mariosh01,27
2006,nba,Gerald Wallace,wallage01,23
2006,nba,Raja Bell,bellra01,29
2006,nba,Dwyane Wade,wadedw01,24
2006,nba,Kirk Hinrich,hinriki01,25
2006,nba,Alonzo Mourning,mournal01,35
2006,nba,Shane Battier,battish01,27
2006,nba,Gilbert Arenas,arenagi01,24
2006,nba,Andre Iguodala,iguodan01,22
2006,nba,P.J. Brown,brownpj01,36
2006,nba,Manu Ginóbili,ginobma01,28
2006,nba,Dwight Howard,howardw01,20
2006,nba,Josh Howard,howarjo01,25
2006,nba,LeBron James,jamesle01,21
2006,nba,Brevin Knight,knighbr01,30
2006,nba,Shaquille O'Neal,onealsh01,33
2006,nba,Tony Parker,parketo01,23
2006,nba,Quinton Ross,rossqu01,24
2006,nba,Elton Brand,brandel01,26
2006,nba,Allen Iverson,iversal01,30
2006,nba,Eddie Jones,jonesed02,34
2006,nba,Jason Collins,collija04,27
2006,nba,Boris Diaw,diawbo01,23
2006,nba,Pau Gasol,gasolpa01,25
2006,nba,Trenton Hassell,hassetr01,26
2006,nba,Mike James,jamesmi01,30
2006,nba,Richard Jefferson,jefferi01,25
2006,nba,Yao Ming,mingya01,25
2006,nba,Ruben Patterson,patteru01,30
2006,nba,Chris Paul,paulch01,20
2006,nba,Jason Terry,terryja01,28
2006,nba,Dirk Nowitzki,nowitdi01,27
2006,nba,Steve Nash,nashst01,31
2006,nba,Carmelo Anthony,anthoca01,21
2006,nba,Vince Carter,cartevi01,29
2006,nba,Paul Pierce,piercpa01,28
2006,nba,Richard Hamilton,hamilri01,27
2006,nba,Zydrunas Ilgauskas,ilgauzy01,30
2006,nba,Nenad Krstić,krstine01,22
2006,nba,Ray Allen,allenra02,30
2006,nba,Mehmet Okur,okurme01,26
2006,nba,Michael Redd,reddmi01,26
2006,nba,Brad Miller,millebr01,29
2006,nba,Sam Cassell,cassesa01,36
2006,nba,Joe Johnson,johnsjo02,24
2006,nba,Mike Bibby,bibbymi01,27
2006,nba,Chris Bosh,boshch01,21
2006,nba,Antawn Jamison,jamisan01,29
2006,nba,Chris Kaman,kamanch01,23
2006,nba,Charlie Villanueva,villach01,21
2006,nba,Andrew Bogut,bogutan01,21
2006,nba,Deron Williams,willide01,21
2006,nba,Channing Frye,fryech01,22
2006,nba,Danny Granger,grangda01,22
2006,nba,Raymond Felton,feltora01,21
2006,nba,Luther Head,headlu01,23
2006,nba,Marvin Williams,willima02,19
2006,nba,Ryan Gomes,gomesry01,23
2006,nba,Šarūnas Jasikevičius,jasiksa01,29
2006,nba,Ike Diogu,dioguik01,22
2006,nba,Nate Robinson,robinna01,21
2006,nba,Rashad McCants,mccanra01,21
2006,nba,Johan Petro,petrojo01,20
2006,nba,José Calderón,caldejo01,24
2006,nba,Jarrett Jack,jackja01,22
2006,nba,Joey Graham,grahajo01,23
2006,nba,Martell Webster,webstma02,19
2006,nba,Salim Stoudamire,stoudsa01,23
2005,nba,Ben Wallace,wallabe01,30
2005,nba,Bruce Bowen,bowenbr01,33
2005,nba,Kevin Garnett,garneke01,28
2005,nba,Tim Duncan,duncati01,28
2005,nba,Larry Hughes,hughela01,26
2005,nba,Marcus Camby,cambyma01,30
2005,nba,Tayshaun Prince,princta01,24
2005,nba,Chauncey Billups,billuch01,28
2005,nba,Andrei Kirilenko,kirilan01,23
2005,nba,Jason Kidd,kiddja01,31
2005,nba,Dwyane Wade,wadedw01,23
2005,nba,Shaquille O'Neal,onealsh01,32
2005,nba,Allen Iverson,iversal01,29
2005,nba,Kobe Bryant,bryanko01,26
2005,nba,Manu Ginóbili,ginobma01,27
2005,nba,Shawn Marion,mariosh01,26
2005,nba,Rasheed Wallace,wallara01,30
2005,nba,Kenyon Martin,martike01,27
2005,nba,Andre Iguodala,iguodan01,21
2005,nba,Tony Parker,parketo01,22
2005,nba,Shane Battier,battish01,26
2005,nba,Andre Miller,millean02,28
2005,nba,Tyson Chandler,chandty01,22
2005,nba,Trenton Hassell,hassetr01,25
2005,nba,Kirk Hinrich,hinriki01,24
2005,nba,Joe Johnson,johnsjo02,23
2005,nba,Earl Watson,watsoea01,25
2005,nba,Udonis Haslem,hasleud01,24
2005,nba,Josh Howard,howarjo01,24
2005,nba,Brevin Knight,knighbr01,29
2005,nba,Desmond Mason,masonde01,27
2005,nba,Tracy McGrady,mcgratr01,25
2005,nba,Joel Przybilla,przybjo01,25
2005,nba,Gilbert Arenas,arenagi01,23
2005,nba,P.J. Brown,brownpj01,35
2005,nba,Greg Buckner,buckngr01,28
2005,nba,Vince Carter,cartevi01,28
2005,nba,Jeff Foster,fosteje01,28
2005,nba,Brendan Haywood,haywobr01,25
2005,nba,Anthony Johnson,johnsan02,30
2005,nba,Eddie Jones,jonesed02,33
2005,nba,Andrés Nocioni,nocioan01,25
2005,nba,Emeka Okafor,okafoem01,22
2005,nba,Gary Payton,paytoga01,36
2005,nba,Mickaël Piétrus,pietrmi01,22
2005,nba,Clifford Robinson,robincl02,38
2005,nba,Amar'e Stoudemire,stoudam01,22
2005,nba,Kurt Thomas,thomaku01,32
2005,nba,Steve Nash,nashst01,30
2005,nba,Dirk Nowitzki,nowitdi01,26
2005,nba,LeBron James,jamesle01,20
2005,nba,Ray Allen,allenra02,29
2005,nba,Yao Ming,mingya01,24
2005,nba,Paul Pierce,piercpa01,27
2005,nba,Rashard Lewis,lewisra02,25
2005,nba,Zydrunas Ilgauskas,ilgauzy01,29
2005,nba,Jermaine O'Neal,onealje01,26
2005,nba,Mike Bibby,bibbymi01,26
2005,nba,Elton Brand,brandel01,25
2005,nba,Grant Hill,hillgr01,32
2005,nba,Carmelo Anthony,anthoca01,20
2005,nba,Antawn Jamison,jamisan01,28
2005,nba,Richard Hamilton,hamilri01,26
2005,nba,Chris Bosh,boshch01,20
2005,nba,Stephon Marbury,marbust01,27
2005,nba,Reggie Miller,millere01,39
2005,nba,Michael Redd,reddmi01,25
2005,nba,Corey Maggette,maggeco01,25
2005,nba,Brad Miller,millebr01,28
2005,nba,Peja Stojaković,stojape01,27
2005,nba,Ben Gordon,gordobe01,21
2005,nba,Dwight Howard,howardw01,19
2005,nba,Luol Deng,denglu01,19
2005,nba,Nenad Krstić,krstine01,21
2005,nba,Josh Smith,smithjo03,19
2005,nba,Josh Childress,childjo01,21
2005,nba,Jameer Nelson,nelsoja01,22
2005,nba,Al Jefferson,jeffeal01,20
2005,nba,J.R. Smith,smithjr01,19
2005,nba,Beno Udrih,udrihbe01,22
2005,nba,Devin Harris,harride01,21
2005,nba,Chris Duhon,duhonch01,22
2005,nba,Tony Allen,allento01,23
2005,nba,Nick Collison,collini01,24
2005,nba,Anderson Varejão,varejan01,22
2005,nba,Shaun Livingston,livinsh01,19
2005,nba,Trevor Ariza,arizatr01,19
2005,nba,Matt Bonner,bonnema01,24
2005,nba,Sebastian Telfair,telfase01,19
2004,nba,Metta World Peace,artesro01,24
2004,nba,Ben Wallace,wallabe01,29
2004,nba,Bruce Bowen,bowenbr01,32
2004,nba,Kevin Garnett,garneke01,27
2004,nba,Kobe Bryant,bryanko01,25
2004,nba,Andrei Kirilenko,kirilan01,22
2004,nba,Tim Duncan,duncati01,27
2004,nba,Theo Ratliff,ratlith01,30
2004,nba,Doug Christie,chrisdo01,33
2004,nba,Jason Kidd,kiddja01,30
2004,nba,James Posey,poseyja01,27
2004,nba,Eric Snow,snower01,30
2004,nba,Jermaine O'Neal,onealje01,25
2004,nba,Clifford Robinson,robincl02,37
2004,nba,Chauncey Billups,billuch01,27
2004,nba,Baron Davis,davisba01,24
2004,nba,Kenyon Martin,martike01,26
2004,nba,Shaquille O'Neal,onealsh01,31
2004,nba,Gary Payton,paytoga01,35
2004,nba,Steve Francis,francst01,26
2004,nba,Manu Ginóbili,ginobma01,26
2004,nba,Rasheed Wallace,wallara01,29
2004,nba,Earl Watson,watsoea01,24
2004,nba,Darrell Armstrong,armstda01,35
2004,nba,P.J. Brown,brownpj01,34
2004,nba,Marcus Camby,cambyma01,29
2004,nba,Kelvin Cato,catoke01,29
2004,nba,Derek Fisher,fishede01,29
2004,nba,Brian Grant,grantbr01,31
2004,nba,Trenton Hassell,hassetr01,24
2004,nba,Richard Jefferson,jefferi01,23
2004,nba,Joe Johnson,johnsjo02,22
2004,nba,Shawn Marion,mariosh01,25
2004,nba,Andre Miller,millean02,27
2004,nba,Greg Ostertag,ostergr01,30
2004,nba,Mickaël Piétrus,pietrmi01,21
2004,nba,Bob Sura,surabo01,30
2004,nba,Peja Stojaković,stojape01,26
2004,nba,Sam Cassell,cassesa01,34
2004,nba,Tracy McGrady,mcgratr01,24
2004,nba,Yao Ming,mingya01,23
2004,nba,Dirk Nowitzki,nowitdi01,25
2004,nba,Michael Redd,reddmi01,24
2004,nba,Steve Nash,nashst01,29
2004,nba,Paul Pierce,piercpa01,26
2004,nba,LeBron James,jamesle01,19
2004,nba,Stephon Marbury,marbust01,26
2004,nba,Lamar Odom,odomla01,24
2004,nba,Mike Bibby,bibbymi01,25
2004,nba,Zach Randolph,randoza01,22
2004,nba,Vince Carter,cartevi01,27
2004,nba,Carmelo Anthony,anthoca01,19
2004,nba,Brad Miller,millebr01,27
2004,nba,Jamaal Magloire,magloja01,25
2004,nba,Pau Gasol,gasolpa01,23
2004,nba,Allen Iverson,iversal01,28
2004,nba,Ray Allen,allenra02,28
2004,nba,Elton Brand,brandel01,24
2004,nba,Erick Dampier,dampier01,28
2004,nba,Michael Finley,finlemi01,30
2004,nba,Zydrunas Ilgauskas,ilgauzy01,28
2004,nba,Amar'e Stoudemire,stoudam01,21
2004,nba,Jason Williams,willija02,28
2004,nba,Richard Hamilton,hamilri01,25
2004,nba,Tony Parker,parketo01,21
2004,nba,Carlos Boozer,boozeca01,22
2004,nba,Corey Maggette,maggeco01,24
2004,nba,Dwyane Wade,wadedw01,22
2004,nba,Chris Bosh,boshch01,19
2004,nba,Kirk Hinrich,hinriki01,23
2004,nba,Josh Howard,howarjo01,23
2004,nba,T.J. Ford,fordtj01,20
2004,nba,Udonis Haslem,hasleud01,23
2004,nba,Marquis Daniels,daniema01,23
2004,nba,Jarvis Hayes,hayesja01,22
2004,nba,Chris Kaman,kamanch01,21
2004,nba,Raül López,lopezra01,23
2004,nba,Leandro Barbosa,barbole01,21
2004,nba,Darius Songaila,songada01,25
2004,nba,Marcus Banks,banksma01,22
2004,nba,Steve Blake,blakest01,23
2004,nba,Keith Bogans,boganke01,23
2004,nba,Kyle Korver,korveky01,22
2004,nba,Luke Ridnour,ridnolu01,22
2004,nba,Luke Walton,waltolu01,23
2003,nba,Ben Wallace,wallabe01,28
2003,nba,Kevin Garnett,garneke01,26
2003,nba,Tim Duncan,duncati01,26
2003,nba,Doug Christie,chrisdo01,32
2003,nba,Kobe Bryant,bryanko01,24
2003,nba,Jason Kidd,kiddja01,29
2003,nba,Metta World Peace,artesro01,23
2003,nba,Bruce Bowen,bowenbr01,31
2003,nba,Eric Snow,snower01,29
2003,nba,Shaquille O'Neal,onealsh01,30
2003,nba,Gary Payton,paytoga01,34
2003,nba,P.J. Brown,brownpj01,33
2003,nba,Allen Iverson,iversal01,27
2003,nba,Scottie Pippen,pippesc01,37
2003,nba,Theo Ratliff,ratlith01,29
2003,nba,Brian Grant,grantbr01,30
2003,nba,Andrei Kirilenko,kirilan01,21
2003,nba,Clifford Robinson,robincl02,36
2003,nba,Kenyon Martin,martike01,25
2003,nba,Jermaine O'Neal,onealje01,24
2003,nba,Shawn Marion,mariosh01,24
2003,nba,Michael Jordan,jordami01,39
2003,nba,Kurt Thomas,thomaku01,30
2003,nba,Matt Harpring,harprma01,26
2003,nba,Tracy McGrady,mcgratr01,23
2003,nba,Chauncey Billups,billuch01,26
2003,nba,Keon Clark,clarkke01,27
2003,nba,Dale Davis,davisda01,33
2003,nba,Nenê,hilarne01,20
2003,nba,Bobby Jackson,jacksbo01,29
2003,nba,Jamaal Magloire,magloja01,24
2003,nba,Desmond Mason,masonde01,25
2003,nba,Yao Ming,mingya01,22
2003,nba,David Robinson,robinda01,37
2003,nba,Amar'e Stoudemire,stoudam01,20
2003,nba,Rasheed Wallace,wallara01,28
2003,nba,Chris Webber,webbech01,29
2003,nba,Dirk Nowitzki,nowitdi01,24
2003,nba,Stephon Marbury,marbust01,25
2003,nba,Paul Pierce,piercpa01,25
2003,nba,Steve Nash,nashst01,28
2003,nba,Jamal Mashburn,mashbja01,30
2003,nba,Karl Malone,malonka01,39
2003,nba,Zydrunas Ilgauskas,ilgauzy01,27
2003,nba,Vlade Divac,divacvl01,34
2003,nba,Steve Francis,francst01,25
2003,nba,Ray Allen,allenra02,27
2003,nba,Allan Houston,houstal01,31
2003,nba,Pau Gasol,gasolpa01,22
2003,nba,Brad Miller,millebr01,26
2003,nba,Peja Stojaković,stojape01,25
2003,nba,Elton Brand,brandel01,23
2003,nba,Antawn Jamison,jamisan01,26
2003,nba,Antoine Walker,walkean02,26
2003,nba,Mike Bibby,bibbymi01,24
2003,nba,Michael Finley,finlemi01,29
2003,nba,Tony Parker,parketo01,20
2003,nba,Jalen Rose,roseja01,30
2003,nba,John Stockton,stockjo01,40
2003,nba,Wally Szczerbiak,szczewa02,25
2003,nba,Caron Butler,butleca01,22
2003,nba,Manu Ginóbili,ginobma01,25
2003,nba,Carlos Boozer,boozeca01,21
2003,nba,Jay Williams,willija03,21
2003,nba,J.R. Bremer,bremejr01,22
2003,nba,Dajuan Wagner,wagneda02,19
2003,nba,Mehmet Okur,okurme01,23
2003,nba,Marko Jarić,jaricma01,24
2003,nba,Mike Dunleavy,dunlemi02,22
2003,nba,Mike Batiste,batismi01,25
2003,nba,Rasual Butler,butlera01,23
2003,nba,Junior Harrington,harriju01,22
2003,nba,Juan Dixon,dixonju01,24
2003,nba,Reggie Evans,evansre01,22
2003,nba,Casey Jacobsen,jacobca01,21
2003,nba,Vincent Yarbrough,yarbrvi01,21
2002,nba,Ben Wallace,wallabe01,27
2002,nba,Gary Payton,paytoga01,33
2002,nba,Tim Duncan,duncati01,25
2002,nba,Jason Kidd,kiddja01,28
2002,nba,Kevin Garnett,garneke01,25
2002,nba,Kobe Bryant,bryanko01,23
2002,nba,Dikembe Mutombo,mutomdi01,35
2002,nba,Doug Christie,chrisdo01,31
2002,nba,Bruce Bowen,bowenbr01,30
2002,nba,Clifford Robinson,robincl02,35
2002,nba,Shaquille O'Neal,onealsh01,29
2002,nba,Eric Snow,snower01,28
2002,nba,Scottie Pippen,pippesc01,36
2002,nba,Tracy McGrady,mcgratr01,22
2002,nba,P.J. Brown,brownpj01,32
2002,nba,Antonio Davis,davisan01,33
2002,nba,Kenyon Martin,martike01,24
2002,nba,Karl Malone,malonka01,38
2002,nba,Metta World Peace,artesro01,22
2002,nba,Darrell Armstrong,armstda01,33
2002,nba,Brian Grant,grantbr01,29
2002,nba,Alonzo Mourning,mournal01,31
2002,nba,Jermaine O'Neal,onealje01,23
2002,nba,Kurt Thomas,thomaku01,29
2002,nba,Michael Finley,finlemi01,28
2002,nba,Rick Fox,foxri01,32
2002,nba,Horace Grant,grantho01,36
2002,nba,Robert Horry,horryro01,31
2002,nba,Allen Iverson,iversal01,26
2002,nba,Shawn Marion,mariosh01,23
2002,nba,Ruben Patterson,patteru01,26
2002,nba,David Robinson,robinda01,36
2002,nba,Chris Webber,webbech01,28
2002,nba,Baron Davis,davisba01,22
2002,nba,Dale Davis,davisda01,32
2002,nba,Bobby Jackson,jacksbo01,28
2002,nba,Eddie Jones,jonesed02,30
2002,nba,Andrei Kirilenko,kirilan01,20
2002,nba,Darius Miles,milesda01,20
2002,nba,Andre Miller,millean02,25
2002,nba,Paul Pierce,piercpa01,24
2002,nba,Malik Rose,rosema01,27
2002,nba,Latrell Sprewell,sprewla01,31
2002,nba,John Stockton,stockjo01,39
2002,nba,Jerome Williams,willije01,28
2002,nba,Dirk Nowitzki,nowitdi01,23
2002,nba,Steve Nash,nashst01,27
2002,nba,Peja Stojaković,stojape01,24
2002,nba,Vlade Divac,divacvl01,33
2002,nba,Jerry Stackhouse,stackje01,27
2002,nba,Elton Brand,brandel01,22
2002,nba,Michael Jordan,jordami01,38
2002,nba,Antoine Walker,walkean02,25
2002,nba,Rasheed Wallace,wallara01,27
2002,nba,Ray Allen,allenra02,26
2002,nba,Shareef Abdur-Rahim,abdursh01,25
2002,nba,Steve Francis,francst01,24
2002,nba,Mike Bibby,bibbymi01,23
2002,nba,Pau Gasol,gasolpa01,21
2002,nba,Raef LaFrentz,lafrera01,25
2002,nba,Vince Carter,cartevi01,25
2002,nba,Rashard Lewis,lewisra02,22
2002,nba,Michael Olowokandi,olowomi01,26
2002,nba,Elden Campbell,campbel01,33
2002,nba,Sam Cassell,cassesa01,32
2002,nba,Reggie Miller,millere01,36
2002,nba,Cuttino Mobley,moblecu01,26
2002,nba,Wally Szczerbiak,szczewa02,24
2002,nba,Shane Battier,battish01,23
2002,nba,Jason Richardson,richaja01,21
2002,nba,Tony Parker,parketo01,19
2002,nba,Jamaal Tinsley,tinslja01,23
2002,nba,Richard Jefferson,jefferi01,21
2002,nba,Eddie Griffin,griffed01,19
2002,nba,Željko Rebrača,rebraze01,29
2002,nba,Vladimir Radmanović,radmavl01,21
2002,nba,Tyson Chandler,chandty01,19
2002,nba,Trenton Hassell,hassetr01,22
2002,nba,Jarron Collins,collija03,23
2002,nba,Gilbert Arenas,arenagi01,20
2002,nba,Speedy Claxton,claxtsp01,23
2002,nba,Jason Collins,collija04,23
2002,nba,Predrag Drobnjak,drobnpr01,26
2002,nba,Brendan Haywood,haywobr01,22
2002,nba,Kwame Brown,brownkw01,19
2002,nba,Eddy Curry,curryed01,19
2002,nba,Troy Murphy,murphtr01,21
2002,nba,Gerald Wallace,wallage01,19
2002,nba,Earl Watson,watsoea01,22
2001,nba,Dikembe Mutombo,mutomdi01,34
2001,nba,Tim Duncan,duncati01,24
2001,nba,Jason Kidd,kiddja01,27
2001,nba,Gary Payton,paytoga01,32
2001,nba,Kevin Garnett,garneke01,24
2001,nba,Kobe Bryant,bryanko01,22
2001,nba,Doug Christie,chrisdo01,30
2001,nba,Bruce Bowen,bowenbr01,29
2001,nba,Shaquille O'Neal,onealsh01,28
2001,nba,P.J. Brown,brownpj01,31
2001,nba,David Robinson,robinda01,35
2001,nba,Allen Iverson,iversal01,25
2001,nba,Shawn Marion,mariosh01,22
2001,nba,Eric Snow,snower01,27
2001,nba,Karl Malone,malonka01,37
2001,nba,Theo Ratliff,ratlith01,27
2001,nba,George Lynch,lynchge01,30
2001,nba,Michael Finley,finlemi01,27
2001,nba,Brian Grant,grantbr01,28
2001,nba,Anthony Mason,masonan01,34
2001,nba,Latrell Sprewell,sprewla01,30
2001,nba,Scottie Pippen,pippesc01,35
2001,nba,Antonio Davis,davisan01,32
2001,nba,Bo Outlaw,outlabo01,29
2001,nba,Horace Grant,grantho01,35
2001,nba,Tracy McGrady,mcgratr01,21
2001,nba,Ruben Patterson,patteru01,25
2001,nba,Clifford Robinson,robincl02,34
2001,nba,Rasheed Wallace,wallara01,26
2001,nba,Chris Webber,webbech01,27
2001,nba,Travis Best,besttr01,28
2001,nba,Vince Carter,cartevi01,24
2001,nba,Bobby Jackson,jacksbo01,27
2001,nba,Charles Oakley,oaklech01,37
2001,nba,Kurt Thomas,thomaku01,28
2001,nba,Ben Wallace,wallabe01,26
2001,nba,David Wesley,wesleda01,30
2001,nba,Darrell Armstrong,armstda01,32
2001,nba,Shawn Bradley,bradlsh01,28
2001,nba,Marcus Camby,cambyma01,26
2001,nba,Sam Cassell,cassesa01,31
2001,nba,Dale Davis,davisda01,31
2001,nba,Steve Francis,francst01,23
2001,nba,Tyrone Hill,hillty01,32
2001,nba,Allan Houston,houstal01,29
2001,nba,Ervin Johnson,johnser02,33
2001,nba,Eddie Jones,jonesed02,29
2001,nba,Andre Miller,millean02,24
2001,nba,Dirk Nowitzki,nowitdi01,22
2001,nba,John Stockton,stockjo01,38
2001,nba,Ray Allen,allenra02,25
2001,nba,Jerry Stackhouse,stackje01,26
2001,nba,Stephon Marbury,marbust01,23
2001,nba,Paul Pierce,piercpa01,23
2001,nba,Antonio McDyess,mcdyean01,26
2001,nba,Glenn Robinson,robingl01,28
2001,nba,Vlade Divac,divacvl01,32
2001,nba,Jalen Rose,roseja01,28
2001,nba,Shareef Abdur-Rahim,abdursh01,24
2001,nba,Terrell Brandon,brandte01,30
2001,nba,Jermaine O'Neal,onealje01,22
2001,nba,Elden Campbell,campbel01,32
2001,nba,Antawn Jamison,jamisan01,24
2001,nba,Rashard Lewis,lewisra02,21
2001,nba,Peja Stojaković,stojape01,23
2001,nba,Antoine Walker,walkean02,24
2001,nba,Mike Miller,millemi01,20
2001,nba,Kenyon Martin,martike01,23
2001,nba,Marc Jackson,jacksma02,26
2001,nba,Morris Peterson,petermo01,23
2001,nba,Darius Miles,milesda01,19
2001,nba,Hedo Türkoğlu,turkohe01,21
2001,nba,Desmond Mason,masonde01,23
2001,nba,Marcus Fizer,fizerma01,22
2001,nba,Chris Mihm,mihmch01,21
2001,nba,Jamaal Magloire,magloja01,22
2001,nba,Quentin Richardson,richaqu01,20
2001,nba,Mateen Cleaves,cleavma01,23
2001,nba,Keyon Dooling,doolike01,20
2001,nba,Jake Tsakalidis,tsakaja01,21
2001,nba,Stromile Swift,swiftst01,21
2001,nba,Stephen Jackson,jacksst02,22
2001,nba,Eddie House,houseed01,22
2001,nba,Mark Madsen,madsema01,25
2001,nba,Chris Porter,portech01,22
2001,nba,Jamal Crawford,crawfja01,20
2001,nba,DerMarr Johnson,johnsde03,20
2000,nba,Gary Payton,paytoga01,31
2000,nba,Alonzo Mourning,mournal01,29
2000,nba,Kobe Bryant,bryanko01,21
2000,nba,Kevin Garnett,garneke01,23
2000,nba,Tim Duncan,duncati01,23
2000,nba,Shaquille O'Neal,onealsh01,27
2000,nba,Eddie Jones,jonesed02,28
2000,nba,Jason Kidd,kiddja01,26
2000,nba,Scottie Pippen,pippesc01,34
2000,nba,Clifford Robinson,robincl02,33
2000,nba,Eric Snow,snower01,26
2000,nba,Karl Malone,malonka01,36
2000,nba,P.J. Brown,brownpj01,30
2000,nba,Dikembe Mutombo,mutomdi01,33
2000,nba,Theo Ratliff,ratlith01,26
2000,nba,Bo Outlaw,outlabo01,28
2000,nba,George Lynch,lynchge01,29
2000,nba,Anthony Mason,masonan01,33
2000,nba,David Robinson,robinda01,34
2000,nba,Darrell Armstrong,armstda01,31
2000,nba,Dale Davis,davisda01,30
2000,nba,Rasheed Wallace,wallara01,25
2000,nba,Grant Hill,hillgr01,27
2000,nba,Michael Finley,finlemi01,26
2000,nba,Kendall Gill,gillke01,31
2000,nba,Dan Majerle,majerda01,34
2000,nba,Charles Oakley,oaklech01,36
2000,nba,Latrell Sprewell,sprewla01,29
2000,nba,Kurt Thomas,thomaku01,27
2000,nba,Chris Webber,webbech01,26
2000,nba,Jerome Williams,willije01,26
2000,nba,Greg Anthony,anthogr01,32
2000,nba,Mookie Blaylock,blaylmo01,32
2000,nba,Horace Grant,grantho01,34
2000,nba,Allen Iverson,iversal01,24
2000,nba,Ervin Johnson,johnser02,32
2000,nba,Tracy McGrady,mcgratr01,20
2000,nba,Vince Carter,cartevi01,23
2000,nba,Stephon Marbury,marbust01,22
2000,nba,John Stockton,stockjo01,37
2000,nba,Allan Houston,houstal01,28
2000,nba,Jerry Stackhouse,stackje01,25
2000,nba,Ray Allen,allenra02,24
2000,nba,Patrick Ewing,ewingpa01,37
2000,nba,Shareef Abdur-Rahim,abdursh01,23
2000,nba,Jalen Rose,roseja01,27
2000,nba,Terrell Brandon,brandte01,29
2000,nba,Arvydas Sabonis,sabonar01,35
2000,nba,Rik Smits,smitsri01,33
2000,nba,Sam Cassell,cassesa01,30
2000,nba,Vlade Divac,divacvl01,31
2000,nba,Anfernee Hardaway,hardaan01,28
2000,nba,Antonio McDyess,mcdyean01,25
2000,nba,Reggie Miller,millere01,34
2000,nba,Steve Smith,smithst01,30
2000,nba,Elton Brand,brandel01,20
2000,nba,Steve Francis,francst01,22
2000,nba,Lamar Odom,odomla01,20
2000,nba,Wally Szczerbiak,szczewa02,22
2000,nba,Andre Miller,millean02,23
2000,nba,Shawn Marion,mariosh01,21
2000,nba,Metta World Peace,artesro01,20
2000,nba,James Posey,poseyja01,23
2000,nba,Jason Terry,terryja01,22
2000,nba,Chucky Atkins,atkinch01,25
2000,nba,Kenny Thomas,thomake01,22
2000,nba,Baron Davis,davisba01,20
2000,nba,Richard Hamilton,hamilri01,21
2000,nba,Adrian Griffin,griffad01,25
2000,nba,Vonteego Cummings,cummivo01,23
2000,nba,Eddie Robinson,robined01,23
2000,nba,Corey Maggette,maggeco01,20
2000,nba,Anthony Carter,cartean01,24
2000,nba,Todd MacCulloch,maccuto01,24
1999,nba,Gary Payton,paytoga01,30
1999,nba,Alonzo Mourning,mournal01,28
1999,nba,Tim Duncan,duncati01,22
1999,nba,Jason Kidd,kiddja01,25
1999,nba,Karl Malone,malonka01,35
1999,nba,Scottie Pippen,pippesc01,33
1999,nba,Dikembe Mutombo,mutomdi01,32
1999,nba,Mookie Blaylock,blaylmo01,31
1999,nba,Eddie Jones,jonesed02,27
1999,nba,P.J. Brown,brownpj01,29
1999,nba,Theo Ratliff,ratlith01,25
1999,nba,Kevin Garnett,garneke01,22
1999,nba,Darrell Armstrong,armstda01,30
1999,nba,Brian Grant,grantbr01,26
1999,nba,Grant Hill,hillgr01,26
1999,nba,Charles Oakley,oaklech01,35
1999,nba,Bo Outlaw,outlabo01,27
1999,nba,Eric Snow,snower01,25
1999,nba,Greg Anthony,anthogr01,31
1999,nba,Doug Christie,chrisdo01,28
1999,nba,Kendall Gill,gillke01,30
1999,nba,Bobby Phills,phillbo01,29
1999,nba,Mitch Richmond,richmmi01,33
1999,nba,John Stockton,stockjo01,36
1999,nba,Tariq Abdul-Wahad,abdulta01,24
1999,nba,Stacey Augmon,augmost01,30
1999,nba,Dan Majerle,majerda01,33
1999,nba,Antonio McDyess,mcdyean01,24
1999,nba,Clifford Robinson,robincl02,32
1999,nba,Chris Childs,childch01,31
1999,nba,Mario Elie,eliema01,35
1999,nba,Allen Iverson,iversal01,23
1999,nba,David Robinson,robinda01,33
1999,nba,Steve Smith,smithst01,29
1999,nba,John Starks,starkjo01,33
1999,nba,Chris Webber,webbech01,25
1999,nba,David Wesley,wesleda01,28
1999,nba,Vince Carter,cartevi01,22
1999,nba,Bimbo Coles,colesbi01,30
1999,nba,Antonio Davis,davisan01,30
1999,nba,Dale Davis,davisda01,29
1999,nba,Hersey Hawkins,hawkihe01,32
1999,nba,Reggie Miller,millere01,33
1999,nba,Shaquille O'Neal,onealsh01,26
1999,nba,Kevin Willis,willike02,36
1999,nba,Tim Hardaway,hardati01,32
1999,nba,Kobe Bryant,bryanko01,20
1999,nba,Hakeem Olajuwon,olajuha01,36
1999,nba,Stephon Marbury,marbust01,21
1999,nba,Anfernee Hardaway,hardaan01,27
1999,nba,Shareef Abdur-Rahim,abdursh01,22
1999,nba,Shawn Kemp,kempsh01,29
1999,nba,Rod Strickland,stricro02,32
1999,nba,Ray Allen,allenra02,23
1999,nba,Michael Finley,finlemi01,25
1999,nba,Charles Barkley,barklch01,35
1999,nba,Vlade Divac,divacvl01,30
1999,nba,Damon Stoudamire,stoudda01,25
1999,nba,Mark Jackson,jacksma01,33
1999,nba,Glenn Robinson,robingl01,26
1999,nba,Keith Van Horn,vanhoke01,23
1999,nba,Arvydas Sabonis,sabonar01,34
1999,nba,Avery Johnson,johnsav01,33
1999,nba,Bryon Russell,russebr01,28
1999,nba,Rasheed Wallace,wallara01,24
1999,nba,Jason Williams,willija02,23
1999,nba,Tom Gugliotta,guglito01,29
1999,nba,Isaiah Rider,rideris01,27
1999,nba,Rik Smits,smitsri01,32
1999,nba,Paul Pierce,piercpa01,21
1999,nba,Mike Bibby,bibbymi01,20
1999,nba,Matt Harpring,harprma01,22
1999,nba,Michael Dickerson,dickemi01,23
1999,nba,Michael Doleac,doleami01,21
1999,nba,Cuttino Mobley,moblecu01,23
1999,nba,Michael Olowokandi,olowomi01,23
1999,nba,Antawn Jamison,jamisan01,22
1999,nba,Larry Hughes,hughela01,20
1999,nba,Tyrone Nesby,nesbyty01,23
1999,nba,Robert Traylor,traylro01,21
1999,nba,Raef LaFrentz,lafrera01,22
1999,nba,Peja Stojaković,stojape01,21
1999,nba,Pat Garrity,garripa01,22
1999,nba,Dirk Nowitzki,nowitdi01,20
1999,nba,Kornél Dávid,davidko01,27
1998,nba,Michael Jordan,jordami01,34
1998,nba,Gary Payton,paytoga01,29
1998,nba,Dikembe Mutombo,mutomdi01,31
1998,nba,Scottie Pippen,pippesc01,32
1998,nba,Karl Malone,malonka01,34
1998,nba,Mookie Blaylock,blaylmo01,30
1998,nba,Tim Duncan,duncati01,21
1998,nba,Charles Oakley,oaklech01,34
1998,nba,David Robinson,robinda01,32
1998,nba,Eddie Jones,jonesed02,26
1998,nba,Dennis Rodman,rodmade01,36
1998,nba,P.J. Brown,brownpj01,28
1998,nba,Bo Outlaw,outlabo01,26
1998,nba,Grant Hill,hillgr01,25
1998,nba,Brevin Knight,knighbr01,22
1998,nba,Alonzo Mourning,mournal01,27
1998,nba,John Stockton,stockjo01,35
1998,nba,Anthony Mason,masonan01,31
1998,nba,Shaquille O'Neal,onealsh01,25
1998,nba,Hakeem Olajuwon,olajuha01,35
1998,nba,Mitch Richmond,richmmi01,32
1998,nba,Tim Hardaway,hardati01,31
1998,nba,Kevin Garnett,garneke01,21
1998,nba,Vin Baker,bakervi01,26
1998,nba,Joe Dumars,dumarjo01,34
1998,nba,Horace Grant,grantho01,32
1998,nba,Jason Kidd,kiddja01,24
1998,nba,Bobby Phills,phillbo01,28
1998,nba,Arvydas Sabonis,sabonar01,33
1998,nba,Charlie Ward,wardch01,27
1998,nba,Shawn Bradley,bradlsh01,25
1998,nba,Doug Christie,chrisdo01,27
1998,nba,Mario Elie,eliema01,34
1998,nba,Kendall Gill,gillke01,29
1998,nba,Ron Harper,harpero01,34
1998,nba,Hersey Hawkins,hawkihe01,31
1998,nba,Reggie Miller,millere01,32
1998,nba,Theo Ratliff,ratlith01,24
1998,nba,Detlef Schrempf,schrede01,35
1998,nba,Eric Snow,snower01,24
1998,nba,Jayson Williams,willija01,29
1998,nba,Rod Strickland,stricro02,31
1998,nba,Glen Rice,ricegl01,30
1998,nba,Antoine Walker,walkean02,21
1998,nba,Steve Smith,smithst01,28
1998,nba,Shawn Kemp,kempsh01,28
1998,nba,Michael Finley,finlemi01,24
1998,nba,Allen Iverson,iversal01,22
1998,nba,Rik Smits,smitsri01,31
1998,nba,Shareef Abdur-Rahim,abdursh01,21
1998,nba,Stephon Marbury,marbust01,20
1998,nba,Keith Van Horn,vanhoke01,22
1998,nba,Chris Webber,webbech01,24
1998,nba,Allan Houston,houstal01,26
1998,nba,Damon Stoudamire,stoudda01,24
1998,nba,Nick Anderson,anderni01,30
1998,nba,Antonio McDyess,mcdyean01,23
1998,nba,Ray Allen,allenra02,22
1998,nba,Charles Barkley,barklch01,34
1998,nba,Kobe Bryant,bryanko01,19
1998,nba,Sam Cassell,cassesa01,28
1998,nba,Rex Chapman,chapmre01,30
1998,nba,Bison Dele,delebi01,28
1998,nba,Jeff Hornacek,hornaje01,34
1998,nba,Juwan Howard,howarju01,24
1998,nba,Zydrunas Ilgauskas,ilgauzy01,22
1998,nba,Ron Mercer,mercero01,21
1998,nba,Tim Thomas,thomati01,20
1998,nba,Cedric Henderson,hendece02,22
1998,nba,Derek Anderson,anderde01,23
1998,nba,Maurice Taylor,tayloma01,21
1998,nba,Bobby Jackson,jacksbo01,24
1998,nba,Danny Fortson,fortsda01,21
1998,nba,Michael Stewart,stewami01,22
1998,nba,Anthony Johnson,johnsan02,23
1998,nba,Antonio Daniels,daniean01,22
1998,nba,Tariq Abdul-Wahad,abdulta01,23
1998,nba,Chris Anstey,anstech01,23
1998,nba,Kelvin Cato,catoke01,23
1998,nba,Rodrick Rhodes,rhodero01,24
1997,nba,Scottie Pippen,pippesc01,31
1997,nba,Michael Jordan,jordami01,33
1997,nba,Dikembe Mutombo,mutomdi01,30
1997,nba,Gary Payton,paytoga01,28
1997,nba,Karl Malone,malonka01,33
1997,nba,Mookie Blaylock,blaylmo01,29
1997,nba,Hakeem Olajuwon,olajuha01,34
1997,nba,Anthony Mason,masonan01,30
1997,nba,P.J. Brown,brownpj01,27
1997,nba,John Stockton,stockjo01,34
1997,nba,Charles Oakley,oaklech01,33
1997,nba,Dennis Rodman,rodmade01,35
1997,nba,Grant Hill,hillgr01,24
1997,nba,Alonzo Mourning,mournal01,26
1997,nba,Eddie Jones,jonesed02,25
1997,nba,Bobby Phills,phillbo01,27
1997,nba,Mitch Richmond,richmmi01,31
1997,nba,Shawn Kemp,kempsh01,27
1997,nba,Glen Rice,ricegl01,29
1997,nba,Joe Dumars,dumarjo01,33
1997,nba,Mario Elie,eliema01,33
1997,nba,Kevin Garnett,garneke01,20
1997,nba,Clifford Robinson,robincl02,30
1997,nba,Keith Askins,askinke01,29
1997,nba,Shawn Bradley,bradlsh01,24
1997,nba,Doug Christie,chrisdo01,26
1997,nba,Horace Grant,grantho01,31
1997,nba,Tim Hardaway,hardati01,30
1997,nba,Latrell Sprewell,sprewla01,26
1997,nba,Terrell Brandon,brandte01,26
1997,nba,Patrick Ewing,ewingpa01,34
1997,nba,Tyrone Hill,hillty01,28
1997,nba,Chris Mills,millsch01,27
1997,nba,Bo Outlaw,outlabo01,25
1997,nba,David Wesley,wesleda01,26
1997,nba,Shaquille O'Neal,onealsh01,24
1997,nba,Anfernee Hardaway,hardaan01,25
1997,nba,Vin Baker,bakervi01,25
1997,nba,Tom Gugliotta,guglito01,27
1997,nba,Kevin Johnson,johnske02,30
1997,nba,Charles Barkley,barklch01,33
1997,nba,Chris Webber,webbech01,23
1997,nba,Christian Laettner,laettch01,27
1997,nba,Mark Jackson,jacksma01,31
1997,nba,Steve Smith,smithst01,27
1997,nba,Reggie Miller,millere01,31
1997,nba,Damon Stoudamire,stoudda01,23
1997,nba,Rod Strickland,stricro02,30
1997,nba,Kenny Anderson,anderke01,26
1997,nba,Allen Iverson,iversal01,21
1997,nba,Loy Vaught,vaughlo01,28
1997,nba,Nick Van Exel,vanexni01,25
1997,nba,Kendall Gill,gillke01,28
1997,nba,Jason Kidd,kiddja01,23
1997,nba,Glenn Robinson,robingl01,24
1997,nba,Antoine Walker,walkean02,20
1997,nba,Shareef Abdur-Rahim,abdursh01,20
1997,nba,Stephon Marbury,marbust01,19
1997,nba,Marcus Camby,cambyma01,22
1997,nba,Kerry Kittles,kittlke01,22
1997,nba,Ray Allen,allenra02,21
1997,nba,Travis Knight,knightr01,22
1997,nba,Kobe Bryant,bryanko01,18
1997,nba,Matt Maloney,malonma01,25
1997,nba,Vitaly Potapenko,potapvi01,21
1997,nba,Lorenzen Wright,wrighlo02,21
1997,nba,Dean Garrett,garrede01,30
1997,nba,Derek Fisher,fishede01,22
1997,nba,Shandon Anderson,andersh01,23
1997,nba,Roy Rogers,rogerro02,23
1997,nba,Erick Dampier,dampier01,21
1997,nba,Tony Delk,delkto01,23
1996,nba,Scottie Pippen,pippesc01,30
1996,nba,Michael Jordan,jordami01,32
1996,nba,Gary Payton,paytoga01,27
1996,nba,David Robinson,robinda01,30
1996,nba,Dennis Rodman,rodmade01,34
1996,nba,Hakeem Olajuwon,olajuha01,33
1996,nba,Horace Grant,grantho01,30
1996,nba,Mookie Blaylock,blaylmo01,28
1996,nba,Derrick McKey,mckeyde01,29
1996,nba,Bobby Phills,phillbo01,26
1996,nba,Dikembe Mutombo,mutomdi01,29
1996,nba,Dale Davis,davisda01,26
1996,nba,Shawn Kemp,kempsh01,26
1996,nba,Karl Malone,malonka01,32
1996,nba,John Stockton,stockjo01,33
1996,nba,Derek Harper,harpede01,34
1996,nba,Mitch Richmond,richmmi01,30
1996,nba,Grant Hill,hillgr01,23
1996,nba,Alonzo Mourning,mournal01,25
1996,nba,Stacey Augmon,augmost01,27
1996,nba,Robert Horry,horryro01,25
1996,nba,Jason Kidd,kiddja01,22
1996,nba,Anthony Mason,masonan01,29
1996,nba,Nate McMillan,mcmilna01,31
1996,nba,Anfernee Hardaway,hardaan01,24
1996,nba,Terrell Brandon,brandte01,25
1996,nba,Elden Campbell,campbel01,27
1996,nba,Chris Childs,childch01,28
1996,nba,Sean Elliott,elliose01,27
1996,nba,Brian Grant,grantbr01,23
1996,nba,Eddie Jones,jonesed02,24
1996,nba,Grant Long,longgr01,29
1996,nba,Shaquille O'Neal,onealsh01,23
1996,nba,Charles Oakley,oaklech01,32
1996,nba,Sam Perkins,perkisa01,34
1996,nba,John Starks,starkjo01,30
1996,nba,Bryant Stith,stithbr01,25
1996,nba,Rod Strickland,stricro02,29
1996,nba,Charles Barkley,barklch01,32
1996,nba,Reggie Miller,millere01,30
1996,nba,Juwan Howard,howarju01,22
1996,nba,Vin Baker,bakervi01,24
1996,nba,Clyde Drexler,drexlcl01,33
1996,nba,Glen Rice,ricegl01,28
1996,nba,Detlef Schrempf,schrede01,33
1996,nba,Magic Johnson,johnsma02,36
1996,nba,Patrick Ewing,ewingpa01,33
1996,nba,Allan Houston,houstal01,24
1996,nba,Dennis Scott,scottde01,27
1996,nba,Latrell Sprewell,sprewla01,25
1996,nba,Larry Johnson,johnsla02,26
1996,nba,Cedric Ceballos,cebalce01,26
1996,nba,Avery Johnson,johnsav01,30
1996,nba,Kevin Johnson,johnske02,29
1996,nba,Clifford Robinson,robincl02,29
1996,nba,Damon Stoudamire,stoudda01,22
1996,nba,Nick Van Exel,vanexni01,24
1996,nba,Clarence Weatherspoon,weathcl01,25
1996,nba,Joe Smith,smithjo02,20
1996,nba,Jerry Stackhouse,stackje01,21
1996,nba,Antonio McDyess,mcdyean01,21
1996,nba,Arvydas Sabonis,sabonar01,31
1996,nba,Michael Finley,finlemi01,22
1996,nba,Kevin Garnett,garneke01,19
1996,nba,Bryant Reeves,reevebr01,22
1996,nba,Brent Barry,barrybr01,24
1996,nba,Rasheed Wallace,wallara01,21
1996,nba,Tyus Edney,edneyty01,22
1996,nba,Kurt Thomas,thomaku01,23
1996,nba,Eric Williams,willier01,23
1996,nba,Alan Henderson,hendeal01,23
1996,nba,Don Reid,reiddo01,22
1996,nba,Bob Sura,surabo01,22
1995,nba,Scottie Pippen,pippesc01,29
1995,nba,Gary Payton,paytoga01,26
1995,nba,Dennis Rodman,rodmade01,33
1995,nba,Mookie Blaylock,blaylmo01,27
1995,nba,David Robinson,robinda01,29
1995,nba,Dikembe Mutombo,mutomdi01,28
1995,nba,Horace Grant,grantho01,29
1995,nba,John Stockton,stockjo01,32
1995,nba,Derrick McKey,mckeyde01,28
1995,nba,Nate McMillan,mcmilna01,30
1995,nba,Hakeem Olajuwon,olajuha01,32
1995,nba,Mitch Richmond,richmmi01,29
1995,nba,Joe Dumars,dumarjo01,31
1995,nba,Charles Oakley,oaklech01,31
1995,nba,Derek Harper,harpede01,33
1995,nba,Karl Malone,malonka01,31
1995,nba,Stacey Augmon,augmost01,26
1995,nba,Anthony Mason,masonan01,28
1995,nba,Bobby Phills,phillbo01,25
1995,nba,Dale Davis,davisda01,25
1995,nba,Anfernee Hardaway,hardaan01,23
1995,nba,Tyrone Hill,hillty01,26
1995,nba,Michael Jordan,jordami01,31
1995,nba,Shawn Kemp,kempsh01,25
1995,nba,Clyde Drexler,drexlcl01,32
1995,nba,Jim Jackson,jacksji01,24
1995,nba,Sam Perkins,perkisa01,33
1995,nba,Rik Smits,smitsri01,28
1995,nba,Buck Williams,willibu01,34
1995,nba,Nick Anderson,anderni01,27
1995,nba,Vin Baker,bakervi01,23
1995,nba,Anthony Bonner,bonnean01,26
1995,nba,Terrell Brandon,brandte01,24
1995,nba,Scott Burrell,burresc01,24
1995,nba,Patrick Ewing,ewingpa01,32
1995,nba,A.C. Green,greenac01,31
1995,nba,Jason Kidd,kiddja01,21
1995,nba,Dan Majerle,majerda01,29
1995,nba,Chris Mills,millsch01,25
1995,nba,Alonzo Mourning,mournal01,24
1995,nba,Eric Murdock,murdoer01,26
1995,nba,Shaquille O'Neal,onealsh01,22
1995,nba,Latrell Sprewell,sprewla01,24
1995,nba,John Starks,starkjo01,29
1995,nba,Bryant Stith,stithbr01,24
1995,nba,Otis Thorpe,thorpot01,32
1995,nba,Hot Rod Williams,williho01,32
1995,nba,Charles Barkley,barklch01,31
1995,nba,Reggie Miller,millere01,29
1995,nba,Detlef Schrempf,schrede01,32
1995,nba,Jamal Mashburn,mashbja01,22
1995,nba,Dana Barros,barroda01,27
1995,nba,Larry Johnson,johnsla02,25
1995,nba,Cedric Ceballos,cebalce01,25
1995,nba,Glen Rice,ricegl01,27
1995,nba,Nick Van Exel,vanexni01,23
1995,nba,Tim Hardaway,hardati01,28
1995,nba,Muggsy Bogues,boguemu01,30
1995,nba,Sean Elliott,elliose01,26
1995,nba,Glenn Robinson,robingl01,22
1995,nba,Grant Hill,hillgr01,22
1995,nba,Jeff Hornacek,hornaje01,31
1995,nba,B.J. Armstrong,armstbj01,27
1995,nba,Mark Price,pricema01,30
1995,nba,Spud Webb,webbsp01,31
1995,nba,Avery Johnson,johnsav01,29
1995,nba,Danny Manning,mannida01,28
1995,nba,Eddie Jones,jonesed02,23
1995,nba,Brian Grant,grantbr01,22
1995,nba,Juwan Howard,howarju01,21
1995,nba,Eric Montross,montrer01,23
1995,nba,Wesley Person,persowe01,23
1995,nba,Jalen Rose,roseja01,22
1995,nba,Sharone Wright,wrighsh01,22
1995,nba,Lamond Murray,murrala01,21
1995,nba,Khalid Reeves,reevekh01,22
1995,nba,Michael Smith,smithmi02,22
1994,nba,Scottie Pippen,pippesc01,28
1994,nba,Gary Payton,paytoga01,25
1994,nba,Mookie Blaylock,blaylmo01,26
1994,nba,Charles Oakley,oaklech01,30
1994,nba,Hakeem Olajuwon,olajuha01,31
1994,nba,Dennis Rodman,rodmade01,32
1994,nba,David Robinson,robinda01,28
1994,nba,Nate McMillan,mcmilna01,29
1994,nba,Horace Grant,grantho01,28
1994,nba,Latrell Sprewell,sprewla01,23
1994,nba,Joe Dumars,dumarjo01,30
1994,nba,John Stockton,stockjo01,31
1994,nba,Stacey Augmon,augmost01,25
1994,nba,John Starks,starkjo01,28
1994,nba,Shawn Kemp,kempsh01,24
1994,nba,Dikembe Mutombo,mutomdi01,27
1994,nba,Patrick Ewing,ewingpa01,31
1994,nba,Dan Majerle,majerda01,28
1994,nba,Karl Malone,malonka01,30
1994,nba,Derrick McKey,mckeyde01,27
1994,nba,Vernon Maxwell,maxweve01,28
1994,nba,Buck Williams,willibu01,33
1994,nba,Mitch Richmond,richmmi01,28
1994,nba,Otis Thorpe,thorpot01,31
1994,nba,Kevin Willis,willike02,31
1994,nba,Muggsy Bogues,boguemu01,29
1994,nba,Frank Brickowski,brickfr01,34
1994,nba,A.C. Green,greenac01,30
1994,nba,Anfernee Hardaway,hardaan01,22
1994,nba,Robert Pack,packro01,24
1994,nba,Sam Perkins,perkisa01,32
1994,nba,Clifford Robinson,robincl02,27
1994,nba,Charles Barkley,barklch01,30
1994,nba,Kevin Johnson,johnske02,27
1994,nba,Mark Price,pricema01,29
1994,nba,Derrick Coleman,colemde01,26
1994,nba,Dominique Wilkins,wilkido01,34
1994,nba,Shaquille O'Neal,onealsh01,21
1994,nba,Kenny Anderson,anderke01,23
1994,nba,Reggie Miller,millere01,28
1994,nba,Danny Manning,mannida01,27
1994,nba,Rod Strickland,stricro02,27
1994,nba,Clyde Drexler,drexlcl01,31
1994,nba,B.J. Armstrong,armstbj01,26
1994,nba,Steve Smith,smithst01,24
1994,nba,Glen Rice,ricegl01,26
1994,nba,Kendall Gill,gillke01,25
1994,nba,Detlef Schrempf,schrede01,31
1994,nba,Tom Gugliotta,guglito01,24
1994,nba,Ron Harper,harpero01,30
1994,nba,Jeff Hornacek,hornaje01,30
1994,nba,Jim Jackson,jacksji01,23
1994,nba,Clarence Weatherspoon,weathcl01,23
1994,nba,Chris Webber,webbech01,20
1994,nba,Vin Baker,bakervi01,22
1994,nba,Jamal Mashburn,mashbja01,21
1994,nba,Isaiah Rider,rideris01,22
1994,nba,Dino Radja,radjadi01,26
1994,nba,Nick Van Exel,vanexni01,22
1994,nba,Shawn Bradley,bradlsh01,21
1994,nba,Toni Kukoč,kukocto01,25
1994,nba,Lindsey Hunter,hunteli01,23
1994,nba,Calbert Cheaney,cheanca01,22
1994,nba,Chris Mills,millsch01,24
1994,nba,Sam Cassell,cassesa01,24
1994,nba,George Lynch,lynchge01,23
1994,nba,Antonio Davis,davisan01,25
1994,nba,Rodney Rogers,rogerro01,22
1994,nba,P.J. Brown,brownpj01,24
1994,nba,Popeye Jones,jonespo01,23
1994,nba,James Robinson,robinja02,23
1993,nba,Michael Jordan,jordami01,29
1993,nba,Hakeem Olajuwon,olajuha01,30
1993,nba,Dennis Rodman,rodmade01,31
1993,nba,Joe Dumars,dumarjo01,29
1993,nba,Scottie Pippen,pippesc01,27
1993,nba,David Robinson,robinda01,27
1993,nba,Larry Nance,nancela01,33
1993,nba,Dan Majerle,majerda01,27
1993,nba,John Starks,starkjo01,27
1993,nba,Horace Grant,grantho01,27
1993,nba,Karl Malone,malonka01,29
1993,nba,John Stockton,stockjo01,30
1993,nba,Mookie Blaylock,blaylmo01,25
1993,nba,Nate McMillan,mcmilna01,28
1993,nba,Buck Williams,willibu01,32
1993,nba,Anthony Mason,masonan01,26
1993,nba,Charles Oakley,oaklech01,29
1993,nba,Patrick Ewing,ewingpa01,30
1993,nba,A.C. Green,greenac01,29
1993,nba,Shawn Kemp,kempsh01,23
1993,nba,Derrick McKey,mckeyde01,26
1993,nba,Alonzo Mourning,mournal01,22
1993,nba,Dikembe Mutombo,mutomdi01,26
1993,nba,Gary Payton,paytoga01,24
1993,nba,Sean Elliott,elliose01,24
1993,nba,Derek Harper,harpede01,31
1993,nba,Stacey Augmon,augmost01,24
1993,nba,Charles Barkley,barklch01,29
1993,nba,Sam Perkins,perkisa01,31
1993,nba,Doc Rivers,riverdo01,31
1993,nba,Micheal Williams,willimi02,26
1993,nba,Muggsy Bogues,boguemu01,28
1993,nba,Derrick Coleman,colemde01,25
1993,nba,Dale Davis,davisda01,23
1993,nba,Clyde Drexler,drexlcl01,30
1993,nba,Shaquille O'Neal,onealsh01,20
1993,nba,Alvin Robertson,roberal01,30
1993,nba,Clifford Robinson,robincl02,26
1993,nba,Detlef Schrempf,schrede01,30
1993,nba,Latrell Sprewell,sprewla01,22
1993,nba,Isiah Thomas,thomais01,31
1993,nba,Otis Thorpe,thorpot01,30
1993,nba,Mark Price,pricema01,28
1993,nba,Dominique Wilkins,wilkido01,33
1993,nba,Larry Johnson,johnsla02,23
1993,nba,Tim Hardaway,hardati01,26
1993,nba,Dražen Petrović,petrodr01,28
1993,nba,Danny Manning,mannida01,26
1993,nba,Reggie Lewis,lewisre01,27
1993,nba,Kevin Johnson,johnske02,26
1993,nba,Reggie Miller,millere01,27
1993,nba,Jeff Hornacek,hornaje01,29
1993,nba,Chris Mullin,mullich01,29
1993,nba,Kenny Anderson,anderke01,22
1993,nba,Brad Daugherty,daughbr01,27
1993,nba,Mark Jackson,jacksma01,27
1993,nba,Scott Skiles,skilesc01,28
1993,nba,Doug West,westdo01,25
1993,nba,Ricky Pierce,piercri01,33
1993,nba,Kevin Willis,willike02,30
1993,nba,Charles Smith,smithch01,27
1993,nba,Steve Smith,smithst01,23
1993,nba,Rod Strickland,stricro02,26
1993,nba,Christian Laettner,laettch01,23
1993,nba,Tom Gugliotta,guglito01,23
1993,nba,LaPhonso Ellis,ellisla01,22
1993,nba,Walt Williams,williwa02,22
1993,nba,Robert Horry,horryro01,22
1993,nba,Clarence Weatherspoon,weathcl01,22
1993,nba,Richard Dumas,dumasri02,23
1993,nba,Harold Miner,minerha01,21
1993,nba,Anthony Peeler,peelean01,23
1993,nba,Todd Day,dayto01,23
1993,nba,Jim Jackson,jacksji01,22
1993,nba,Adam Keefe,keefead01,22
1993,nba,Sean Rooks,rooksse01,23
1993,nba,Anthony Avent,aventan01,23
1993,nba,Doug Christie,chrisdo01,22
1993,nba,Lloyd Daniels,daniell01,25
1993,nba,Bryant Stith,stithbr01,22
1992,nba,Dennis Rodman,rodmade01,30
1992,nba,Michael Jordan,jordami01,28
1992,nba,David Robinson,robinda01,26
1992,nba,Joe Dumars,dumarjo01,28
1992,nba,Scottie Pippen,pippesc01,26
1992,nba,Larry Nance,nancela01,32
1992,nba,Buck Williams,willibu01,31
1992,nba,Patrick Ewing,ewingpa01,29
1992,nba,John Stockton,stockjo01,29
1992,nba,Micheal Williams,willimi02,25
1992,nba,Dan Majerle,majerda01,26
1992,nba,Horace Grant,grantho01,26
1992,nba,Hakeem Olajuwon,olajuha01,29
1992,nba,Terry Porter,portete01,28
1992,nba,Alvin Robertson,roberal01,29
1992,nba,Clyde Drexler,drexlcl01,29
1992,nba,A.C. Green,greenac01,28
1992,nba,Muggsy Bogues,boguemu01,27
1992,nba,Derek Harper,harpede01,30
1992,nba,Dikembe Mutombo,mutomdi01,25
1992,nba,Stacey Augmon,augmost01,23
1992,nba,Jeff Malone,malonje01,30
1992,nba,Karl Malone,malonka01,28
1992,nba,Mark Price,pricema01,27
1992,nba,Kevin Willis,willike02,29
1992,nba,Larry Bird,birdla01,35
1992,nba,Mookie Blaylock,blaylmo01,24
1992,nba,Terry Davis,daviste01,24
1992,nba,Mark Eaton,eatonma01,35
1992,nba,Blue Edwards,edwarbl01,26
1992,nba,Sean Elliott,elliose01,23
1992,nba,Tim Hardaway,hardati01,25
1992,nba,Charles Jones,jonesch01,34
1992,nba,Jerome Kersey,kerseje01,29
1992,nba,Reggie Lewis,lewisre01,26
1992,nba,Vernon Maxwell,maxweve01,26
1992,nba,Kevin McHale,mchalke01,34
1992,nba,Robert Parish,parisro01,38
1992,nba,Gary Payton,paytoga01,23
1992,nba,Sam Perkins,perkisa01,30
1992,nba,Detlef Schrempf,schrede01,29
1992,nba,John Starks,starkjo01,26
1992,nba,Otis Thorpe,thorpot01,29
1992,nba,Sedale Threatt,threase01,30
1992,nba,David Wingate,wingada01,28
1992,nba,Chris Mullin,mullich01,28
1992,nba,Charles Barkley,barklch01,28
1992,nba,Kevin Johnson,johnske02,25
1992,nba,Brad Daugherty,daughbr01,26
1992,nba,Jeff Hornacek,hornaje01,28
1992,nba,Larry Johnson,johnsla02,22
1992,nba,Danny Manning,mannida01,25
1992,nba,Isiah Thomas,thomais01,30
1992,nba,Mitch Richmond,richmmi01,26
1992,nba,Glen Rice,ricegl01,24
1992,nba,Kendall Gill,gillke01,23
1992,nba,Dominique Wilkins,wilkido01,32
1992,nba,Reggie Miller,millere01,26
1992,nba,Ricky Pierce,piercri01,32
1992,nba,James Worthy,worthja01,30
1992,nba,Derrick Coleman,colemde01,24
1992,nba,Terry Cummings,cummite01,30
1992,nba,Ron Harper,harpero01,28
1992,nba,Mark Jackson,jacksma01,26
1992,nba,Billy Owens,owensbi01,22
1992,nba,Steve Smith,smithst01,22
1992,nba,Rick Fox,foxri01,22
1992,nba,Terrell Brandon,brandte01,21
1992,nba,Larry Stewart,stewala01,23
1992,nba,Stanley Roberts,roberst01,21
1992,nba,Mark Macon,maconma01,22
1992,nba,Doug Smith,smithdo03,22
1992,nba,Greg Anthony,anthogr01,24
1992,nba,Dale Davis,davisda01,22
1992,nba,Paul Graham,grahapa01,24
1992,nba,Victor Alexander,alexavi01,22
1992,nba,Mike Iuzzolino,iuzzomi01,24
1992,nba,Kenny Anderson,anderke01,21
1992,nba,Robert Pack,packro01,22
1992,nba,David Benoit,benoida01,23
1992,nba,Chris Gatling,gatlich01,24
1992,nba,Greg Sutton,suttogr01,24
1991,nba,Dennis Rodman,rodmade01,29
1991,nba,David Robinson,robinda01,25
1991,nba,Michael Jordan,jordami01,27
1991,nba,Alvin Robertson,roberal01,28
1991,nba,Buck Williams,willibu01,30
1991,nba,Joe Dumars,dumarjo01,27
1991,nba,Hakeem Olajuwon,olajuha01,28
1991,nba,Scottie Pippen,pippesc01,25
1991,nba,John Stockton,stockjo01,28
1991,nba,Dan Majerle,majerda01,25
1991,nba,Derek Harper,harpede01,29
1991,nba,Patrick Ewing,ewingpa01,28
1991,nba,Kevin McHale,mchalke01,33
1991,nba,Larry Nance,nancela01,31
1991,nba,Terry Porter,portete01,27
1991,nba,Sam Perkins,perkisa01,29
1991,nba,Jerome Kersey,kerseje01,28
1991,nba,Darrell Walker,walkeda01,29
1991,nba,Vernon Maxwell,maxweve01,25
1991,nba,Doc Rivers,riverdo01,29
1991,nba,Willie Anderson,anderwi01,24
1991,nba,Mark Eaton,eatonma01,34
1991,nba,A.C. Green,greenac01,27
1991,nba,Robert Parish,parisro01,37
1991,nba,Detlef Schrempf,schrede01,28
1991,nba,Brian Shaw,shawbr01,24
1991,nba,James Worthy,worthja01,29
1991,nba,Ron Anderson,anderro01,32
1991,nba,Charles Barkley,barklch01,27
1991,nba,Frank Brickowski,brickfr01,31
1991,nba,Dee Brown,brownde01,22
1991,nba,Maurice Cheeks,cheekma01,34
1991,nba,Tyrone Corbin,corbity01,28
1991,nba,Clyde Drexler,drexlcl01,28
1991,nba,Hersey Hawkins,hawkihe01,24
1991,nba,Jeff Hornacek,hornaje01,27
1991,nba,Jay Humphries,humphja01,28
1991,nba,Magic Johnson,johnsma02,31
1991,nba,Bill Laimbeer,laimbbi01,33
1991,nba,John Salley,sallejo01,26
1991,nba,Charles Smith,smithch01,25
1991,nba,Karl Malone,malonka01,27
1991,nba,Dominique Wilkins,wilkido01,31
1991,nba,Kevin Johnson,johnske02,24
1991,nba,Chris Mullin,mullich01,27
1991,nba,Bernard King,kingbe01,34
1991,nba,Larry Bird,birdla01,34
1991,nba,Tim Hardaway,hardati01,24
1991,nba,Otis Thorpe,thorpot01,28
1991,nba,Mitch Richmond,richmmi01,25
1991,nba,Brad Daugherty,daughbr01,25
1991,nba,Reggie Miller,millere01,25
1991,nba,Michael Adams,adamsmi01,28
1991,nba,Lionel Simmons,simmoli01,22
1991,nba,Isiah Thomas,thomais01,29
1991,nba,Tom Chambers,chambto01,31
1991,nba,Kenny Smith,smithke01,25
1991,nba,Horace Grant,grantho01,25
1991,nba,Derrick Coleman,colemde01,23
1991,nba,Kevin Duckworth,duckwke01,26
1991,nba,Kendall Gill,gillke01,22
1991,nba,Dennis Scott,scottde01,22
1991,nba,Felton Spencer,spencfe01,23
1991,nba,Willie Burton,burtowi01,22
1991,nba,Travis Mays,maystr01,22
1991,nba,Gary Payton,paytoga01,22
1991,nba,Mahmoud Abdul-Rauf,abdulma02,21
1991,nba,Danny Ferry,ferryda01,24
1991,nba,Duane Causwell,causwdu01,22
1991,nba,Cedric Ceballos,cebalce01,21
1991,nba,Tyrone Hill,hillty01,22
1991,nba,Negele Knight,knighne01,23
1991,nba,Alec Kessler,kesslal01,24
1991,nba,Loy Vaught,vaughlo01,22
1991,nba,A.J. English,engliaj01,23
1991,nba,Tony Smith,smithto02,22
1991,nba,Jerrod Mustaf,mustaje01,21
1991,nba,Gerald Glass,glassge01,23
1990,nba,Dennis Rodman,rodmade01,28
1990,nba,Joe Dumars,dumarjo01,26
1990,nba,Hakeem Olajuwon,olajuha01,27
1990,nba,Michael Jordan,jordami01,26
1990,nba,Buck Williams,willibu01,29
1990,nba,Alvin Robertson,roberal01,27
1990,nba,Rick Mahorn,mahorri01,31
1990,nba,David Robinson,robinda01,24
1990,nba,Derek Harper,harpede01,28
1990,nba,Kevin McHale,mchalke01,32
1990,nba,Magic Johnson,johnsma02,30
1990,nba,Charles Barkley,barklch01,26
1990,nba,Karl Malone,malonka01,26
1990,nba,Patrick Ewing,ewingpa01,27
1990,nba,John Stockton,stockjo01,27
1990,nba,Tom Chambers,chambto01,30
1990,nba,Larry Bird,birdla01,33
1990,nba,Kevin Johnson,johnske02,23
1990,nba,Clyde Drexler,drexlcl01,27
1990,nba,James Worthy,worthja01,28
1990,nba,Chris Mullin,mullich01,26
1990,nba,Terry Cummings,cummite01,28
1990,nba,Isiah Thomas,thomais01,28
1990,nba,Dominique Wilkins,wilkido01,30
1990,nba,Reggie Miller,millere01,24
1990,nba,Fat Lever,leverfa01,29
1990,nba,Terry Porter,portete01,26
1990,nba,Mark Price,pricema01,25
1990,nba,Rodney McCray,mccraro01,28
1990,nba,Rolando Blackman,blackro01,30
1990,nba,Mitch Richmond,richmmi01,24
1990,nba,Bernard King,kingbe01,33
1990,nba,Robert Parish,parisro01,36
1990,nba,Tony Campbell,campbto01,27
1990,nba,Eddie Johnson,johnsed03,30
1990,nba,Jeff Malone,malonje01,28
1990,nba,Charles Oakley,oaklech01,26
1990,nba,Ricky Pierce,piercri01,30
1990,nba,Scottie Pippen,pippesc01,24
1990,nba,Charles Smith,smithch01,24
1990,nba,Hot Rod Williams,williho01,27
1990,nba,Tim Hardaway,hardati01,23
1990,nba,Vlade Divac,divacvl01,21
1990,nba,Sherman Douglas,douglsh01,23
1990,nba,Pooh Richardson,richapo01,23
1990,nba,J.R. Reid,reidjr01,21
1990,nba,Sean Elliott,elliose01,21
1990,nba,Stacey King,kingst01,23
1990,nba,Blue Edwards,edwarbl01,24
1990,nba,Glen Rice,ricegl01,22
1990,nba,Clifford Robinson,robincl02,23
1990,nba,Nick Anderson,anderni01,22
1990,nba,Dana Barros,barroda01,22
1990,nba,Sam Mitchell,mitchsa01,26
1990,nba,Shawn Kemp,kempsh01,20
1990,nba,B.J. Armstrong,armstbj01,22
1990,nba,Michael Ansley,anslemi01,22
1990,nba,Todd Lichti,lichtto01,23
1990,nba,Mookie Blaylock,blaylmo01,22
1990,nba,Michael Smith,smithmi01,24
1990,nba,Alexander Volkov,volkoal01,25
1989,nba,Dennis Rodman,rodmade01,27
1989,nba,Michael Jordan,jordami01,25
1989,nba,Joe Dumars,dumarjo01,25
1989,nba,Mark Eaton,eatonma01,32
1989,nba,Larry Nance,nancela01,29
1989,nba,Patrick Ewing,ewingpa01,26
1989,nba,John Stockton,stockjo01,26
1989,nba,Kevin McHale,mchalke01,31
1989,nba,Alvin Robertson,roberal01,26
1989,nba,A.C. Green,greenac01,25
1989,nba,Karl Malone,malonka01,25
1989,nba,Magic Johnson,johnsma02,29
1989,nba,Charles Barkley,barklch01,25
1989,nba,Hakeem Olajuwon,olajuha01,26
1989,nba,Tom Chambers,chambto01,29
1989,nba,Chris Mullin,mullich01,25
1989,nba,Kevin Johnson,johnske02,22
1989,nba,Dominique Wilkins,wilkido01,29
1989,nba,Dale Ellis,ellisda01,28
1989,nba,Mark Price,pricema01,24
1989,nba,Terry Cummings,cummite01,27
1989,nba,Robert Parish,parisro01,35
1989,nba,Clyde Drexler,drexlcl01,26
1989,nba,Alex English,englial01,35
1989,nba,Isiah Thomas,thomais01,27
1989,nba,James Worthy,worthja01,27
1989,nba,Moses Malone,malonmo01,33
1989,nba,Mitch Richmond,richmmi01,23
1989,nba,Brad Daugherty,daughbr01,23
1989,nba,Ron Harper,harpero01,25
1989,nba,Fat Lever,leverfa01,28
1989,nba,Mark Jackson,jacksma01,23
1989,nba,Bernard King,kingbe01,32
1989,nba,Charles Oakley,oaklech01,25
1989,nba,Otis Thorpe,thorpot01,26
1989,nba,Danny Ainge,aingeda01,29
1989,nba,Eddie Johnson,johnsed03,29
1989,nba,Xavier McDaniel,mcdanxa01,25
1989,nba,Ken Norman,normake01,24
1989,nba,Doc Rivers,riverdo01,27
1989,nba,Kelly Tripucka,tripuke01,29
1989,nba,Willie Anderson,anderwi01,22
1989,nba,Hersey Hawkins,hawkihe01,22
1989,nba,Rik Smits,smitsri01,22
1989,nba,Charles Smith,smithch01,23
1989,nba,Brian Shaw,shawbr01,22
1989,nba,Rex Chapman,chapmre01,21
1989,nba,Chris Morris,morrich01,23
1989,nba,Rod Strickland,stricro02,22
1989,nba,Kevin Edwards,edwarke01,23
1989,nba,Ledell Eackles,eacklle01,22
1989,nba,Grant Long,longgr01,22
1989,nba,Ricky Berry,berryri01,24
1989,nba,Derrick Chievous,chievde01,21
1989,nba,Rony Seikaly,seikaro01,23
1989,nba,Gary Grant,grantga01,23
1989,nba,Danny Manning,mannida01,22
1989,nba,Dan Majerle,majerda01,23
1989,nba,Vinny Del Negro,delnevi01,22
1989,nba,Randolph Keys,keysra01,22
1988,nba,Hakeem Olajuwon,olajuha01,25
1988,nba,Kevin McHale,mchalke01,30
1988,nba,Michael Cooper,coopemi01,31
1988,nba,Michael Jordan,jordami01,24
1988,nba,Rodney McCray,mccraro01,26
1988,nba,Mark Eaton,eatonma01,31
1988,nba,Patrick Ewing,ewingpa01,25
1988,nba,Alvin Robertson,roberal01,25
1988,nba,Fat Lever,leverfa01,27
1988,nba,Buck Williams,willibu01,27
1988,nba,Karl Malone,malonka01,24
1988,nba,Larry Bird,birdla01,31
1988,nba,Magic Johnson,johnsma02,28
1988,nba,Charles Barkley,barklch01,24
1988,nba,Dominique Wilkins,wilkido01,28
1988,nba,Clyde Drexler,drexlcl01,25
1988,nba,John Stockton,stockjo01,25
1988,nba,Moses Malone,malonmo01,32
1988,nba,Brad Daugherty,daughbr01,22
1988,nba,Isiah Thomas,thomais01,26
1988,nba,Dale Ellis,ellisda01,27
1988,nba,Mark Aguirre,aguirma01,28
1988,nba,Rolando Blackman,blackro01,28
1988,nba,Mark Jackson,jacksma01,22
1988,nba,Byron Scott,scottby01,26
1988,nba,Kevin Duckworth,duckwke01,23
1988,nba,Alex English,englial01,34
1988,nba,Charles Oakley,oaklech01,24
1988,nba,Robert Parish,parisro01,34
1988,nba,Jack Sikma,sikmaja01,32
1988,nba,James Worthy,worthja01,26
1988,nba,Armen Gilliam,gilliar01,23
1988,nba,Kenny Smith,smithke01,22
1988,nba,Greg Anderson,andergr01,23
1988,nba,Derrick McKey,mckeyde01,21
1988,nba,Reggie Miller,millere01,22
1988,nba,Horace Grant,grantho01,22
1988,nba,Scottie Pippen,pippesc01,22
1988,nba,Winston Garland,garlawi01,23
1988,nba,Muggsy Bogues,boguemu01,23
1988,nba,Mark Acres,acresma01,25
1988,nba,Olden Polynice,polynol01,23
1988,nba,Joe Wolf,wolfjo01,23
1987,nba,Kevin McHale,mchalke01,29
1987,nba,Michael Cooper,coopemi01,30
1987,nba,Alvin Robertson,roberal01,24
1987,nba,Hakeem Olajuwon,olajuha01,24
1987,nba,Dennis Johnson,johnsde01,32
1987,nba,Maurice Cheeks,cheekma01,30
1987,nba,Mark Eaton,eatonma01,30
1987,nba,Paul Pressey,presspa01,28
1987,nba,Rodney McCray,mccraro01,25
1987,nba,Derek Harper,harpede01,25
1987,nba,Manute Bol,bolma01,24
1987,nba,Fat Lever,leverfa01,26
1987,nba,Sam Perkins,perkisa01,25
1987,nba,Kevin Willis,willike02,24
1987,nba,Buck Williams,willibu01,26
1987,nba,Magic Johnson,johnsma02,27
1987,nba,Michael Jordan,jordami01,23
1987,nba,Larry Bird,birdla01,30
1987,nba,Dominique Wilkins,wilkido01,27
1987,nba,Charles Barkley,barklch01,23
1987,nba,Moses Malone,malonmo01,31
1987,nba,Isiah Thomas,thomais01,25
1987,nba,Rolando Blackman,blackro01,27
1987,nba,Robert Parish,parisro01,33
1987,nba,Kareem Abdul-Jabbar,abdulka01,39
1987,nba,Sleepy Floyd,floydsl01,26
1987,nba,Clyde Drexler,drexlcl01,24
1987,nba,Dale Ellis,ellisda01,26
1987,nba,Doc Rivers,riverdo01,25
1987,nba,Kiki Vandeweghe,vandeki01,28
1987,nba,Jeff Malone,malonje01,25
1987,nba,Karl Malone,malonka01,23
1987,nba,Alex English,englial01,33
1987,nba,Mark Aguirre,aguirma01,27
1987,nba,Walter Davis,daviswa03,32
1987,nba,James Donaldson,donalja01,29
1987,nba,Bill Laimbeer,laimbbi01,29
1987,nba,Larry Nance,nancela01,27
1987,nba,James Worthy,worthja01,25
1987,nba,Brad Daugherty,daughbr01,21
1987,nba,Ron Harper,harpero01,23
1987,nba,Chuck Person,persoch01,22
1987,nba,Roy Tarpley,tarplro01,22
1987,nba,Hot Rod Williams,williho01,24
1987,nba,Dennis Rodman,rodmade01,25
1987,nba,David Wingate,wingada01,23
1987,nba,Nate McMillan,mcmilna01,22
1987,nba,Brad Sellers,sellebr01,24
1987,nba,Johnny Dawkins,dawkijo01,23
1987,nba,Billy Thompson,thompbi01,23
1987,nba,Kenny Walker,walkeke01,22
1987,nba,John Williams,willijo02,20
1986,nba,Sidney Moncrief,moncrsi01,28
1986,nba,Maurice Cheeks,cheekma01,29
1986,nba,Paul Pressey,presspa01,27
1986,nba,Mark Eaton,eatonma01,29
1986,nba,Kevin McHale,mchalke01,28
1986,nba,Alvin Robertson,roberal01,23
1986,nba,Manute Bol,bolma01,23
1986,nba,Michael Cooper,coopemi01,29
1986,nba,Dennis Johnson,johnsde01,31
1986,nba,Bill Hanzlik,hanzlbi01,28
1986,nba,T.R. Dunn,dunntr01,30
1986,nba,Hakeem Olajuwon,olajuha01,23
1986,nba,Larry Bird,birdla01,29
1986,nba,Bobby Jones,jonesbo01,34
1986,nba,Buck Williams,willibu01,25
1986,nba,Rodney McCray,mccraro01,24
1986,nba,Magic Johnson,johnsma02,26
1986,nba,Isiah Thomas,thomais01,24
1986,nba,Dominique Wilkins,wilkido01,26
1986,nba,Kareem Abdul-Jabbar,abdulka01,38
1986,nba,Charles Barkley,barklch01,22
1986,nba,Alex English,englial01,32
1986,nba,Moses Malone,malonmo01,30
1986,nba,James Worthy,worthja01,24
1986,nba,Ralph Sampson,sampsra01,25
1986,nba,Rolando Blackman,blackro01,26
1986,nba,Terry Cummings,cummite01,24
1986,nba,Adrian Dantley,dantlad01,30
1986,nba,Jeff Malone,malonje01,24
1986,nba,Walter Davis,daviswa03,31
1986,nba,Clyde Drexler,drexlcl01,23
1986,nba,Marques Johnson,johnsma01,29
1986,nba,Robert Parish,parisro01,32
1986,nba,Reggie Theus,theusre01,28
1986,nba,Xavier McDaniel,mcdanxa01,22
1986,nba,Patrick Ewing,ewingpa01,23
1986,nba,Karl Malone,malonka01,22
1986,nba,Joe Dumars,dumarjo01,22
1986,nba,Charles Oakley,oaklech01,22
1986,nba,Benoit Benjamin,benjabe01,21
1986,nba,Spud Webb,webbsp01,22
1986,nba,Chris Mullin,mullich01,22
1986,nba,Wayman Tisdale,tisdawa01,21
1986,nba,Terry Porter,portete01,22
1986,nba,Gerald Wilkins,wilkige01,22
1985,nba,Mark Eaton,eatonma01,28
1985,nba,Sidney Moncrief,moncrsi01,27
1985,nba,Paul Pressey,presspa01,26
1985,nba,Maurice Cheeks,cheekma01,28
1985,nba,Michael Cooper,coopemi01,28
1985,nba,Dennis Johnson,johnsde01,30
1985,nba,Bobby Jones,jonesbo01,33
1985,nba,T.R. Dunn,dunntr01,29
1985,nba,Danny Vranes,vraneda01,26
1985,nba,Hakeem Olajuwon,olajuha01,22
1985,nba,Larry Bird,birdla01,28
1985,nba,Magic Johnson,johnsma02,25
1985,nba,Isiah Thomas,thomais01,23
1985,nba,Moses Malone,malonmo01,29
1985,nba,Bernard King,kingbe01,28
1985,nba,Kareem Abdul-Jabbar,abdulka01,37
1985,nba,Michael Jordan,jordami01,21
1985,nba,Terry Cummings,cummite01,23
1985,nba,Ralph Sampson,sampsra01,24
1985,nba,Sam Bowie,bowiesa01,23
1985,nba,Charles Barkley,barklch01,21
1985,nba,Sam Perkins,perkisa01,23
1985,nba,Otis Thorpe,thorpot01,22
1985,nba,Alvin Robertson,roberal01,22
1985,nba,Vern Fleming,flemive01,22
1985,nba,Tim McCormick,mccorti01,22
1985,nba,John Stockton,stockjo01,22
1985,nba,Kevin Willis,willike02,22
1984,nba,Bobby Jones,jonesbo01,32
1984,nba,Sidney Moncrief,moncrsi01,26
1984,nba,Tree Rollins,rollitr01,28
1984,nba,Maurice Cheeks,cheekma01,27
1984,nba,Michael Cooper,coopemi01,27
1984,nba,Dennis Johnson,johnsde01,29
1984,nba,Larry Bird,birdla01,27
1984,nba,Kareem Abdul-Jabbar,abdulka01,36
1984,nba,Dan Roundfield,roundda01,30
1984,nba,T.R. Dunn,dunntr01,28
1984,nba,Magic Johnson,johnsma02,24
1984,nba,Isiah Thomas,thomais01,22
1984,nba,Bernard King,kingbe01,27
1984,nba,Julius Erving,ervinju01,33
1984,nba,Moses Malone,malonmo01,28
1984,nba,Adrian Dantley,dantlad01,28
1984,nba,Jim Paxson,paxsoji02,26
1984,nba,Ralph Sampson,sampsra01,23
1984,nba,Steve Stipanovich,stipast01,23
1984,nba,Byron Scott,scottby01,22
1984,nba,Jeff Malone,malonje01,22
1984,nba,Thurl Bailey,baileth01,22
1984,nba,Darrell Walker,walkeda01,22
1984,nba,Rodney McCray,mccraro01,22
1984,nba,Ennis Whatley,whatlen01,21
1983,nba,Bobby Jones,jonesbo01,31
1983,nba,Sidney Moncrief,moncrsi01,25
1983,nba,Dan Roundfield,roundda01,29
1983,nba,Maurice Cheeks,cheekma01,26
1983,nba,Dennis Johnson,johnsde01,28
1983,nba,Moses Malone,malonmo01,27
1983,nba,Larry Bird,birdla01,26
1983,nba,Tree Rollins,rollitr01,27
1983,nba,Michael Cooper,coopemi01,26
1983,nba,T.R. Dunn,dunntr01,27
1983,nba,Kevin McHale,mchalke01,25
1983,nba,Magic Johnson,johnsma02,23
1983,nba,Julius Erving,ervinju01,32
1983,nba,George Gervin,gervige01,30
1983,nba,Alex English,englial01,29
1983,nba,Buck Williams,willibu01,22
1983,nba,Kareem Abdul-Jabbar,abdulka01,35
1983,nba,Isiah Thomas,thomais01,21
1983,nba,Terry Cummings,cummite01,21
1983,nba,Clark Kellogg,kellocl01,21
1983,nba,Dominique Wilkins,wilkido01,23
1983,nba,James Worthy,worthja01,21
1983,nba,Quintin Dailey,dailequ01,22
1983,nba,Fat Lever,leverfa01,22
1983,nba,Paul Pressey,presspa01,24
1983,nba,Trent Tucker,tucketr01,23
1983,nba,Rod Higgins,higgiro01,23
1983,nba,Rob Williams,williro02,21
1982,nba,Bobby Jones,jonesbo01,30
1982,nba,Michael Cooper,coopemi01,25
1982,nba,Dan Roundfield,roundda01,28
1982,nba,Caldwell Jones,jonesca01,31
1982,nba,Dennis Johnson,johnsde01,27
1982,nba,Quinn Buckner,bucknqu01,27
1982,nba,Sidney Moncrief,moncrsi01,24
1982,nba,Jack Sikma,sikmaja01,26
1982,nba,Larry Bird,birdla01,25
1982,nba,Lonnie Shelton,sheltlo01,26
1982,nba,Julius Erving,ervinju01,31
1982,nba,Moses Malone,malonmo01,26
1982,nba,George Gervin,gervige01,29
1982,nba,Gus Williams,willigu01,28
1982,nba,Magic Johnson,johnsma02,22
1982,nba,Alex English,englial01,28
1982,nba,Bernard King,kingbe01,25
1982,nba,Robert Parish,parisro01,28
1982,nba,Kelly Tripucka,tripuke01,22
1982,nba,Jay Vincent,vinceja01,22
1982,nba,Isiah Thomas,thomais01,20
1982,nba,Buck Williams,willibu01,21
1982,nba,Jeff Ruland,rulanje01,23
1982,nba,Tom Chambers,chambto01,22
1982,nba,Mark Aguirre,aguirma01,22
1982,nba,Frank Johnson,johnsfr01,23
1982,nba,Elston Turner,turneel01,22
1982,nba,Rolando Blackman,blackro01,22
1982,nba,Albert King,kingal01,22
1982,nba,Darnell Valentine,valenda01,22
1982,nba,Herb Williams,willihe01,23
1981,nba,Dennis Johnson,johnsde01,26
1981,nba,Bobby Jones,jonesbo01,29
1981,nba,Kareem Abdul-Jabbar,abdulka01,33
1981,nba,Michael Ray Richardson,richami01,25
1981,nba,Caldwell Jones,jonesca01,30
1981,nba,Quinn Buckner,bucknqu01,26
1981,nba,Dan Roundfield,roundda01,27
1981,nba,Kermit Washington,washike01,29
1981,nba,Dudley Bradley,bradldu01,23
1981,nba,Michael Cooper,coopemi01,24
1981,nba,George Johnson,johnsge02,32
1981,nba,Julius Erving,ervinju01,30
1981,nba,Larry Bird,birdla01,24
1981,nba,George Gervin,gervige01,28
1981,nba,Moses Malone,malonmo01,25
1981,nba,Otis Birdsong,birdsot01,25
1981,nba,Marques Johnson,johnsma01,24
1981,nba,Tiny Archibald,architi01,32
1981,nba,Adrian Dantley,dantlad01,25
1981,nba,Joe Barry Carroll,carrojo01,22
1981,nba,Darrell Griffith,griffda01,22
1981,nba,Larry Smith,smithla01,23
1981,nba,Kevin McHale,mchalke01,23
1981,nba,Kelvin Ransey,ranseke01,22
1981,nba,Andrew Toney,toneyan01,23
1981,nba,Michael Brooks,brookmi01,22
1981,nba,Louis Orr,orrlo01,22
1981,nba,Reggie Johnson,johnsre01,23
1980,nba,Dennis Johnson,johnsde01,25
1980,nba,Bobby Jones,jonesbo01,28
1980,nba,Kareem Abdul-Jabbar,abdulka01,32
1980,nba,Dan Roundfield,roundda01,26
1980,nba,Don Buse,busedo01,29
1980,nba,Michael Ray Richardson,richami01,24
1980,nba,Kermit Washington,washike01,28
1980,nba,Scott Wedman,wedmasc01,27
1980,nba,Quinn Buckner,bucknqu01,25
1980,nba,Eddie Johnson,johnsed02,24
1980,nba,Dave Cowens,cowenda01,31
1980,nba,Julius Erving,ervinju01,29
1980,nba,Larry Bird,birdla01,23
1980,nba,George Gervin,gervige01,27
1980,nba,Paul Westphal,westppa01,29
1980,nba,Gus Williams,willigu01,26
1980,nba,Moses Malone,malonmo01,24
1980,nba,Marques Johnson,johnsma01,23
1980,nba,Bill Cartwright,cartwbi01,22
1980,nba,Magic Johnson,johnsma02,20
1980,nba,Dave Greenwood,greenda01,22
1980,nba,Cliff Robinson,robincl01,19
1980,nba,Reggie King,kingre01,22
1980,nba,Allen Leavell,leaveal01,22
1980,nba,Johnny High,highjo01,22
1980,nba,Greg Kelser,kelsegr01,22
1980,nba,Sidney Moncrief,moncrsi01,22
1980,nba,Clint Richardson,richacl01,23
1979,nba,Dennis Johnson,johnsde01,24
1979,nba,Moses Malone,malonmo01,23
1979,nba,George Gervin,gervige01,26
1979,nba,Marques Johnson,johnsma01,22
1979,nba,Elvin Hayes,hayesel01,33
1979,nba,Paul Westphal,westppa01,28
1979,nba,Kareem Abdul-Jabbar,abdulka01,31
1979,nba,Bob Dandridge,dandrbo01,31
1979,nba,Walter Davis,daviswa03,24
1979,nba,Phil Ford,fordph01,22
1979,nba,World B. Free,freewo01,25
1979,nba,Ron Brewer,brewero01,23
1979,nba,Reggie Theus,theusre01,21
1979,nba,Mychal Thompson,thompmy01,24
1979,nba,Terry Tyler,tylerte01,22
1979,nba,Winford Boynes,boynewi01,21
1979,nba,Maurice Cheeks,cheekma01,22
1979,nba,Wayne Cooper,coopewa01,22
1979,nba,George Johnson,johnsge03,22
1979,nba,John Long,longjo01,22
1979,nba,Mike Mitchell,mitchmi01,23
1979,nba,Purvis Short,shortpu01,21
1979,nba,Freeman Williams,willifr01,22
1978,nba,Bobby Jones,jonesbo01,26
1978,nba,Bill Walton,waltobi01,25
1978,nba,George Gervin,gervige01,25
1978,nba,David Thompson,thompda01,23
1978,nba,Truck Robinson,robintr01,26
1978,nba,Julius Erving,ervinju01,27
1978,nba,Paul Westphal,westppa01,27
1978,nba,Walter Davis,daviswa03,23
1978,nba,Kareem Abdul-Jabbar,abdulka01,30
1978,nba,Maurice Lucas,lucasma01,25
1978,nba,Pete Maravich,maravpe01,30
1978,nba,Marques Johnson,johnsma01,21
1978,nba,Bernard King,kingbe01,21
1978,nba,Norm Nixon,nixonno01,22
1978,nba,Jack Sikma,sikmaja01,22
1978,nba,Otis Birdsong,birdsot01,22
1978,nba,Anthony Roberts,roberan01,22
1978,nba,Tree Rollins,rollitr01,22
1978,nba,Ray Williams,willira01,23
1977,nba,Bobby Jones,jonesbo01,25
1977,nba,E.C. Coleman,colemec01,26
1977,nba,Bill Walton,waltobi01,24
1977,nba,Don Buse,busedo01,26
1977,nba,Norm Van Lier,vanlino01,29
1977,nba,Kareem Abdul-Jabbar,abdulka01,29
1977,nba,Pete Maravich,maravpe01,29
1977,nba,Elvin Hayes,hayesel01,31
1977,nba,David Thompson,thompda01,22
1977,nba,Paul Westphal,westppa01,26
1977,nba,Julius Erving,ervinju01,26
1977,nba,George Gervin,gervige01,24
1977,nba,Jo Jo White,whitejo01,30
1977,nba,George McGinnis,mcginge01,26
1977,nba,Adrian Dantley,dantlad01,21
1977,nba,Scott May,maysc01,22
1977,nba,John Lucas,lucasjo01,23
1977,nba,Mitch Kupchak,kupchmi01,22
1977,nba,Ron Lee,leero01,24
1977,nba,Quinn Buckner,bucknqu01,22
1977,nba,Leon Douglas,douglle01,22
1977,nba,Paul Griffin,griffpa01,23
1977,nba,Armond Hill,hillar01,23
1977,nba,Robert Parish,parisro01,23
1977,nba,Sonny Parker,parkeso01,21
1977,nba,Lonnie Shelton,sheltlo01,21
1977,nba,Earl Tatum,tatumea01,23
1977,nba,Richard Washington,washiri01,21
1977,nba,Larry Wright,wrighla01,22
1976,nba,Paul Silas,silaspa01,32
1976,nba,Dave Cowens,cowenda01,27
1976,nba,Norm Van Lier,vanlino01,28
1976,nba,John Havlicek,havlijo01,35
1976,nba,Slick Watts,wattssl01,24
1976,nba,Rick Barry,barryri01,31
1976,nba,George McGinnis,mcginge01,25
1976,nba,Kareem Abdul-Jabbar,abdulka01,28
1976,nba,Tiny Archibald,architi01,27
1976,nba,Pete Maravich,maravpe01,28
1976,nba,Elvin Hayes,hayesel01,30
1976,nba,Randy Smith,smithra01,27
1976,nba,Phil Smith,smithph01,23
1976,nba,Alvan Adams,adamsal01,21
1976,nba,Gus Williams,willigu01,22
1976,nba,Lionel Hollins,hollili01,22
1976,nba,Joe Meriweather,meriwjo01,22
1976,nba,Junior Bridgeman,bridgju01,22
1976,nba,Joe Bryant,bryanjo01,21
1976,nba,Don Ford,forddo01,23
1976,nba,World B. Free,freewo01,22
1976,nba,Rich Kelley,kelleri01,22
1976,nba,John Laskowski,laskojo01,22
1976,nba,Dave Meyers,meyerda01,22
1976,nba,Bill Robinzine,robinbi01,23
1976,nba,Ricky Sobers,soberri01,23
1975,nba,Jerry Sloan,sloanje01,32
1975,nba,Walt Frazier,fraziwa01,29
1975,nba,John Havlicek,havlijo01,34
1975,nba,Kareem Abdul-Jabbar,abdulka01,27
1975,nba,Paul Silas,silaspa01,31
1975,nba,Rick Barry,barryri01,30
1975,nba,Tiny Archibald,architi01,26
1975,nba,Elvin Hayes,hayesel01,29
1975,nba,Bob McAdoo,mcadobo01,23
1975,nba,Phil Chenier,cheniph01,24
1975,nba,Dave Cowens,cowenda01,26
1975,nba,Spencer Haywood,haywosp01,25
1975,nba,Jo Jo White,whitejo01,28
1975,nba,Jamaal Wilkes,wilkeja01,21
1975,nba,John Drew,drewjo01,20
1975,nba,Scott Wedman,wedmasc01,22
1975,nba,Tom Burleson,burleto01,22
1975,nba,Brian Winters,wintebr01,22
1975,nba,Leonard Gray,grayle01,23
1975,nba,Tom Henderson,hendeto01,23
1975,nba,Gary Brokaw,brokaga01,21
1975,nba,Aaron James,jamesaa01,22
1975,nba,Phil Smith,smithph01,22
1975,nba,Mike Sojourner,sojoumi01,21
1975,nba,Foots Walker,walkefo01,23
1975,nba,Bill Walton,waltobi01,22
1974,nba,Dave DeBusschere,debusda01,33
1974,nba,Kareem Abdul-Jabbar,abdulka01,26
1974,nba,Norm Van Lier,vanlino01,26
1974,nba,Walt Frazier,fraziwa01,28
1974,nba,Jerry Sloan,sloanje01,31
1974,nba,John Havlicek,havlijo01,33
1974,nba,Don Chaney,chanedo01,27
1974,nba,Elvin Hayes,hayesel01,28
1974,nba,Nate Thurmond,thurmna01,32
1974,nba,Bob Love,lovebo01,31
1974,nba,Jim Price,priceji01,24
1974,nba,Dick Van Arsdale,vanardi01,30
1974,nba,Gail Goodrich,goodrga01,30
1974,nba,Rick Barry,barryri01,29
1974,nba,Spencer Haywood,haywosp01,24
1974,nba,Bob McAdoo,mcadobo01,22
1974,nba,Dave Bing,bingda01,30
1974,nba,Ron Behagen,behagro01,23
1974,nba,Ernie DiGregorio,digreer01,23
1974,nba,Mike Bantom,bantomi01,22
1974,nba,John Brown,brownjo01,22
1974,nba,Nick Weatherspoon,weathni01,23
1974,nba,Dwight Jones,jonesdw01,21
1974,nba,Bernie Fryer,fryerbe01,24
1974,nba,Jim Brewer,breweji01,22
1974,nba,Slick Watts,wattssl01,22
1974,nba,E.C. Coleman,colemec01,23
1974,nba,Mike D'Antoni,dantomi01,22
1974,nba,Derrek Dickey,dickede01,22
1973,nba,Dave DeBusschere,debusda01,32
1973,nba,Jerry West,westje01,34
1973,nba,Walt Frazier,fraziwa01,27
1973,nba,John Havlicek,havlijo01,32
1973,nba,Wilt Chamberlain,chambwi01,36
1973,nba,Nate Thurmond,thurmna01,31
1973,nba,Norm Van Lier,vanlino01,25
1973,nba,Paul Silas,silaspa01,29
1973,nba,Don Chaney,chanedo01,26
1973,nba,Mike Riordan,riordmi01,27
1973,nba,Tiny Archibald,architi01,24
1973,nba,Spencer Haywood,haywosp01,23
1973,nba,Kareem Abdul-Jabbar,abdulka01,25
1973,nba,Dave Cowens,cowenda01,24
1973,nba,Pete Maravich,maravpe01,25
1973,nba,Elvin Hayes,hayesel01,27
1973,nba,Rick Barry,barryri01,28
1973,nba,Bob McAdoo,mcadobo01,21
1973,nba,Lloyd Neal,nealll01,22
1973,nba,Freddie Boyd,boydfr01,22
1973,nba,Dwight Davis,davisdw01,23
1973,nba,Jim Price,priceji01,23
1973,nba,Steve Bracey,bracest01,22
1973,nba,Corky Calhoun,calhoco01,22
1973,nba,Chris Ford,fordch01,24
1973,nba,Charles Johnson,johnsch01,23
1973,nba,Ollie Johnson,johnsol01,23
1973,nba,Ron Riley,rileyro01,22
1972,nba,Dave DeBusschere,debusda01,31
1972,nba,Jerry West,westje01,33
1972,nba,Walt Frazier,fraziwa01,26
1972,nba,Jerry Sloan,sloanje01,29
1972,nba,Wilt Chamberlain,chambwi01,35
1972,nba,John Havlicek,havlijo01,31
1972,nba,Nate Thurmond,thurmna01,30
1972,nba,Paul Silas,silaspa01,28
1972,nba,Bob Love,lovebo01,29
1972,nba,Norm Van Lier,vanlino01,24
1972,nba,Don Chaney,chanedo01,25
1972,nba,Kareem Abdul-Jabbar,abdulka01,24
1972,nba,Spencer Haywood,haywosp01,22
1972,nba,Tiny Archibald,architi01,23
1972,nba,Billy Cunningham,cunnibi01,28
1972,nba,Archie Clark,clarkar01,30
1972,nba,Elmore Smith,smithel01,22
1972,nba,Sidney Wicks,wickssi01,22
1972,nba,Austin Carr,carrau01,23
1972,nba,Phil Chenier,cheniph01,21
1972,nba,Clifford Ray,raycl01,23
1972,nba,Stan Love,lovest01,22
1972,nba,Cliff Meely,meelycl01,24
1972,nba,Dean Meminger,meminde01,23
1972,nba,Mike Newlin,newlimi01,23
1972,nba,Curtis Rowe,rowecu01,22
1972,nba,Nate Williams,willina01,21
1972,nba,Dave Wohl,wohlda01,22
1971,nba,Dave DeBusschere,debusda01,30
1971,nba,Walt Frazier,fraziwa01,25
1971,nba,Jerry West,westje01,32
1971,nba,Gus Johnson,johnsgu01,32
1971,nba,Nate Thurmond,thurmna01,29
1971,nba,Kareem Abdul-Jabbar,abdulka01,23
1971,nba,John Havlicek,havlijo01,30
1971,nba,Jerry Sloan,sloanje01,28
1971,nba,Norm Van Lier,vanlino01,23
1971,nba,Paul Silas,silaspa01,27
1971,nba,Dave Bing,bingda01,27
1971,nba,Billy Cunningham,cunnibi01,27
1971,nba,Bob Love,lovebo01,28
1971,nba,Oscar Robertson,roberos01,32
1971,nba,Willis Reed,reedwi01,28
1971,nba,Dave Cowens,cowenda01,22
1971,nba,Pete Maravich,maravpe01,23
1971,nba,Geoff Petrie,petrige01,22
1971,nba,Calvin Murphy,murphca01,22
1971,nba,Bob Lanier,laniebo01,22
1971,nba,Don Adams,adamsdo01,23
1971,nba,Tiny Archibald,architi01,22
1971,nba,Pete Cross,crosspe01,22
1971,nba,John Hummer,hummejo01,22
1971,nba,John Johnson,johnsjo01,23
1971,nba,Sam Lacey,laceysa01,22
1971,nba,Jim McMillian,mcmilji01,22
1970,nba,Walt Frazier,fraziwa01,24
1970,nba,Dave DeBusschere,debusda01,29
1970,nba,Jerry West,westje01,31
1970,nba,Gus Johnson,johnsgu01,31
1970,nba,Willis Reed,reedwi01,27
1970,nba,Kareem Abdul-Jabbar,abdulka01,22
1970,nba,John Havlicek,havlijo01,29
1970,nba,Joe Caldwell,caldwjo01,28
1970,nba,Bill Bridges,bridgbi01,30
1970,nba,Jerry Sloan,sloanje01,27
1970,nba,Billy Cunningham,cunnibi01,26
1970,nba,Connie Hawkins,hawkico01,27
1970,nba,Lou Hudson,hudsolo01,25
1970,nba,Oscar Robertson,roberos01,31
1970,nba,Bob Dandridge,dandrbo01,22
1970,nba,Jo Jo White,whitejo01,23
1970,nba,Mike Davis,davismi01,23
1970,nba,Dick Garrett,garredi01,23
1970,nba,Lucius Allen,allenlu01,22
1970,nba,Rick Roberson,roberri01,22
1970,nba,Norm Van Lier,vanlino01,22
1969,nba,Walt Frazier,fraziwa01,23
1969,nba,Bill Russell,russebi01,34
1969,nba,Dave DeBusschere,debusda01,28
1969,nba,Nate Thurmond,thurmna01,27
1969,nba,Jerry Sloan,sloanje01,26
1969,nba,Rudy LaRusso,larusru01,31
1969,nba,Tom Sanders,sandeto01,30
1969,nba,John Havlicek,havlijo01,28
1969,nba,Jerry West,westje01,30
1969,nba,Bill Bridges,bridgbi01,29
1969,nba,Billy Cunningham,cunnibi01,25
1969,nba,Elgin Baylor,bayloel01,34
1969,nba,Earl Monroe,monroea01,24
1969,nba,Oscar Robertson,roberos01,30
1969,nba,Wes Unseld,unselwe01,22
1969,nba,Willis Reed,reedwi01,26
1969,nba,Hal Greer,greerha01,32
1969,nba,Elvin Hayes,hayesel01,23
1969,nba,Art Harris,harriar01,22
1969,nba,Bill Hewitt,hewitbi01,24
1969,nba,Gary Gregor,gregoga01,23
1969,nba,Greg Smith,smithgr01,22
1969,nba,Ron Williams,williro01,24
1969,nba,Rick Adelman,adelmri01,22
1969,nba,Stu Lantz,lantzst01,22
1968,nba,Wilt Chamberlain,chambwi01,31
1968,nba,Elgin Baylor,bayloel01,33
1968,nba,Oscar Robertson,roberos01,29
1968,nba,Dave Bing,bingda01,24
1968,nba,Jerry Lucas,lucasje01,27
1968,nba,Willis Reed,reedwi01,25
1968,nba,Jerry West,westje01,29
1968,nba,Hal Greer,greerha01,31
1968,nba,Bill Russell,russebi01,33
1968,nba,John Havlicek,havlijo01,27
1968,nba,Earl Monroe,monroea01,23
1968,nba,Walt Frazier,fraziwa01,22
1968,nba,Bob Rule,rulebo01,23
1968,nba,Al Tucker,tuckeal01,24
1968,nba,Phil Jackson,jacksph01,22
1968,nba,Mal Graham,grahama01,22
1968,nba,Clem Haskins,haskicl01,24
1968,nba,Ed Manning,mannied01,24
1968,nba,Jimmy Walker,walkeji01,23
1967,nba,Rick Barry,barryri01,22
1967,nba,Wilt Chamberlain,chambwi01,30
1967,nba,Oscar Robertson,roberos01,28
1967,nba,Jerry West,westje01,28
1967,nba,Elgin Baylor,bayloel01,32
1967,nba,Bill Russell,russebi01,32
1967,nba,Jerry Lucas,lucasje01,26
1967,nba,Hal Greer,greerha01,30
1967,nba,Sam Jones,jonessa01,33
1967,nba,Willis Reed,reedwi01,24
1967,nba,Dave Bing,bingda01,23
1967,nba,Lou Hudson,hudsolo01,22
1967,nba,Jack Marin,marinja01,22
1967,nba,Erwin Mueller,mueller01,22
1967,nba,Cazzie Russell,russeca01,22
1967,nba,Archie Clark,clarkar01,25
1967,nba,Clyde Lee,leecl01,22
1966,nba,Oscar Robertson,roberos01,27
1966,nba,Jerry Lucas,lucasje01,25
1966,nba,Jerry West,westje01,27
1966,nba,Wilt Chamberlain,chambwi01,29
1966,nba,Rick Barry,barryri01,21
1966,nba,Bill Russell,russebi01,31
1966,nba,Sam Jones,jonessa01,32
1966,nba,John Havlicek,havlijo01,25
1966,nba,Hal Greer,greerha01,29
1966,nba,Gus Johnson,johnsgu01,27
1966,nba,Billy Cunningham,cunnibi01,22
1966,nba,Tom Van Arsdale,vanarto01,22
1966,nba,Fred Hetzel,hetzefr01,23
1966,nba,Dick Van Arsdale,vanardi01,22
1966,nba,Joe Strawder,strawjo01,25
1966,nba,Jon McGlocklin,mcglojo01,22
1966,nba,Gail Goodrich,goodrga01,22
1966,nba,Jerry Sloan,sloanje01,23
1966,nba,Dave Stallworth,stallda01,24
1965,nba,Luke Jackson,jackslu01,23
1965,nba,Howard Komives,komivho01,23
1965,nba,Willis Reed,reedwi01,22
1965,nba,Jim Barnes,barneji01,23
1965,nba,Joe Caldwell,caldwjo01,23
1965,nba,Wali Jones,joneswa02,22
1965,nba,McCoy McLemore,mclemmc01,22
1965,nba,Em Bryant,bryanem01,26
1965,nba,Walt Hazzard,abdulma01,22
1965,nba,Jeff Mullins,mullije01,22
1964,nba,Art Heyman,heymaar01,22
1964,nba,Gus Johnson,johnsgu01,25
1964,nba,Jerry Lucas,lucasje01,23
1964,nba,Rod Thorn,thornro01,22
1964,nba,Nate Thurmond,thurmna01,22
1963,nba,Zelmo Beaty,beatyze01,23
1963,nba,Dave DeBusschere,debusda01,22
1963,nba,John Havlicek,havlijo01,22
1963,nba,Chet Walker,walkech01,22
1963,nba,John Barnhill,barnhjo01,24
