season,lg,team,abbreviation,playoffs,g,mp,opp_fg_per_100_poss,opp_fga_per_100_poss,opp_fg_percent,opp_x2p_per_100_poss,opp_x2pa_per_100_poss,opp_x2p_percent,opp_ft_per_100_poss,opp_fta_per_100_poss,opp_ft_percent,opp_orb_per_100_poss,opp_drb_per_100_poss,opp_trb_per_100_poss,opp_ast_per_100_poss,opp_stl_per_100_poss,opp_blk_per_100_poss,opp_tov_per_100_poss,opp_pf_per_100_poss,opp_pts_per_100_poss
2026,NBA,Atlanta Hawks,ATL,False,82,19755,41.5,87.7,0.474,28.9,52.1,0.554,18.1,22.8,0.794,10.9,33.4,44.3,26.1,8.3,4.8,15.7,18.1,113.7
2026,NBA,Boston Celtics,BOS,False,82,19730,40.3,91.3,0.442,25.6,50.1,0.511,17.3,22.3,0.775,11.4,31.9,43.3,26.0,6.5,4.3,13.1,19.3,112.7
2026,NBA,Brooklyn Nets,BRK,False,82,19755,43.3,87.0,0.497,30.4,53.2,0.571,19.6,25.3,0.775,10.4,34.3,44.7,28.2,9.4,5.5,14.9,20.0,119.0
2026,NBA,Chicago Bulls,CHI,False,82,19755,43.6,91.1,0.478,29.9,54.0,0.554,17.3,22.3,0.774,11.0,33.5,44.4,27.9,8.9,5.4,12.6,18.3,118.1
2026,NBA,Charlotte Hornets,CHO,False,82,19755,42.2,90.4,0.467,29.0,53.8,0.54,16.8,21.0,0.801,10.5,29.9,40.4,26.7,8.4,4.6,13.1,20.4,114.4
2026,NBA,Cleveland Cavaliers,CLE,False,82,19755,41.2,88.8,0.464,27.1,50.8,0.533,18.6,23.4,0.794,11.2,31.8,43.0,26.9,8.6,4.3,15.0,20.5,115.1
2026,NBA,Dallas Mavericks,DAL,False,82,19855,43.7,91.4,0.478,31.2,55.8,0.559,16.7,21.7,0.77,11.6,33.9,45.6,27.6,8.6,5.1,13.0,20.5,116.5
2026,NBA,Denver Nuggets,DEN,False,82,19930,42.9,91.6,0.468,29.2,52.3,0.558,17.9,23.2,0.771,11.3,31.7,43.0,27.6,7.9,4.7,11.8,21.5,117.4
2026,NBA,Detroit Pistons,DET,True,82,19805,37.8,85.3,0.443,25.1,48.5,0.517,21.4,27.2,0.788,11.3,29.3,40.6,23.5,8.9,5.8,16.9,21.3,109.7
2026,NBA,Golden State Warriors,GSW,False,82,19805,42.5,88.6,0.48,29.5,52.6,0.562,17.6,21.9,0.802,11.6,32.8,44.4,27.2,8.8,4.2,16.0,18.7,115.6
2026,NBA,Houston Rockets,HOU,False,82,19905,41.7,90.6,0.46,28.9,54.3,0.533,17.2,22.7,0.756,11.6,29.0,40.6,25.2,9.3,4.8,13.8,20.6,113.2
2026,NBA,Indiana Pacers,IND,False,82,19755,43.7,89.3,0.489,31.7,55.7,0.57,19.5,25.2,0.773,11.1,34.9,46.0,26.1,8.0,4.7,13.3,19.6,118.8
2026,NBA,Los Angeles Clippers,LAC,False,82,19780,42.3,90.2,0.469,28.6,52.7,0.543,17.8,22.4,0.796,11.9,31.8,43.7,27.0,8.7,4.7,14.8,20.7,116.1
2026,NBA,Los Angeles Lakers,LAL,False,82,19705,43.2,89.5,0.483,30.2,52.5,0.574,17.0,21.5,0.792,11.1,30.6,41.6,27.9,9.1,3.5,14.8,21.3,116.4
2026,NBA,Memphis Grizzlies,MEM,False,82,19730,43.4,89.5,0.485,29.6,51.6,0.574,18.2,23.5,0.775,12.5,33.5,46.1,27.8,8.7,5.2,15.3,19.2,118.8
2026,NBA,Miami Heat,MIA,False,82,19705,41.8,89.8,0.465,28.3,52.2,0.542,17.4,21.6,0.804,11.2,33.6,44.8,26.5,7.6,4.7,14.5,19.6,114.5
2026,NBA,Milwaukee Bucks,MIL,False,82,19755,42.4,89.6,0.473,27.3,49.3,0.554,19.3,24.6,0.785,11.3,34.1,45.4,28.4,8.9,4.2,13.3,18.0,119.3
2026,NBA,Minnesota Timberwolves,MIN,False,82,19780,41.0,88.7,0.462,29.0,55.1,0.527,19.6,25.1,0.781,11.6,31.7,43.3,25.8,8.2,4.1,14.9,20.2,113.5
2026,NBA,New Orleans Pelicans,NOP,False,82,19805,43.3,90.8,0.477,29.3,50.7,0.578,18.1,23.4,0.774,12.6,32.8,45.4,27.9,7.9,5.7,14.3,20.0,118.9
2026,NBA,New York Knicks,NYK,False,82,19755,40.4,88.0,0.46,26.2,48.6,0.539,18.1,23.3,0.778,10.3,31.4,41.7,25.7,7.5,4.5,14.8,20.0,113.3
2026,NBA,Oklahoma City Thunder,OKC,True,82,19855,38.6,88.3,0.437,24.3,49.4,0.491,16.2,21.9,0.74,11.8,33.3,45.1,24.9,7.6,4.4,16.7,20.3,107.7
2026,NBA,Orlando Magic,ORL,False,82,19830,41.4,87.1,0.476,29.4,53.0,0.555,19.4,24.9,0.781,10.4,32.6,43.0,25.1,8.2,5.3,14.8,21.7,114.3
2026,NBA,Philadelphia 76ers,PHI,False,82,19880,41.6,89.2,0.467,28.3,51.5,0.55,18.9,24.1,0.785,12.0,33.1,45.1,27.4,7.2,5.1,15.4,19.8,115.5
2026,NBA,Phoenix Suns,PHO,False,82,19755,41.2,87.7,0.47,28.7,51.7,0.556,19.0,24.2,0.785,12.1,32.7,44.8,25.7,8.1,4.6,16.7,19.3,113.9
2026,NBA,Portland Trail Blazers,POR,False,82,19755,41.6,88.5,0.471,29.2,53.8,0.543,19.0,24.1,0.79,11.9,30.7,42.6,26.1,10.7,5.7,15.5,21.8,114.7
2026,NBA,Sacramento Kings,SAC,False,82,19755,44.1,89.3,0.494,30.3,52.7,0.574,19.3,24.5,0.789,11.2,33.0,44.1,28.1,8.8,4.7,14.0,18.4,121.5
2026,NBA,San Antonio Spurs,SAS,True,82,19730,41.0,90.9,0.451,28.0,54.0,0.518,16.4,20.8,0.79,10.4,32.1,42.5,26.1,7.6,4.6,12.9,20.2,111.3
2026,NBA,Toronto Raptors,TOR,False,82,19780,40.5,86.9,0.467,27.9,50.6,0.551,19.2,24.3,0.793,11.1,32.3,43.4,24.7,7.9,5.1,16.2,20.0,113.0
2026,NBA,Utah Jazz,UTA,False,82,19830,43.7,88.5,0.494,28.8,48.6,0.594,20.0,25.8,0.777,11.5,32.9,44.4,29.8,9.0,5.6,14.2,19.7,122.3
2026,NBA,Washington Wizards,WAS,False,82,19755,44.1,90.4,0.488,30.7,53.9,0.569,21.0,26.4,0.797,12.9,34.1,47.0,28.9,9.6,5.3,13.6,17.6,122.7
2025,NBA,Atlanta Hawks,ATL,True,82,19780,42.1,87.5,0.481,28.3,50.8,0.557,17.6,22.0,0.802,10.0,32.3,42.3,27.4,8.9,4.8,15.5,18.5,115.7
2025,NBA,Boston Celtics,BOS,True,82,19830,41.8,92.7,0.45,28.4,54.2,0.524,14.3,18.3,0.777,11.1,34.2,45.3,24.9,7.2,3.7,13.3,18.2,111.1
2025,NBA,Brooklyn Nets,BRK,False,82,19780,41.7,86.9,0.48,28.4,50.1,0.567,19.0,24.4,0.779,10.4,34.7,45.1,27.9,8.3,5.8,15.5,19.5,115.8
2025,NBA,Chicago Bulls,CHI,True,82,19755,43.0,92.0,0.467,29.8,53.6,0.556,16.4,20.8,0.786,10.6,34.0,44.6,28.0,7.8,4.9,12.2,16.2,115.6
2025,NBA,Charlotte Hornets,CHO,False,82,19755,42.4,90.8,0.467,28.0,50.0,0.559,17.2,21.8,0.79,11.5,34.6,46.2,27.3,8.9,5.4,13.6,18.5,116.6
2025,NBA,Cleveland Cavaliers,CLE,True,82,19755,41.2,90.7,0.454,27.7,53.3,0.52,16.4,21.1,0.779,11.5,31.9,43.5,25.6,7.8,4.4,14.5,18.9,112.2
2025,NBA,Dallas Mavericks,DAL,True,82,19730,43.3,92.2,0.469,30.4,56.6,0.537,16.5,21.2,0.779,12.2,33.3,45.5,27.2,8.1,4.6,13.3,18.8,116.0
2025,NBA,Denver Nuggets,DEN,True,82,19855,43.0,92.4,0.466,29.0,54.0,0.538,16.0,20.6,0.777,11.7,30.5,42.2,28.8,8.7,5.1,12.9,18.9,116.0
2025,NBA,Detroit Pistons,DET,True,82,19805,40.4,87.5,0.461,26.8,50.5,0.531,18.7,24.1,0.776,10.5,31.8,42.3,24.7,8.8,5.0,15.0,18.8,113.1
2025,NBA,Golden State Warriors,GSW,True,82,19730,40.9,87.8,0.465,27.6,51.2,0.539,16.6,21.6,0.769,10.7,33.8,44.5,26.1,7.7,5.4,15.9,18.8,111.7
2025,NBA,Houston Rockets,HOU,True,82,19780,40.9,89.1,0.459,28.4,54.3,0.524,16.6,21.9,0.759,10.7,31.9,42.5,23.7,8.0,5.7,14.5,19.4,110.8
2025,NBA,Indiana Pacers,IND,True,82,19855,42.3,89.2,0.474,29.5,53.2,0.554,16.9,21.9,0.773,11.1,33.6,44.7,25.8,7.1,4.4,14.9,18.7,114.3
2025,NBA,Los Angeles Clippers,LAC,True,82,19805,40.3,87.4,0.461,27.0,49.6,0.545,16.5,21.4,0.772,9.9,32.4,42.3,26.2,9.0,4.4,15.3,18.1,110.3
2025,NBA,Los Angeles Lakers,LAL,True,82,19730,42.3,91.2,0.463,28.4,52.3,0.544,16.2,20.9,0.775,11.5,32.5,44.0,27.9,8.4,4.3,14.0,19.6,114.7
2025,NBA,Memphis Grizzlies,MEM,True,82,19705,40.5,88.8,0.456,26.8,50.7,0.529,18.3,23.7,0.77,11.1,31.0,42.1,26.2,8.4,5.3,14.6,19.5,113.0
2025,NBA,Miami Heat,MIA,True,82,19930,42.3,90.9,0.466,28.3,52.0,0.545,14.3,18.4,0.776,11.0,34.8,45.8,27.2,7.7,4.8,14.2,17.4,112.9
2025,NBA,Milwaukee Bucks,MIL,True,82,19755,41.8,91.4,0.457,27.8,51.9,0.536,15.9,20.3,0.783,11.0,34.4,45.4,26.5,7.4,3.9,12.9,19.0,113.4
2025,NBA,Minnesota Timberwolves,MIN,True,82,19830,41.3,89.7,0.46,28.3,53.0,0.534,16.0,20.8,0.767,11.3,32.5,43.7,25.3,8.5,4.6,15.0,19.5,111.5
2025,NBA,New Orleans Pelicans,NOP,False,82,19755,43.9,91.0,0.483,29.3,50.6,0.578,17.3,22.0,0.786,11.9,34.1,46.0,28.8,9.1,5.2,14.1,18.0,119.9
2025,NBA,New York Knicks,NYK,True,82,19880,42.6,89.8,0.474,29.2,53.3,0.548,15.8,20.0,0.789,11.1,31.7,42.8,25.8,7.2,5.1,14.8,19.4,114.3
2025,NBA,Oklahoma City Thunder,OKC,True,82,19705,37.9,86.8,0.436,24.4,47.6,0.513,18.3,23.7,0.774,11.6,33.2,44.8,24.6,6.7,4.8,17.0,18.1,107.5
2025,NBA,Orlando Magic,ORL,True,82,19730,39.6,84.6,0.468,27.7,52.0,0.532,18.6,24.3,0.766,9.5,34.2,43.7,23.7,8.0,4.6,16.8,21.1,109.6
2025,NBA,Philadelphia 76ers,PHI,False,82,19805,43.3,88.6,0.488,28.7,50.2,0.572,17.2,21.7,0.794,11.8,34.7,46.5,28.8,7.6,5.2,16.3,19.0,118.2
2025,NBA,Phoenix Suns,PHO,False,82,19830,43.6,92.1,0.473,29.1,52.9,0.549,17.6,22.3,0.79,11.8,33.4,45.2,27.9,8.7,4.1,12.5,18.8,119.3
2025,NBA,Portland Trail Blazers,POR,False,82,19780,41.9,88.9,0.471,29.1,53.5,0.544,18.1,22.7,0.799,12.0,32.6,44.6,26.4,9.6,5.6,15.6,19.4,114.7
2025,NBA,Sacramento Kings,SAC,True,82,19880,41.9,88.5,0.474,27.3,50.0,0.545,17.7,22.6,0.783,10.1,32.6,42.7,27.2,8.0,4.3,14.0,18.6,116.2
2025,NBA,San Antonio Spurs,SAS,False,82,19730,44.0,92.9,0.474,29.6,53.4,0.554,14.7,18.6,0.79,12.1,34.2,46.4,28.1,8.1,4.4,13.7,17.5,117.2
2025,NBA,Toronto Raptors,TOR,False,82,19805,41.0,88.0,0.466,27.9,50.4,0.554,19.6,25.2,0.778,11.4,33.4,44.8,25.8,9.1,5.9,15.0,18.0,114.8
2025,NBA,Utah Jazz,UTA,False,82,19805,44.3,92.3,0.48,29.5,51.1,0.577,17.1,22.4,0.763,11.6,32.3,43.9,29.4,9.7,6.4,11.7,19.1,120.4
2025,NBA,Washington Wizards,WAS,False,82,19730,43.2,91.8,0.471,29.1,53.0,0.549,18.6,23.4,0.793,12.8,35.6,48.3,28.1,9.0,5.2,13.2,18.0,119.1
2024,NBA,Atlanta Hawks,ATL,False,82,19855,44.2,89.3,0.495,30.3,53.2,0.57,17.1,21.6,0.792,10.5,33.3,43.8,27.9,7.7,5.6,14.0,19.3,119.4
2024,NBA,Boston Celtics,BOS,True,82,19830,42.4,93.6,0.453,29.2,56.1,0.52,13.6,17.7,0.768,11.3,33.0,44.3,25.4,6.4,3.8,12.3,17.6,111.6
2024,NBA,Brooklyn Nets,BRK,False,82,19805,42.6,90.7,0.47,29.3,54.9,0.534,17.5,21.7,0.807,10.5,34.9,45.4,26.1,7.0,5.1,12.9,18.7,116.1
2024,NBA,Chicago Bulls,CHI,False,82,19980,42.0,89.0,0.473,27.1,48.6,0.558,17.3,22.3,0.776,10.3,34.0,44.4,28.5,6.9,5.0,14.3,19.2,116.3
2024,NBA,Charlotte Hornets,CHO,False,82,19730,44.5,89.9,0.494,30.5,52.9,0.577,16.9,21.2,0.796,10.8,35.7,46.5,29.5,7.3,5.0,14.0,17.9,119.8
2024,NBA,Cleveland Cavaliers,CLE,True,82,19805,41.4,89.5,0.463,28.6,54.9,0.521,17.0,21.5,0.791,10.3,33.4,43.6,25.8,7.9,5.1,13.9,19.2,112.7
2024,NBA,Dallas Mavericks,DAL,True,82,19705,42.9,90.2,0.475,29.8,54.7,0.545,16.6,21.6,0.77,10.9,34.1,45.0,27.5,7.3,4.0,13.7,20.3,115.4
2024,NBA,Denver Nuggets,DEN,True,82,19705,41.9,90.7,0.462,30.3,58.1,0.522,17.7,22.9,0.772,11.2,32.4,43.6,26.5,7.3,5.0,12.8,18.5,113.0
2024,NBA,Detroit Pistons,DET,False,82,19755,43.6,88.9,0.49,31.5,56.2,0.56,19.6,24.5,0.8,9.6,33.4,43.1,27.0,8.9,6.0,12.4,17.7,118.8
2024,NBA,Golden State Warriors,GSW,False,82,19830,42.1,90.5,0.466,28.9,53.5,0.539,17.7,22.4,0.788,10.9,32.1,42.9,26.7,7.7,5.0,13.0,17.9,115.2
2024,NBA,Houston Rockets,HOU,False,82,19855,40.8,88.3,0.463,28.5,52.8,0.54,19.3,25.2,0.767,10.7,34.2,45.0,24.4,7.3,5.9,13.8,19.7,113.4
2024,NBA,Indiana Pacers,IND,True,82,19705,43.7,88.1,0.496,33.2,59.3,0.56,20.1,25.5,0.787,10.8,31.8,42.6,24.2,6.5,5.3,13.7,18.0,118.0
2024,NBA,Los Angeles Clippers,LAC,True,82,19705,42.8,91.3,0.468,29.6,54.9,0.538,16.7,21.5,0.775,11.4,32.0,43.3,27.1,7.5,4.8,13.4,19.3,115.4
2024,NBA,Los Angeles Lakers,LAL,True,82,19855,43.6,92.1,0.474,29.6,54.8,0.54,14.1,17.7,0.795,10.7,32.6,43.3,27.7,8.1,4.7,13.2,19.4,115.3
2024,NBA,Memphis Grizzlies,MEM,False,82,19780,41.8,88.1,0.474,28.2,52.2,0.541,17.2,22.1,0.779,10.8,35.4,46.2,26.9,8.3,6.6,15.3,19.0,114.3
2024,NBA,Miami Heat,MIA,True,82,19755,41.6,89.1,0.467,28.2,51.0,0.553,15.5,19.9,0.78,9.6,34.7,44.3,27.4,6.9,4.9,14.2,19.6,112.2
2024,NBA,Milwaukee Bucks,MIL,True,82,19805,43.0,91.4,0.47,30.5,56.3,0.541,17.3,21.4,0.807,10.2,33.5,43.8,26.3,7.0,4.2,12.0,19.1,115.8
2024,NBA,Minnesota Timberwolves,MIN,True,82,19805,39.9,88.8,0.45,28.2,55.8,0.506,17.5,22.4,0.781,10.5,31.9,42.4,25.1,7.7,4.6,14.5,20.3,109.0
2024,NBA,New Orleans Pelicans,NOP,True,82,19705,41.3,89.0,0.464,27.5,49.5,0.555,16.6,21.1,0.783,10.3,32.9,43.2,27.3,6.7,5.3,14.5,18.7,112.9
2024,NBA,New York Knicks,NYK,True,82,19730,42.2,89.8,0.47,29.1,53.8,0.54,15.8,20.7,0.764,10.7,31.8,42.6,26.8,7.1,5.5,13.8,20.0,113.4
2024,NBA,Oklahoma City Thunder,OKC,True,82,19805,40.4,88.9,0.455,27.0,51.8,0.522,18.0,22.8,0.789,11.7,32.7,44.5,26.8,7.1,5.1,15.6,18.8,112.1
2024,NBA,Orlando Magic,ORL,True,82,19780,40.9,86.2,0.474,29.0,53.2,0.546,17.8,22.8,0.78,9.1,31.8,40.9,24.5,8.3,4.7,15.4,21.4,111.3
2024,NBA,Philadelphia 76ers,PHI,True,82,19780,41.3,88.3,0.468,29.1,53.9,0.541,19.0,24.0,0.791,11.2,34.1,45.3,26.7,6.3,6.3,14.9,18.9,113.8
2024,NBA,Phoenix Suns,PHO,True,82,19780,42.5,91.7,0.464,29.3,55.3,0.529,16.3,21.0,0.774,11.1,30.7,41.8,26.6,8.5,4.6,12.9,19.9,114.6
2024,NBA,Portland Trail Blazers,POR,False,82,19880,43.3,88.2,0.491,31.4,54.3,0.578,19.1,24.1,0.792,10.8,33.9,44.6,27.6,9.1,6.6,14.6,18.2,117.5
2024,NBA,Sacramento Kings,SAC,False,82,19855,41.8,87.0,0.48,28.6,53.1,0.539,18.5,23.1,0.8,9.1,33.5,42.7,27.0,7.4,4.5,13.9,18.4,115.2
2024,NBA,San Antonio Spurs,SAS,False,82,19830,44.1,90.6,0.487,31.6,57.2,0.553,15.8,20.1,0.784,10.3,34.2,44.5,27.5,8.8,4.5,13.1,17.6,116.4
2024,NBA,Toronto Raptors,TOR,False,82,19805,44.7,91.1,0.491,31.1,54.8,0.567,15.6,19.8,0.789,11.2,34.0,45.2,28.6,7.3,5.8,13.9,18.1,118.8
2024,NBA,Utah Jazz,UTA,False,82,19805,44.5,91.5,0.487,29.7,54.1,0.55,16.6,21.5,0.771,11.0,31.2,42.2,29.7,8.6,6.4,12.3,19.2,120.4
2024,NBA,Washington Wizards,WAS,False,82,19730,44.8,90.3,0.496,32.8,57.3,0.573,18.1,23.3,0.777,11.8,35.8,47.6,28.2,7.8,5.9,13.7,17.5,119.6
2023,NBA,Atlanta Hawks,ATL,True,82,19855,43.1,88.8,0.486,31.4,55.8,0.562,18.3,22.8,0.803,10.4,33.0,43.4,25.6,7.4,5.0,13.9,19.4,116.3
2023,NBA,Boston Celtics,BOS,True,82,19980,41.8,90.2,0.463,30.1,56.5,0.534,16.2,21.1,0.769,9.7,34.3,44.0,23.1,6.6,3.9,12.7,19.1,111.5
2023,NBA,Brooklyn Nets,BRK,True,82,19730,41.6,89.8,0.463,29.6,57.1,0.518,19.0,24.8,0.767,11.7,34.1,45.8,23.7,7.1,3.9,13.9,18.8,114.1
2023,NBA,Chicago Bulls,CHI,False,82,19905,40.9,87.4,0.468,27.6,50.2,0.55,17.2,22.1,0.779,9.7,33.8,43.5,26.1,6.7,4.8,15.1,18.8,112.2
2023,NBA,Charlotte Hornets,CHO,False,82,19830,42.3,88.7,0.477,30.2,55.0,0.55,18.7,23.6,0.795,10.7,34.7,45.5,25.5,6.9,5.7,14.1,20.0,115.3
2023,NBA,Cleveland Cavaliers,CLE,True,82,19880,40.4,86.4,0.468,28.7,54.7,0.525,18.1,23.2,0.782,10.1,32.5,42.7,23.8,7.3,4.5,16.2,21.1,110.6
2023,NBA,Dallas Mavericks,DAL,False,82,19930,42.7,88.1,0.485,31.3,55.7,0.562,19.9,25.5,0.781,10.4,35.4,45.7,25.5,6.5,3.9,13.4,22.3,116.7
2023,NBA,Denver Nuggets,DEN,True,82,19755,42.4,88.7,0.478,30.8,55.2,0.559,17.9,23.0,0.775,10.3,31.1,41.5,26.1,8.0,4.3,13.7,19.8,114.2
2023,NBA,Detroit Pistons,DET,False,82,19805,43.2,88.4,0.489,31.2,54.9,0.568,20.4,26.3,0.777,11.0,33.9,44.9,25.8,7.7,5.5,13.6,21.0,118.9
2023,NBA,Golden State Warriors,GSW,True,82,19830,41.4,88.4,0.469,28.8,53.7,0.536,18.9,24.6,0.769,10.5,31.8,42.3,25.1,7.7,3.9,14.0,18.0,114.4
2023,NBA,Houston Rockets,HOU,False,82,19755,42.7,88.7,0.482,28.1,49.6,0.567,19.3,24.4,0.794,10.6,31.2,41.8,26.3,8.8,6.2,13.2,20.8,119.3
2023,NBA,Indiana Pacers,IND,False,82,19755,42.6,88.0,0.485,30.4,55.2,0.551,20.2,25.2,0.8,11.9,32.7,44.6,26.0,7.8,5.3,14.8,19.9,117.7
2023,NBA,Los Angeles Clippers,LAC,True,82,19830,42.4,89.5,0.474,30.0,55.6,0.539,17.5,22.6,0.771,10.4,33.3,43.7,25.3,7.9,4.2,13.2,19.8,114.5
2023,NBA,Los Angeles Lakers,LAL,True,82,19880,43.0,91.7,0.469,30.7,56.1,0.548,15.7,20.3,0.773,10.8,33.0,43.8,25.1,7.4,5.0,12.3,21.0,113.9
2023,NBA,Memphis Grizzlies,MEM,True,82,19780,40.1,88.4,0.453,27.3,52.4,0.521,18.2,23.2,0.787,10.8,32.9,43.7,26.0,6.7,5.1,14.9,19.7,111.2
2023,NBA,Miami Heat,MIA,True,82,19805,41.4,85.9,0.482,27.8,49.0,0.569,17.0,21.8,0.781,9.2,34.0,43.2,26.4,7.2,3.9,16.2,20.7,113.3
2023,NBA,Milwaukee Bucks,MIL,True,82,19830,41.9,92.0,0.456,30.0,58.3,0.514,16.1,20.7,0.776,10.6,33.0,43.6,23.6,7.0,3.9,11.7,18.7,111.9
2023,NBA,Minnesota Timberwolves,MIN,True,82,19830,41.1,87.2,0.471,29.0,54.5,0.532,19.6,25.6,0.766,11.1,32.8,43.9,24.6,8.1,4.0,15.1,19.8,113.8
2023,NBA,New Orleans Pelicans,NOP,False,82,19855,41.0,86.7,0.472,28.7,50.7,0.567,18.4,23.6,0.779,9.7,32.1,41.8,24.9,7.3,4.7,15.0,20.4,112.5
2023,NBA,New York Knicks,NYK,True,82,19955,41.4,89.5,0.462,28.2,52.5,0.537,18.8,24.1,0.782,10.3,32.4,42.7,25.5,6.1,4.6,12.9,21.0,114.8
2023,NBA,Oklahoma City Thunder,OKC,False,82,19855,41.1,86.7,0.474,28.4,51.4,0.553,19.3,25.0,0.771,11.7,34.0,45.7,25.4,6.8,5.4,16.4,20.0,114.2
2023,NBA,Orlando Magic,ORL,False,82,19780,41.4,87.1,0.476,28.4,50.1,0.567,18.4,23.1,0.796,9.5,32.6,42.1,25.9,7.7,5.1,14.7,20.5,114.2
2023,NBA,Philadelphia 76ers,PHI,True,82,19880,41.3,87.3,0.473,29.4,53.2,0.553,18.9,24.2,0.781,9.7,32.3,42.1,24.7,6.7,4.7,14.6,20.0,113.3
2023,NBA,Phoenix Suns,PHO,True,82,19780,40.5,87.0,0.466,28.9,54.6,0.53,20.4,26.0,0.786,10.4,33.1,43.4,23.7,7.3,4.0,14.6,20.1,113.0
2023,NBA,Portland Trail Blazers,POR,False,82,19730,43.5,88.6,0.491,30.8,55.0,0.559,19.2,24.4,0.787,10.6,33.2,43.7,27.3,7.9,4.3,13.7,20.7,118.8
2023,NBA,Sacramento Kings,SAC,True,82,19830,43.3,87.9,0.492,31.0,54.9,0.564,17.9,22.7,0.787,9.6,32.2,41.7,26.4,7.2,4.1,14.1,20.6,116.8
2023,NBA,San Antonio Spurs,SAS,False,82,19855,45.0,88.7,0.507,32.6,57.2,0.571,17.8,23.1,0.77,10.4,33.4,43.9,26.1,7.9,5.1,13.5,18.0,120.0
2023,NBA,Toronto Raptors,TOR,False,82,19805,41.3,84.3,0.491,28.8,50.9,0.567,18.8,23.6,0.797,9.4,33.8,43.3,26.8,6.1,4.7,17.1,20.0,114.0
2023,NBA,Utah Jazz,UTA,False,82,19805,42.9,90.6,0.473,30.5,56.5,0.54,18.6,24.0,0.776,11.1,31.9,43.0,24.7,7.7,4.9,12.4,20.2,116.7
2023,NBA,Washington Wizards,WAS,False,82,19755,42.9,90.8,0.473,30.8,57.6,0.534,17.7,22.1,0.798,10.9,32.6,43.5,25.1,7.2,5.0,12.4,19.6,115.6
2022,NBA,Atlanta Hawks,ATL,True,82,19705,42.8,91.0,0.471,29.7,54.9,0.541,16.1,20.4,0.792,10.4,34.4,44.8,26.0,7.2,4.6,13.0,20.8,114.9
2022,NBA,Boston Celtics,BOS,True,82,19905,39.2,90.1,0.434,27.1,54.4,0.497,16.5,21.1,0.783,10.7,34.0,44.7,22.1,7.7,4.7,14.1,19.9,106.9
2022,NBA,Brooklyn Nets,BRK,True,82,19755,41.0,90.7,0.452,28.4,54.2,0.523,18.3,23.2,0.788,11.4,33.0,44.4,24.0,8.0,4.9,13.3,19.8,112.8
2022,NBA,Chicago Bulls,CHI,True,82,19730,42.0,88.7,0.474,30.2,56.3,0.536,17.7,22.3,0.795,9.5,34.4,43.8,25.4,7.2,5.1,13.3,18.4,113.6
2022,NBA,Charlotte Hornets,CHO,False,82,19880,41.6,89.2,0.466,27.7,50.9,0.544,16.7,21.9,0.763,11.2,35.2,46.5,26.2,7.4,4.6,14.8,19.4,113.7
2022,NBA,Cleveland Cavaliers,CLE,False,82,19730,41.0,90.5,0.452,28.8,56.1,0.514,15.6,20.1,0.774,10.9,33.6,44.5,25.0,8.7,4.8,13.9,20.7,109.7
2022,NBA,Dallas Mavericks,DAL,True,82,19755,40.7,89.2,0.457,29.3,55.6,0.527,16.5,21.5,0.767,9.9,35.7,45.6,24.5,7.3,3.8,13.7,21.0,109.4
2022,NBA,Denver Nuggets,DEN,True,82,19805,41.7,88.8,0.47,29.7,54.0,0.549,16.7,22.1,0.757,9.8,33.2,43.0,25.8,8.0,4.9,13.0,20.2,112.1
2022,NBA,Detroit Pistons,DET,False,82,19780,41.1,87.0,0.473,29.2,54.1,0.54,19.7,25.4,0.777,10.4,36.3,46.8,25.4,7.5,5.3,14.8,20.0,113.8
2022,NBA,Golden State Warriors,GSW,True,82,19730,38.4,87.7,0.438,26.1,51.3,0.509,17.6,23.2,0.759,9.8,33.4,43.2,23.2,8.0,3.9,14.7,18.2,106.9
2022,NBA,Houston Rockets,HOU,False,82,19755,42.9,88.8,0.483,30.3,53.1,0.57,18.3,23.4,0.782,11.0,34.1,45.1,25.3,9.3,5.7,13.9,21.8,116.7
2022,NBA,Indiana Pacers,IND,False,82,19880,42.9,88.8,0.483,30.8,56.3,0.547,18.1,22.7,0.797,10.3,33.3,43.5,25.4,8.2,4.9,13.4,19.4,116.1
2022,NBA,Los Angeles Clippers,LAC,False,82,19780,41.4,92.0,0.45,29.5,57.6,0.513,15.4,19.9,0.775,12.2,35.7,47.9,24.5,7.8,4.2,13.8,18.8,110.1
2022,NBA,Los Angeles Lakers,LAL,False,82,19980,41.9,89.1,0.47,29.5,53.8,0.548,17.1,22.9,0.747,10.8,35.0,45.8,25.8,8.2,4.1,13.8,19.8,113.3
2022,NBA,Memphis Grizzlies,MEM,True,82,19780,40.0,87.9,0.455,28.0,53.7,0.522,17.1,22.2,0.771,9.9,32.7,42.7,24.8,7.1,6.0,14.9,19.7,109.0
2022,NBA,Miami Heat,MIA,True,82,19855,38.8,86.8,0.447,25.4,47.2,0.537,18.1,23.2,0.779,9.9,33.2,43.0,24.0,7.7,4.2,15.5,21.2,109.1
2022,NBA,Milwaukee Bucks,MIL,True,82,19755,41.2,90.3,0.456,26.8,49.9,0.537,14.9,19.9,0.751,9.9,34.1,44.0,25.8,7.4,4.3,13.0,19.6,111.8
2022,NBA,Minnesota Timberwolves,MIN,True,82,19780,39.7,86.1,0.46,26.8,49.3,0.543,19.5,25.0,0.78,10.9,34.4,45.2,25.8,7.1,4.8,16.1,20.6,111.7
2022,NBA,New Orleans Pelicans,NOP,True,82,19755,41.2,87.6,0.471,27.9,51.2,0.546,17.2,21.9,0.786,9.5,33.3,42.8,25.5,7.6,4.9,14.5,21.0,113.0
2022,NBA,New York Knicks,NYK,False,82,19780,39.9,89.2,0.447,26.8,50.8,0.527,17.6,23.1,0.764,9.7,35.6,45.3,25.1,7.2,4.8,13.1,21.1,110.5
2022,NBA,Oklahoma City Thunder,OKC,False,82,19805,41.8,91.3,0.458,28.0,52.3,0.536,15.4,20.0,0.771,11.1,37.6,48.8,26.3,8.5,6.0,13.4,18.0,112.8
2022,NBA,Orlando Magic,ORL,False,82,19780,40.9,89.3,0.458,27.7,52.8,0.524,17.5,22.6,0.772,10.4,36.9,47.3,24.9,8.0,5.2,13.2,18.4,112.5
2022,NBA,Philadelphia 76ers,PHI,True,82,19805,41.0,89.4,0.458,29.2,55.5,0.527,17.2,22.3,0.769,10.6,35.1,45.6,24.3,6.8,4.8,13.7,20.1,110.8
2022,NBA,Phoenix Suns,PHO,True,82,19730,39.2,88.3,0.444,27.6,54.1,0.51,17.3,22.7,0.761,10.5,33.9,44.5,22.9,7.5,4.0,14.7,18.9,107.3
2022,NBA,Portland Trail Blazers,POR,False,82,19730,41.8,87.2,0.479,27.8,49.5,0.561,19.4,24.9,0.777,9.9,35.5,45.4,27.0,8.3,5.1,14.2,19.7,116.9
2022,NBA,Sacramento Kings,SAC,False,82,19805,43.3,90.2,0.479,30.3,55.5,0.547,15.9,20.4,0.776,10.5,35.1,45.6,25.2,8.1,4.8,13.4,20.2,115.3
2022,NBA,San Antonio Spurs,SAS,False,82,19805,42.2,90.5,0.466,30.2,57.2,0.528,15.9,20.7,0.767,11.3,35.2,46.5,23.9,7.3,4.9,13.7,18.8,112.3
2022,NBA,Toronto Raptors,TOR,True,82,19855,40.2,87.1,0.462,27.5,51.1,0.538,17.3,21.9,0.789,10.7,34.8,45.5,26.1,6.9,5.2,16.3,19.7,110.5
2022,NBA,Utah Jazz,UTA,True,82,19730,41.5,91.7,0.453,29.1,56.1,0.518,15.0,19.8,0.758,10.1,32.6,42.7,24.0,8.0,4.4,12.3,20.8,110.5
2022,NBA,Washington Wizards,WAS,False,82,19830,42.2,90.9,0.464,30.5,58.4,0.522,18.4,22.8,0.807,10.5,34.7,45.2,24.2,7.5,4.3,12.1,20.4,114.5
2021,NBA,Atlanta Hawks,ATL,True,72,17405,42.0,90.7,0.463,29.9,55.9,0.534,17.2,21.5,0.803,10.2,33.2,43.4,24.8,7.9,5.1,12.5,20.1,113.3
2021,NBA,Boston Celtics,BOS,True,72,17380,40.4,87.0,0.464,27.4,52.3,0.524,18.7,23.8,0.785,9.5,33.5,43.0,24.3,7.5,4.7,14.3,19.5,112.5
2021,NBA,Brooklyn Nets,BRK,True,72,17405,41.8,91.1,0.459,28.6,55.0,0.521,17.0,21.9,0.775,10.4,32.5,43.0,24.0,7.6,4.6,12.6,18.9,113.8
2021,NBA,Chicago Bulls,CHI,False,72,17380,41.6,88.0,0.473,30.0,55.6,0.541,17.3,22.3,0.774,8.7,33.6,42.3,24.2,8.6,5.1,12.8,17.8,112.0
2021,NBA,Charlotte Hornets,CHO,False,72,17355,41.8,89.3,0.468,27.2,49.2,0.552,14.5,19.5,0.745,10.8,35.0,45.8,27.4,8.2,4.9,14.9,18.9,112.8
2021,NBA,Cleveland Cavaliers,CLE,False,72,17430,42.8,88.4,0.484,30.1,55.3,0.545,16.2,20.8,0.779,10.1,34.5,44.6,25.9,8.7,6.0,14.6,20.5,114.4
2021,NBA,Dallas Mavericks,DAL,True,72,17305,41.1,89.3,0.46,27.9,53.2,0.525,17.6,23.1,0.764,10.0,35.1,45.1,23.2,7.5,3.8,12.9,20.6,113.0
2021,NBA,Denver Nuggets,DEN,True,72,17480,40.8,86.9,0.469,27.6,50.6,0.545,17.4,22.5,0.773,9.2,32.7,41.9,26.4,7.6,4.6,14.3,19.5,112.1
2021,NBA,Detroit Pistons,DET,False,72,17430,41.9,88.1,0.476,30.4,56.3,0.541,17.2,22.6,0.76,10.1,34.8,44.9,25.1,8.1,5.9,14.1,20.7,112.5
2021,NBA,Golden State Warriors,GSW,False,72,17305,39.3,87.0,0.452,27.2,53.3,0.511,19.4,24.9,0.778,10.4,35.8,46.2,23.2,7.7,4.2,14.7,19.1,110.1
2021,NBA,Houston Rockets,HOU,False,72,17305,42.0,87.7,0.48,28.8,53.0,0.544,17.6,22.5,0.783,9.7,37.1,46.8,25.4,8.4,5.2,14.4,19.0,114.9
2021,NBA,Indiana Pacers,IND,False,72,17455,41.6,89.0,0.468,30.4,58.4,0.521,17.9,22.9,0.782,11.0,34.6,45.6,25.4,7.2,5.2,14.4,17.7,112.4
2021,NBA,Los Angeles Clippers,LAC,True,72,17280,41.4,89.2,0.464,29.4,55.6,0.529,16.6,21.3,0.777,9.4,33.1,42.5,23.6,7.3,4.4,13.3,18.7,111.2
2021,NBA,Los Angeles Lakers,LAL,True,72,17455,39.9,86.7,0.46,28.5,54.3,0.524,15.9,20.6,0.776,8.8,33.3,42.2,24.7,8.3,4.6,15.3,21.3,107.1
2021,NBA,Memphis Grizzlies,MEM,True,72,17405,40.6,87.7,0.462,27.8,53.0,0.525,17.2,21.8,0.788,9.7,34.5,44.2,25.1,7.6,5.2,14.7,18.1,111.0
2021,NBA,Miami Heat,MIA,True,72,17380,40.2,87.7,0.459,25.6,47.5,0.538,16.0,20.5,0.782,9.8,34.4,44.1,26.5,7.7,4.1,15.5,20.2,111.2
2021,NBA,Milwaukee Bucks,MIL,True,72,17330,41.4,90.6,0.456,26.9,53.0,0.507,14.3,18.3,0.78,9.4,33.0,42.4,24.4,6.9,4.7,12.8,17.9,111.4
2021,NBA,Minnesota Timberwolves,MIN,False,72,17405,42.0,87.2,0.482,29.2,54.5,0.536,18.1,23.0,0.786,9.7,35.0,44.7,26.2,7.5,5.4,15.0,19.4,115.0
2021,NBA,New Orleans Pelicans,NOP,False,72,17430,41.5,88.5,0.469,27.1,50.7,0.535,16.5,20.9,0.79,8.9,32.6,41.4,25.7,7.6,5.9,13.2,21.1,113.8
2021,NBA,New York Knicks,NYK,True,72,17430,39.2,89.1,0.44,26.8,52.3,0.512,17.5,22.9,0.761,10.0,35.6,45.5,24.3,6.8,5.6,13.2,18.5,108.2
2021,NBA,Oklahoma City Thunder,OKC,False,72,17355,42.8,90.4,0.473,29.4,53.6,0.548,15.1,19.5,0.773,10.0,36.5,46.5,25.4,8.9,5.2,12.9,18.3,114.0
2021,NBA,Orlando Magic,ORL,False,72,17330,42.7,90.6,0.471,28.8,53.4,0.539,15.3,19.5,0.786,9.9,38.0,47.9,26.3,7.7,5.4,12.9,18.9,114.5
2021,NBA,Philadelphia 76ers,PHI,True,72,17430,39.2,86.6,0.453,27.4,53.7,0.51,17.3,22.7,0.764,9.7,33.0,42.7,23.4,7.2,4.6,15.5,20.9,107.6
2021,NBA,Phoenix Suns,PHO,True,72,17480,41.2,88.2,0.467,29.4,54.9,0.535,17.1,22.0,0.778,9.5,33.9,43.4,23.3,7.0,3.6,13.9,18.3,111.3
2021,NBA,Portland Trail Blazers,POR,True,72,17305,42.4,89.6,0.473,29.3,54.4,0.538,18.2,23.1,0.787,10.0,36.1,46.1,25.3,6.2,4.7,12.6,19.4,116.0
2021,NBA,Sacramento Kings,SAC,False,72,17305,43.5,89.3,0.488,31.1,56.7,0.549,17.8,22.6,0.787,10.6,34.5,45.2,25.3,7.6,4.7,13.7,18.7,117.2
2021,NBA,San Antonio Spurs,SAS,False,72,17480,42.4,89.8,0.472,30.1,57.2,0.527,15.7,20.7,0.758,10.2,37.2,47.4,24.8,6.3,5.1,13.2,18.6,112.8
2021,NBA,Toronto Raptors,TOR,False,72,17305,39.3,85.3,0.461,25.3,48.4,0.523,19.9,25.0,0.799,10.1,36.1,46.2,26.2,6.7,5.6,16.2,19.6,112.5
2021,NBA,Utah Jazz,UTA,True,72,17355,41.3,92.4,0.447,30.3,60.2,0.504,14.7,19.1,0.768,9.9,33.1,43.1,22.5,7.8,4.0,11.6,19.2,108.3
2021,NBA,Washington Wizards,WAS,True,72,17405,41.1,87.3,0.471,29.2,55.2,0.529,18.9,24.2,0.781,9.8,34.2,43.9,23.3,7.8,4.6,14.0,21.0,113.0
2020,NBA,Atlanta Hawks,ATL,False,67,16280,41.5,87.0,0.478,30.1,55.6,0.542,20.3,26.3,0.772,10.7,34.4,45.1,24.0,8.6,6.1,14.4,20.1,114.8
2020,NBA,Boston Celtics,BOS,True,72,17430,38.3,86.8,0.441,26.5,52.1,0.508,18.7,24.4,0.767,10.3,33.9,44.2,22.3,7.1,5.5,15.2,20.6,107.0
2020,NBA,Brooklyn Nets,BRK,True,72,17480,40.3,90.5,0.446,28.5,56.6,0.503,16.9,22.0,0.769,10.4,34.4,44.8,22.1,7.5,5.1,12.4,20.6,109.5
2020,NBA,Chicago Bulls,CHI,False,65,15675,39.5,82.4,0.479,28.3,50.8,0.557,19.7,26.0,0.759,10.1,35.3,45.5,25.4,8.1,5.9,18.2,19.1,109.8
2020,NBA,Charlotte Hornets,CHO,False,65,15750,43.1,90.5,0.476,30.3,54.2,0.558,14.4,19.0,0.758,11.3,36.2,47.5,27.5,8.3,5.2,14.9,21.3,113.3
2020,NBA,Cleveland Cavaliers,CLE,False,65,15725,44.1,89.9,0.491,31.7,56.7,0.558,14.8,19.3,0.767,9.8,33.3,43.1,26.3,9.5,6.4,13.1,19.8,115.4
2020,NBA,Dallas Mavericks,DAL,True,75,18175,41.8,91.3,0.458,29.6,56.5,0.523,16.0,21.0,0.76,10.4,34.9,45.3,23.9,7.0,4.1,11.9,21.3,111.7
2020,NBA,Denver Nuggets,DEN,True,73,17745,40.7,87.9,0.463,28.3,53.4,0.53,17.4,22.9,0.759,10.2,33.1,43.4,25.8,7.3,4.5,14.5,20.8,111.0
2020,NBA,Detroit Pistons,DET,False,66,15965,42.6,88.8,0.48,31.8,58.7,0.541,16.5,21.2,0.777,10.3,34.0,44.2,25.0,8.4,5.7,14.2,20.1,112.7
2020,NBA,Golden State Warriors,GSW,False,65,15725,41.7,87.6,0.476,28.4,53.2,0.533,16.9,21.6,0.783,10.1,35.9,46.0,25.8,8.2,4.9,15.5,19.9,113.8
2020,NBA,Houston Rockets,HOU,True,72,17380,40.5,87.7,0.462,28.8,54.1,0.532,17.3,22.7,0.761,10.7,35.2,45.9,24.2,7.7,4.7,15.5,20.2,110.1
2020,NBA,Indiana Pacers,IND,True,73,17620,39.7,88.9,0.446,28.2,55.1,0.511,17.1,21.7,0.788,10.4,35.0,45.5,23.2,6.9,4.6,14.7,18.9,108.0
2020,NBA,Los Angeles Clippers,LAC,True,72,17380,38.7,88.3,0.438,26.7,53.4,0.499,18.2,24.0,0.756,10.5,33.9,44.4,23.2,7.3,4.6,13.8,22.4,107.6
2020,NBA,Los Angeles Lakers,LAL,True,71,17090,38.6,86.1,0.448,27.1,53.1,0.51,17.7,22.6,0.781,9.3,32.5,41.7,23.1,8.1,3.7,15.7,21.5,106.3
2020,NBA,Memphis Grizzlies,MEM,False,73,17570,39.4,87.6,0.45,26.9,53.3,0.504,19.0,24.3,0.782,10.0,33.5,43.5,24.1,7.8,5.1,14.3,19.6,110.3
2020,NBA,Miami Heat,MIA,True,73,17745,38.9,87.0,0.448,25.8,49.1,0.525,18.5,23.7,0.783,9.3,33.4,42.7,24.7,7.5,4.2,14.1,21.8,109.5
2020,NBA,Milwaukee Bucks,MIL,True,73,17595,36.9,89.0,0.414,23.7,51.8,0.457,15.8,20.1,0.787,9.0,34.4,43.4,22.9,7.0,4.2,13.4,20.6,102.9
2020,NBA,Minnesota Timberwolves,MIN,False,64,15560,41.2,86.3,0.477,30.1,55.9,0.539,18.8,24.1,0.783,9.7,35.5,45.2,23.3,7.4,5.3,14.8,20.6,112.2
2020,NBA,New Orleans Pelicans,NOP,False,72,17430,40.8,87.8,0.465,29.2,55.4,0.526,18.6,23.6,0.789,9.6,33.2,42.8,23.4,8.2,4.6,13.9,20.2,111.9
2020,NBA,New York Knicks,NYK,False,66,15965,40.1,86.6,0.463,26.7,51.5,0.52,19.4,25.9,0.749,9.6,34.8,44.5,24.5,7.2,5.1,13.8,19.9,113.0
2020,NBA,Oklahoma City Thunder,OKC,True,72,17430,40.9,90.0,0.455,29.6,56.6,0.523,15.6,19.6,0.795,10.5,34.5,45.0,23.1,7.0,4.0,14.3,22.9,108.8
2020,NBA,Orlando Magic,ORL,True,73,17570,40.9,87.9,0.465,28.5,53.9,0.529,15.4,20.0,0.771,9.1,36.2,45.4,25.0,7.1,4.7,14.8,19.7,109.5
2020,NBA,Philadelphia 76ers,PHI,True,73,17595,40.0,86.4,0.463,29.6,56.8,0.52,18.5,24.6,0.751,8.7,33.4,42.1,22.9,7.0,4.0,13.9,20.6,109.0
2020,NBA,Phoenix Suns,PHO,False,73,17595,40.5,85.9,0.472,29.1,54.4,0.535,19.0,24.1,0.788,8.9,33.6,42.6,23.2,7.8,5.4,15.3,22.3,111.4
2020,NBA,Portland Trail Blazers,POR,True,74,17835,41.3,90.6,0.456,27.9,55.6,0.501,18.8,24.4,0.771,11.4,35.0,46.3,24.6,6.7,4.9,12.7,19.9,114.8
2020,NBA,Sacramento Kings,SAC,False,72,17455,40.3,85.6,0.471,27.9,50.8,0.549,19.2,24.3,0.79,9.1,34.5,43.6,24.9,7.7,4.2,15.2,19.5,112.2
2020,NBA,San Antonio Spurs,SAS,False,71,17215,41.7,88.9,0.469,28.8,54.3,0.53,17.2,22.1,0.777,9.2,35.4,44.6,25.3,6.7,4.3,13.0,19.8,113.5
2020,NBA,Toronto Raptors,TOR,True,72,17380,37.2,87.0,0.428,24.3,48.7,0.499,17.6,22.9,0.769,10.8,34.6,45.4,25.2,7.1,5.4,16.6,20.1,105.0
2020,NBA,Utah Jazz,UTA,True,72,17355,41.1,90.0,0.457,30.0,58.6,0.512,16.6,21.7,0.767,9.6,33.5,43.1,21.7,7.9,4.6,12.5,21.0,109.9
2020,NBA,Washington Wizards,WAS,False,72,17355,41.8,85.7,0.488,29.7,53.6,0.555,19.8,25.5,0.778,10.1,34.6,44.8,24.4,7.3,4.9,15.7,21.6,115.5
2019,NBA,Atlanta Hawks,ATL,False,82,19855,40.8,86.3,0.473,29.0,53.5,0.543,20.5,27.0,0.758,10.1,33.8,43.9,25.6,9.4,5.2,14.4,21.1,113.9
2019,NBA,Boston Celtics,BOS,True,82,19780,39.4,87.9,0.448,27.9,54.5,0.513,17.4,22.8,0.764,10.4,35.5,45.8,23.6,6.8,3.9,15.1,19.5,107.8
2019,NBA,Brooklyn Nets,BRK,True,82,19980,41.2,90.3,0.456,31.1,60.7,0.513,17.2,22.3,0.77,10.7,34.4,45.2,23.2,7.6,5.1,13.1,21.5,109.7
2019,NBA,Chicago Bulls,CHI,False,82,19905,42.2,89.1,0.473,30.1,56.1,0.537,16.8,22.0,0.763,10.0,36.4,46.4,25.5,7.3,5.8,13.3,18.7,113.2
2019,NBA,Charlotte Hornets,CHO,False,82,19830,42.1,89.6,0.47,30.0,56.0,0.536,16.0,20.4,0.787,10.1,35.9,46.1,26.2,6.9,6.0,13.6,20.7,112.5
2019,NBA,Cleveland Cavaliers,CLE,False,82,19755,44.5,89.9,0.495,32.1,57.3,0.561,16.3,21.1,0.77,9.8,35.6,45.5,26.5,7.1,5.8,12.8,20.0,117.6
2019,NBA,Dallas Mavericks,DAL,False,82,19780,41.2,89.7,0.459,29.9,57.0,0.525,17.2,22.1,0.777,10.2,34.8,45.1,24.7,7.9,4.5,13.1,23.4,110.7
2019,NBA,Denver Nuggets,DEN,True,82,19730,40.4,88.2,0.458,29.4,55.6,0.528,17.1,22.7,0.753,9.9,33.4,43.4,25.1,7.6,5.1,13.8,20.8,108.9
2019,NBA,Detroit Pistons,DET,True,82,19855,40.6,86.5,0.469,30.9,58.2,0.53,18.3,24.2,0.755,9.3,35.2,44.5,24.1,7.0,5.2,14.3,21.7,109.2
2019,NBA,Golden State Warriors,GSW,True,82,19805,39.8,89.7,0.444,28.3,56.7,0.5,18.4,23.9,0.773,10.6,33.0,43.7,23.9,7.6,3.5,13.3,19.2,109.5
2019,NBA,Houston Rockets,HOU,True,82,19830,41.0,87.9,0.466,30.7,57.7,0.532,18.5,24.0,0.768,11.1,34.9,46.1,23.9,7.5,4.6,15.2,20.3,110.7
2019,NBA,Indiana Pacers,IND,True,82,19705,39.4,87.6,0.45,27.9,54.9,0.507,16.1,21.3,0.756,10.7,33.7,44.4,24.9,7.5,5.3,15.9,20.4,106.5
2019,NBA,Los Angeles Clippers,LAC,True,82,19830,40.7,89.1,0.457,30.6,59.7,0.513,20.0,25.7,0.777,11.0,33.6,44.6,23.5,8.1,5.9,12.9,23.4,111.5
2019,NBA,Los Angeles Lakers,LAL,False,82,19780,40.4,89.5,0.452,29.0,56.8,0.511,17.2,21.9,0.784,10.9,34.3,45.2,24.1,8.0,5.0,13.7,20.1,109.5
2019,NBA,Memphis Grizzlies,MEM,False,82,19880,38.5,85.4,0.451,26.6,52.5,0.508,19.8,25.3,0.784,9.8,36.0,45.8,24.0,7.8,5.0,15.6,22.0,108.8
2019,NBA,Miami Heat,MIA,False,82,19730,38.9,88.1,0.441,26.8,54.5,0.493,17.7,23.0,0.769,10.3,34.6,44.9,23.7,7.6,4.8,14.4,20.5,107.6
2019,NBA,Milwaukee Bucks,MIL,True,82,19780,39.0,90.1,0.433,26.4,55.1,0.479,14.6,19.9,0.733,9.6,34.1,43.6,23.9,6.5,4.6,12.9,19.4,105.2
2019,NBA,Minnesota Timberwolves,MIN,False,82,19830,41.7,89.2,0.467,29.1,56.0,0.52,16.9,22.1,0.767,11.1,34.1,45.2,25.9,6.5,5.5,14.6,21.7,112.9
2019,NBA,New Orleans Pelicans,NOP,False,82,19755,41.7,89.5,0.466,29.9,57.0,0.525,17.3,22.7,0.764,10.6,33.6,44.1,25.6,8.3,5.2,13.1,20.3,112.6
2019,NBA,New York Knicks,NYK,False,82,19780,41.8,89.6,0.467,30.0,57.0,0.527,18.2,23.7,0.766,10.7,36.7,47.5,25.6,7.4,5.6,13.2,20.8,113.7
2019,NBA,Oklahoma City Thunder,OKC,True,82,19855,39.3,85.5,0.46,28.5,55.0,0.517,17.6,23.2,0.761,9.5,34.5,44.0,24.0,7.9,4.9,16.1,21.7,107.0
2019,NBA,Orlando Magic,ORL,True,82,19780,40.5,88.9,0.456,29.9,58.3,0.513,16.5,21.2,0.778,9.1,36.1,45.3,23.4,7.1,4.5,13.2,19.0,108.1
2019,NBA,Philadelphia 76ers,PHI,True,82,19805,40.8,89.5,0.455,30.7,60.1,0.511,18.4,24.0,0.768,9.8,32.7,42.5,22.9,7.6,4.0,12.5,21.7,110.0
2019,NBA,Phoenix Suns,PHO,False,82,19880,41.8,86.8,0.482,30.9,57.4,0.538,20.5,27.2,0.753,11.7,34.8,46.5,25.5,8.9,4.9,15.4,20.3,115.1
2019,NBA,Portland Trail Blazers,POR,True,82,19855,41.1,90.1,0.457,30.4,60.3,0.505,17.5,22.8,0.77,10.3,32.6,42.8,23.2,7.4,5.1,12.4,20.7,110.5
2019,NBA,Sacramento Kings,SAC,False,82,19730,40.9,87.6,0.466,29.2,54.2,0.54,18.2,23.6,0.77,10.8,35.6,46.4,23.9,7.3,5.0,15.4,20.7,111.5
2019,NBA,San Antonio Spurs,SAS,True,82,19805,42.0,90.7,0.463,30.1,57.7,0.522,15.4,20.4,0.755,9.3,35.1,44.4,25.0,7.3,4.1,12.3,19.9,111.2
2019,NBA,Toronto Raptors,TOR,True,82,19880,39.8,88.6,0.449,29.2,57.8,0.505,16.9,22.0,0.765,10.5,33.8,44.3,24.3,7.5,4.4,14.8,20.3,107.1
2019,NBA,Utah Jazz,UTA,True,82,19755,39.7,87.8,0.452,29.9,60.3,0.496,16.6,22.1,0.753,8.9,33.5,42.3,21.4,8.4,4.6,13.8,22.2,105.7
2019,NBA,Washington Wizards,WAS,False,82,19930,42.3,88.2,0.48,30.5,56.3,0.542,17.5,22.5,0.778,11.1,34.9,46.0,25.6,7.5,4.5,15.3,20.7,113.9
2018,NBA,Atlanta Hawks,ATL,False,82,19705,41.4,88.1,0.469,29.6,56.9,0.52,16.1,20.9,0.772,10.4,34.5,44.9,26.5,8.8,5.6,15.3,20.6,110.6
2018,NBA,Boston Celtics,BOS,True,82,19805,38.7,88.0,0.44,29.0,59.3,0.488,16.8,22.1,0.763,10.0,35.4,45.4,22.0,7.5,4.6,14.6,19.8,103.9
2018,NBA,Brooklyn Nets,BRK,False,82,19855,41.8,89.7,0.466,32.7,65.1,0.503,18.0,23.5,0.766,10.4,36.4,46.9,21.8,7.7,5.5,12.4,19.7,110.6
2018,NBA,Chicago Bulls,CHI,False,82,19855,41.3,87.5,0.472,29.1,54.5,0.534,16.1,20.4,0.787,8.5,37.5,46.0,26.1,7.2,5.2,13.7,17.5,110.9
2018,NBA,Charlotte Hornets,CHO,False,82,19780,41.5,88.8,0.468,30.1,58.3,0.516,14.6,18.4,0.795,8.5,35.6,44.2,25.0,6.7,5.0,13.7,22.7,109.1
2018,NBA,Cleveland Cavaliers,CLE,True,82,19730,42.6,89.9,0.474,30.7,57.6,0.533,14.9,19.7,0.756,10.1,34.3,44.4,26.3,7.6,4.2,13.7,21.1,111.9
2018,NBA,Dallas Mavericks,DAL,False,82,19805,40.8,87.1,0.469,29.7,56.5,0.526,16.8,22.2,0.757,9.2,38.4,47.6,24.4,7.5,4.7,14.3,20.3,109.5
2018,NBA,Denver Nuggets,DEN,False,82,19880,42.2,88.7,0.476,31.1,59.2,0.525,15.4,20.8,0.738,10.0,32.6,42.6,25.3,8.2,4.9,14.1,21.2,111.0
2018,NBA,Detroit Pistons,DET,False,82,19805,40.4,88.0,0.459,28.9,56.2,0.515,15.1,19.5,0.776,9.5,35.7,45.2,26.0,7.5,5.0,15.3,19.0,107.3
2018,NBA,Golden State Warriors,GSW,True,82,19730,40.3,90.1,0.447,29.8,60.9,0.49,16.7,22.1,0.758,10.9,31.7,42.6,23.6,8.8,3.7,14.4,18.5,107.7
2018,NBA,Houston Rockets,HOU,True,82,19755,40.4,87.4,0.462,30.1,57.9,0.519,15.0,20.0,0.746,8.8,34.1,42.9,22.9,7.6,4.5,14.9,20.8,106.1
2018,NBA,Indiana Pacers,IND,True,82,19755,40.9,88.0,0.465,29.9,56.4,0.53,15.3,20.3,0.757,10.6,34.0,44.6,24.1,7.3,5.4,16.1,19.2,108.1
2018,NBA,Los Angeles Clippers,LAC,False,82,19705,40.7,88.8,0.458,29.8,58.2,0.512,18.0,23.0,0.782,10.7,33.4,44.1,24.9,8.6,5.7,14.2,22.2,110.2
2018,NBA,Los Angeles Lakers,LAL,False,82,19905,40.4,88.6,0.456,30.2,58.9,0.512,16.8,22.1,0.761,10.1,34.1,44.2,23.2,8.2,5.4,14.1,20.2,108.0
2018,NBA,Memphis Grizzlies,MEM,False,82,19705,39.1,84.5,0.462,27.9,54.0,0.516,21.7,28.2,0.769,10.0,34.7,44.7,23.3,8.5,5.4,15.5,21.5,111.0
2018,NBA,Miami Heat,MIA,True,82,19930,38.9,86.6,0.45,29.0,59.1,0.491,18.6,23.7,0.783,9.4,35.2,44.5,21.7,7.8,4.8,14.6,20.0,106.3
2018,NBA,Milwaukee Bucks,MIL,True,82,19830,40.3,86.3,0.468,29.9,58.3,0.513,19.0,24.2,0.783,10.3,33.8,44.0,24.4,7.4,4.6,16.1,20.5,110.1
2018,NBA,Minnesota Timberwolves,MIN,True,82,19805,41.6,87.6,0.475,30.4,57.0,0.534,16.6,21.2,0.779,10.1,33.2,43.3,24.8,6.7,4.8,15.6,21.6,111.1
2018,NBA,New Orleans Pelicans,NOP,True,82,19955,40.9,90.2,0.454,30.3,60.2,0.503,15.8,20.1,0.784,10.6,34.0,44.6,23.3,8.0,4.1,14.2,20.0,108.3
2018,NBA,New York Knicks,NYK,False,82,19830,40.4,88.5,0.457,28.9,57.3,0.505,18.4,23.8,0.774,10.5,33.8,44.2,24.6,8.4,4.9,13.7,18.9,110.7
2018,NBA,Oklahoma City Thunder,OKC,True,82,19830,39.5,86.2,0.458,28.0,54.8,0.511,16.7,21.7,0.769,9.8,33.5,43.3,23.9,7.9,4.7,16.4,21.9,107.2
2018,NBA,Orlando Magic,ORL,False,82,19730,41.6,89.0,0.468,31.5,61.0,0.516,16.7,21.6,0.773,10.8,35.9,46.6,24.8,7.9,5.0,14.5,19.3,110.1
2018,NBA,Philadelphia 76ers,PHI,True,82,19780,37.9,87.4,0.434,27.9,57.8,0.482,19.0,25.6,0.745,9.9,32.1,42.1,21.7,8.5,5.1,14.3,20.3,105.0
2018,NBA,Phoenix Suns,PHO,False,82,19705,41.6,88.4,0.471,30.7,59.2,0.519,18.7,24.5,0.766,10.4,35.3,45.7,23.2,8.6,5.9,13.3,20.8,112.9
2018,NBA,Portland Trail Blazers,POR,True,82,19755,39.6,88.7,0.447,29.6,61.2,0.484,17.2,22.7,0.755,9.6,34.7,44.3,20.8,7.6,5.3,13.0,19.7,106.4
2018,NBA,Sacramento Kings,SAC,False,82,19755,40.7,86.5,0.47,28.2,53.4,0.527,17.2,22.5,0.765,9.5,36.4,45.9,24.8,8.1,5.0,15.0,18.2,111.1
2018,NBA,San Antonio Spurs,SAS,True,82,19730,40.1,88.5,0.453,30.5,60.9,0.501,15.0,19.8,0.759,9.7,35.0,44.6,22.9,8.0,4.1,14.8,20.7,104.8
2018,NBA,Toronto Raptors,TOR,True,82,19830,39.1,87.2,0.449,30.1,61.8,0.486,18.5,24.1,0.767,10.0,33.2,43.2,22.2,7.3,5.0,14.6,20.3,105.9
2018,NBA,Utah Jazz,UTA,True,82,19755,38.8,86.4,0.449,28.9,59.3,0.488,16.4,21.3,0.771,9.0,34.3,43.3,20.8,8.6,4.8,15.5,21.4,103.9
2018,NBA,Washington Wizards,WAS,True,82,19855,40.0,86.5,0.462,29.5,56.6,0.522,18.4,24.2,0.761,10.1,33.5,43.6,22.9,8.0,4.8,15.3,20.5,108.7
2017,NBA,Atlanta Hawks,ATL,True,82,19880,39.4,88.7,0.444,28.3,57.7,0.491,15.9,20.6,0.772,10.9,33.7,44.6,23.8,9.1,5.3,15.6,21.9,105.7
2017,NBA,Boston Celtics,BOS,True,82,19755,39.8,88.3,0.45,30.5,60.5,0.505,19.7,25.6,0.769,11.1,34.8,45.8,23.2,7.8,5.3,14.3,20.9,108.4
2017,NBA,Brooklyn Nets,BRK,False,82,19755,41.0,89.4,0.458,31.2,62.6,0.498,19.0,24.6,0.772,10.8,35.6,46.4,22.7,9.4,5.5,13.1,20.0,110.7
2017,NBA,Chicago Bulls,CHI,True,82,19780,41.2,90.4,0.456,31.9,63.4,0.503,15.2,19.8,0.77,10.7,34.4,45.1,24.7,7.7,4.8,14.0,19.6,107.0
2017,NBA,Charlotte Hornets,CHO,False,82,19830,40.9,89.7,0.456,28.9,57.1,0.506,14.7,18.9,0.776,9.3,36.8,46.1,25.4,6.8,5.7,13.5,20.6,108.6
2017,NBA,Cleveland Cavaliers,CLE,True,82,19880,41.8,91.4,0.458,31.2,61.9,0.504,16.0,20.6,0.773,11.3,34.2,45.5,25.4,7.5,4.4,13.0,21.2,110.3
2017,NBA,Dallas Mavericks,DAL,False,82,19780,39.9,85.2,0.469,29.6,57.9,0.51,18.6,24.0,0.772,9.6,38.5,48.0,22.9,7.0,3.7,16.1,20.9,108.8
2017,NBA,Denver Nuggets,DEN,False,82,19755,42.7,89.6,0.477,32.7,63.0,0.519,17.3,22.2,0.782,9.5,31.8,41.4,24.4,8.4,5.0,12.1,20.4,112.7
2017,NBA,Detroit Pistons,DET,False,82,19805,40.1,87.1,0.46,30.3,60.4,0.502,17.2,22.0,0.78,8.4,36.5,44.9,24.6,7.0,4.3,13.3,18.3,107.1
2017,NBA,Golden State Warriors,GSW,True,82,19780,38.7,88.9,0.435,29.7,61.2,0.485,17.6,23.2,0.761,11.7,31.7,43.4,22.6,8.6,3.8,15.5,19.3,104.0
2017,NBA,Houston Rockets,HOU,True,82,19780,40.9,88.4,0.463,31.0,59.4,0.522,17.2,22.1,0.778,10.7,33.2,43.8,24.0,8.5,5.0,15.0,20.3,109.0
2017,NBA,Indiana Pacers,IND,True,82,19855,39.3,87.1,0.451,28.6,57.0,0.501,19.6,24.9,0.789,11.1,34.7,45.7,23.1,8.3,5.1,15.4,20.2,108.8
2017,NBA,Los Angeles Clippers,LAC,True,82,19755,40.0,88.5,0.452,30.5,61.3,0.497,18.7,24.2,0.772,10.6,34.1,44.7,23.9,7.3,3.3,13.7,23.2,108.2
2017,NBA,Los Angeles Lakers,LAL,False,82,19705,42.1,87.2,0.483,31.8,59.4,0.536,18.5,24.3,0.762,10.4,34.6,45.1,26.1,8.6,5.4,14.7,18.8,113.0
2017,NBA,Memphis Grizzlies,MEM,True,82,19905,37.4,84.5,0.443,26.8,54.4,0.492,21.7,28.8,0.753,9.9,35.2,45.1,21.5,7.5,5.4,15.3,22.3,107.1
2017,NBA,Miami Heat,MIA,False,82,19780,39.6,88.0,0.45,31.5,64.2,0.49,19.3,24.7,0.782,10.7,34.9,45.5,20.5,7.1,5.1,14.3,19.5,106.7
2017,NBA,Milwaukee Bucks,MIL,True,82,19780,40.0,87.3,0.458,29.5,57.6,0.512,18.8,24.4,0.771,10.8,33.8,44.7,25.3,7.8,4.8,15.5,20.3,109.3
2017,NBA,Minnesota Timberwolves,MIN,False,82,19805,41.6,87.4,0.475,31.2,59.1,0.528,18.5,24.1,0.768,10.3,32.1,42.4,24.3,8.1,5.3,15.0,21.5,112.0
2017,NBA,New Orleans Pelicans,NOP,False,82,19905,40.4,89.8,0.45,29.8,59.7,0.499,15.9,20.9,0.762,10.7,38.0,48.7,23.6,7.4,4.3,14.1,19.4,107.4
2017,NBA,New York Knicks,NYK,False,82,19855,41.0,90.2,0.455,30.9,61.1,0.506,19.3,25.0,0.771,12.0,34.2,46.2,22.5,7.7,4.7,13.3,19.1,111.5
2017,NBA,Oklahoma City Thunder,OKC,True,82,19805,39.8,86.7,0.459,30.9,61.5,0.502,18.9,24.7,0.764,9.3,32.0,41.3,21.8,8.6,5.6,14.0,21.0,107.5
2017,NBA,Orlando Magic,ORL,False,82,19805,41.3,88.6,0.467,31.4,61.6,0.51,17.8,23.3,0.766,10.0,36.7,46.7,24.2,7.8,5.2,13.4,19.2,110.5
2017,NBA,Philadelphia 76ers,PHI,False,82,19830,39.8,86.5,0.461,30.9,61.4,0.503,20.3,26.2,0.773,10.9,34.4,45.3,22.8,8.6,5.5,15.2,19.8,108.9
2017,NBA,Phoenix Suns,PHO,False,82,19830,39.8,85.3,0.467,29.9,59.3,0.504,22.5,28.8,0.783,10.1,33.5,43.6,21.9,8.0,5.3,14.7,22.0,112.2
2017,NBA,Portland Trail Blazers,POR,True,82,19930,40.0,88.1,0.455,30.5,62.4,0.489,21.3,27.1,0.785,10.3,34.6,44.9,21.0,7.9,5.4,13.1,20.2,110.8
2017,NBA,Sacramento Kings,SAC,False,82,19880,40.1,86.8,0.462,28.7,55.5,0.517,19.7,25.3,0.778,10.5,34.2,44.7,24.7,8.8,5.3,14.6,20.9,111.3
2017,NBA,San Antonio Spurs,SAS,True,82,19805,39.0,88.0,0.443,30.4,63.0,0.483,16.9,21.9,0.771,10.3,33.4,43.7,22.6,7.9,4.3,15.2,20.9,103.5
2017,NBA,Toronto Raptors,TOR,True,82,19780,39.1,87.1,0.449,28.9,58.4,0.495,19.5,25.0,0.78,10.6,33.6,44.2,22.9,7.0,5.0,15.4,21.3,107.8
2017,NBA,Utah Jazz,UTA,True,82,19755,39.5,89.2,0.443,30.6,64.3,0.476,17.4,22.6,0.769,9.8,33.9,43.7,19.4,7.9,4.1,13.2,22.0,105.3
2017,NBA,Washington Wizards,WAS,True,82,19855,40.4,86.6,0.466,30.3,59.0,0.514,18.5,24.6,0.751,10.8,33.0,43.8,23.2,7.5,4.7,15.6,20.1,109.3
2016,NBA,Atlanta Hawks,ATL,True,82,19830,38.0,87.9,0.432,29.5,62.9,0.469,17.0,22.6,0.755,11.8,35.7,47.5,22.5,8.8,5.1,16.5,18.7,101.4
2016,NBA,Boston Celtics,BOS,True,82,19780,37.9,85.9,0.441,30.0,62.4,0.481,19.9,26.3,0.755,11.5,35.0,46.5,21.1,7.7,5.5,16.6,21.2,103.6
2016,NBA,Brooklyn Nets,BRK,False,82,19755,42.7,89.1,0.479,32.8,62.3,0.526,15.7,20.5,0.763,10.7,34.7,45.4,25.6,9.2,5.5,14.8,19.3,110.9
2016,NBA,Chicago Bulls,CHI,False,82,19905,40.7,92.4,0.441,32.5,68.6,0.474,16.8,22.8,0.737,12.2,35.2,47.4,23.3,8.2,5.9,12.3,19.3,106.5
2016,NBA,Charlotte Hornets,CHO,True,82,19855,39.2,88.1,0.444,30.0,61.8,0.485,16.9,21.9,0.769,9.2,37.1,46.3,24.0,7.0,5.7,13.9,21.1,104.3
2016,NBA,Cleveland Cavaliers,CLE,True,82,19855,39.1,87.3,0.448,30.7,63.2,0.487,17.9,24.0,0.743,9.8,33.7,43.6,22.8,7.6,4.7,14.2,21.9,104.5
2016,NBA,Dallas Mavericks,DAL,True,82,20005,40.0,88.7,0.451,30.5,61.1,0.5,17.6,23.8,0.738,11.0,36.7,47.8,22.9,7.8,4.6,14.5,22.4,107.0
2016,NBA,Denver Nuggets,DEN,False,82,19830,40.2,87.3,0.461,30.7,61.6,0.498,18.9,24.8,0.761,10.1,34.1,44.2,24.3,8.3,6.5,14.2,21.6,108.9
2016,NBA,Detroit Pistons,DET,True,82,19880,40.4,87.6,0.461,32.8,66.3,0.495,17.1,21.9,0.783,9.2,35.1,44.3,22.4,7.4,4.6,14.0,22.5,105.5
2016,NBA,Golden State Warriors,GSW,True,82,19880,38.7,89.1,0.435,31.0,65.7,0.472,18.5,24.5,0.757,11.4,32.4,43.7,22.2,8.6,4.1,14.4,19.8,103.8
2016,NBA,Houston Rockets,HOU,True,82,19830,39.7,86.5,0.459,29.8,59.1,0.504,18.9,25.0,0.756,12.0,33.3,45.4,25.0,9.1,5.0,16.9,22.9,108.1
2016,NBA,Indiana Pacers,IND,True,82,19880,38.3,87.0,0.44,29.8,61.5,0.484,17.8,23.7,0.751,11.0,34.7,45.6,21.3,7.9,4.6,16.2,20.9,102.9
2016,NBA,Los Angeles Clippers,LAC,True,82,19830,38.1,87.8,0.434,29.9,63.6,0.471,19.5,26.0,0.751,12.2,36.1,48.4,22.0,7.4,3.3,15.9,23.3,103.8
2016,NBA,Los Angeles Lakers,LAL,False,82,19730,42.3,89.4,0.473,33.4,63.7,0.524,18.1,24.7,0.731,11.4,37.1,48.5,25.7,7.9,5.8,13.2,20.0,111.6
2016,NBA,Memphis Grizzlies,MEM,True,82,19830,38.2,83.8,0.456,27.9,55.5,0.503,21.0,27.3,0.768,10.8,35.2,46.0,23.3,7.5,6.1,17.2,22.5,107.8
2016,NBA,Miami Heat,MIA,True,82,19830,39.5,89.4,0.442,31.7,66.9,0.474,17.5,22.8,0.77,10.4,33.4,43.8,21.4,7.9,4.4,13.7,20.8,104.4
2016,NBA,Milwaukee Bucks,MIL,False,82,19830,39.8,87.6,0.454,30.0,59.7,0.502,19.3,25.2,0.768,12.1,33.2,45.3,25.9,8.7,5.9,16.3,20.5,108.7
2016,NBA,Minnesota Timberwolves,MIN,False,82,19880,41.5,88.3,0.471,32.1,61.8,0.52,17.7,23.4,0.757,11.1,32.4,43.5,23.5,8.1,5.4,15.5,22.4,110.1
2016,NBA,New Orleans Pelicans,NOP,False,82,19780,40.3,86.2,0.468,30.9,60.6,0.51,19.4,24.7,0.783,9.2,36.5,45.7,23.8,7.5,5.3,14.1,20.4,109.5
2016,NBA,New York Knicks,NYK,False,82,19805,40.4,91.3,0.443,32.3,67.4,0.479,18.6,24.7,0.754,11.5,35.5,47.0,22.1,7.6,4.5,12.0,19.7,107.6
2016,NBA,Oklahoma City Thunder,OKC,True,82,19830,39.4,90.0,0.438,31.1,65.6,0.474,18.4,24.4,0.756,11.6,29.7,41.3,22.1,9.0,4.7,13.4,20.7,105.6
2016,NBA,Orlando Magic,ORL,False,82,19905,39.6,86.0,0.46,30.4,60.4,0.503,18.5,24.8,0.746,10.5,35.2,45.6,23.9,7.8,5.6,15.6,18.8,106.8
2016,NBA,Philadelphia 76ers,PHI,False,82,19805,40.2,86.7,0.464,32.4,64.7,0.5,20.8,26.5,0.786,11.3,37.0,48.3,23.7,8.8,5.8,15.4,19.4,109.2
2016,NBA,Phoenix Suns,PHO,False,82,19705,39.7,84.9,0.467,30.1,59.7,0.505,20.2,26.9,0.749,10.1,34.2,44.3,22.7,9.7,5.6,15.1,21.9,109.0
2016,NBA,Portland Trail Blazers,POR,True,82,19805,39.7,87.7,0.453,30.9,63.8,0.484,19.7,26.9,0.734,10.9,34.3,45.2,22.3,8.0,5.4,13.7,20.2,108.0
2016,NBA,Sacramento Kings,SAC,False,82,19805,40.3,87.2,0.462,30.2,59.4,0.508,17.6,23.1,0.762,11.2,33.5,44.7,24.1,8.8,5.3,15.9,21.8,108.4
2016,NBA,San Antonio Spurs,SAS,True,82,19705,38.0,87.2,0.436,31.0,65.9,0.47,15.9,20.9,0.758,9.7,33.5,43.2,22.2,7.7,4.1,15.8,20.7,99.0
2016,NBA,Toronto Raptors,TOR,True,82,19780,39.1,87.9,0.444,29.7,62.8,0.473,17.7,23.6,0.748,10.2,33.5,43.7,23.3,7.0,5.8,14.3,23.5,105.2
2016,NBA,Utah Jazz,UTA,False,82,19955,38.6,86.6,0.446,30.0,62.5,0.48,18.2,24.3,0.746,10.1,33.3,43.4,20.7,8.6,5.1,15.1,21.5,103.9
2016,NBA,Washington Wizards,WAS,False,82,19755,39.1,84.7,0.462,30.0,60.2,0.498,18.5,24.0,0.769,9.5,35.3,44.8,22.8,8.2,4.4,16.3,20.4,105.8
2015,NBA,Atlanta Hawks,ATL,True,82,19730,38.7,88.3,0.439,29.4,60.9,0.483,16.3,21.4,0.764,12.3,34.1,46.3,25.0,7.8,5.2,17.1,20.9,103.1
2015,NBA,Boston Celtics,BOS,True,82,19880,39.4,87.5,0.45,31.7,64.7,0.49,18.2,24.0,0.755,11.2,34.9,46.2,22.6,7.3,5.4,15.6,19.5,104.5
2015,NBA,Brooklyn Nets,BRK,True,82,19930,40.9,89.8,0.456,31.9,64.5,0.494,16.6,22.7,0.731,12.2,35.1,47.2,25.2,8.4,4.8,14.8,21.3,107.4
2015,NBA,Chicago Bulls,CHI,True,82,19880,40.3,92.5,0.435,33.3,71.6,0.465,16.8,22.4,0.749,12.5,33.8,46.3,21.6,8.0,5.8,13.0,22.6,104.3
2015,NBA,Charlotte Hornets,CHO,False,82,19905,39.2,89.0,0.44,30.8,65.5,0.47,16.8,21.7,0.772,9.4,37.5,46.9,23.5,6.5,5.7,13.4,22.2,103.5
2015,NBA,Cleveland Cavaliers,CLE,True,82,19780,41.0,90.0,0.456,32.7,65.7,0.497,16.0,21.4,0.745,11.6,32.7,44.3,25.9,8.4,4.8,14.3,22.1,106.3
2015,NBA,Dallas Mavericks,DAL,True,82,19880,39.5,87.9,0.45,30.1,62.1,0.485,18.0,23.8,0.753,12.8,35.2,48.0,23.2,7.6,4.0,17.0,23.0,106.4
2015,NBA,Denver Nuggets,DEN,False,82,19880,39.7,86.8,0.458,31.8,63.9,0.498,20.8,27.7,0.748,11.3,35.1,46.4,23.8,7.7,6.3,14.8,21.3,108.2
2015,NBA,Detroit Pistons,DET,False,82,19830,40.5,88.9,0.456,32.2,65.6,0.491,17.1,22.2,0.772,11.4,35.7,47.2,25.4,7.5,5.1,14.9,20.7,106.4
2015,NBA,Golden State Warriors,GSW,True,82,19730,37.5,87.7,0.428,30.2,65.9,0.458,19.0,24.9,0.763,11.9,33.3,45.2,21.3,8.4,3.6,16.5,19.1,101.4
2015,NBA,Houston Rockets,HOU,True,82,19805,38.8,87.6,0.443,31.2,64.0,0.487,18.2,24.2,0.751,12.2,32.9,45.1,22.0,9.1,5.5,16.8,21.7,103.4
2015,NBA,Indiana Pacers,IND,False,82,19855,38.3,88.0,0.435,30.6,65.8,0.465,19.1,25.3,0.753,10.4,35.1,45.5,21.2,8.0,5.0,13.6,22.8,103.2
2015,NBA,Los Angeles Clippers,LAC,True,82,19730,38.3,86.6,0.442,29.6,61.5,0.481,20.0,27.0,0.741,11.1,34.0,45.2,24.5,7.0,3.1,15.0,22.7,105.5
2015,NBA,Los Angeles Lakers,LAL,False,82,19930,40.7,87.3,0.466,31.8,62.7,0.507,20.2,27.1,0.745,10.6,35.8,46.4,25.2,7.8,5.1,13.7,20.4,110.6
2015,NBA,Memphis Grizzlies,MEM,True,82,19905,38.7,87.6,0.442,30.0,62.9,0.478,16.1,21.6,0.742,11.3,34.3,45.6,21.7,7.9,5.6,16.5,21.8,102.2
2015,NBA,Miami Heat,MIA,False,82,19730,39.6,87.3,0.454,30.7,62.0,0.495,18.6,25.5,0.73,12.0,33.0,45.0,23.4,8.6,4.8,16.3,22.9,106.7
2015,NBA,Milwaukee Bucks,MIL,True,82,19930,37.3,85.5,0.437,28.7,60.2,0.476,18.9,25.5,0.742,12.0,33.0,45.0,23.4,9.1,5.0,18.2,21.1,102.2
2015,NBA,Minnesota Timberwolves,MIN,False,82,19805,43.3,89.0,0.487,34.4,64.6,0.531,16.6,21.9,0.759,12.2,33.6,45.9,24.8,8.8,5.8,16.0,22.5,112.2
2015,NBA,New Orleans Pelicans,NOP,True,82,19780,41.3,90.5,0.456,34.1,69.2,0.494,17.7,23.3,0.759,11.6,33.7,45.2,22.6,7.4,6.3,13.3,20.4,107.3
2015,NBA,New York Knicks,NYK,False,82,19855,40.2,87.4,0.46,31.0,63.2,0.49,20.5,26.9,0.759,11.9,35.4,47.3,23.6,8.7,4.7,15.3,20.7,110.0
2015,NBA,Oklahoma City Thunder,OKC,False,82,19830,39.0,88.6,0.44,30.4,63.5,0.479,18.9,25.3,0.745,11.6,32.7,44.3,22.9,8.1,4.8,14.1,21.2,105.5
2015,NBA,Orlando Magic,ORL,False,82,19755,40.3,87.0,0.463,31.5,63.0,0.499,18.3,24.3,0.751,10.7,35.5,46.1,24.9,8.2,5.7,15.3,19.0,107.7
2015,NBA,Philadelphia 76ers,PHI,False,82,19805,38.5,85.9,0.449,30.2,62.1,0.487,19.4,25.6,0.756,11.9,36.1,48.0,24.6,9.9,5.7,17.4,21.0,104.8
2015,NBA,Phoenix Suns,PHO,False,82,19880,39.5,87.4,0.452,31.5,64.9,0.486,19.3,25.5,0.759,11.9,34.7,46.6,21.7,8.2,4.2,16.0,20.9,106.2
2015,NBA,Portland Trail Blazers,POR,True,82,19855,40.2,91.4,0.439,33.4,71.5,0.468,16.7,22.0,0.758,11.6,35.3,46.9,21.4,8.4,3.8,12.8,19.7,103.7
2015,NBA,Sacramento Kings,SAC,False,82,19855,41.0,89.9,0.456,31.9,63.9,0.5,18.0,24.1,0.748,11.4,31.4,42.8,24.2,9.0,6.4,13.4,24.8,109.2
2015,NBA,San Antonio Spurs,SAS,True,82,19955,39.0,88.0,0.444,31.9,68.1,0.468,16.8,22.5,0.745,10.4,33.9,44.3,21.8,8.3,4.6,15.0,20.7,102.0
2015,NBA,Toronto Raptors,TOR,True,82,19855,40.6,88.4,0.459,32.3,64.6,0.501,18.4,25.0,0.733,12.0,33.3,45.3,24.3,7.4,5.4,15.4,21.7,107.7
2015,NBA,Utah Jazz,UTA,False,82,19705,39.5,88.8,0.446,31.4,66.3,0.474,17.6,23.7,0.744,10.9,32.4,43.3,21.5,9.1,5.1,14.5,21.6,104.9
2015,NBA,Washington Wizards,WAS,True,82,19955,38.1,87.9,0.433,29.6,63.7,0.465,18.4,24.9,0.738,10.5,33.4,43.9,21.0,8.4,4.5,14.7,20.7,103.0
2014,NBA,Atlanta Hawks,ATL,True,82,19830,40.5,87.5,0.462,32.1,64.6,0.497,17.2,22.9,0.748,11.3,34.4,45.7,24.3,8.6,4.5,15.9,21.0,106.4
2014,NBA,Boston Celtics,BOS,False,82,19730,40.4,87.0,0.465,33.4,66.8,0.5,19.8,26.0,0.761,11.4,33.8,45.2,23.6,7.9,4.9,15.2,20.4,107.7
2014,NBA,Brooklyn Nets,BRK,True,82,19880,39.3,86.0,0.458,30.6,62.2,0.492,20.3,26.7,0.76,12.2,34.2,46.4,22.7,8.0,4.4,17.1,22.5,107.7
2014,NBA,Charlotte Bobcats,CHA,True,82,19905,39.4,89.2,0.442,30.7,65.7,0.468,16.3,21.5,0.759,10.2,36.1,46.3,22.4,6.7,5.4,14.2,22.4,103.8
2014,NBA,Chicago Bulls,CHI,True,82,19930,38.3,88.9,0.43,31.1,68.5,0.454,16.8,22.3,0.753,11.7,33.5,45.2,21.4,8.3,6.5,15.7,22.9,100.5
2014,NBA,Cleveland Cavaliers,CLE,False,82,19930,40.1,88.6,0.452,30.2,61.6,0.49,17.7,23.3,0.757,10.9,34.3,45.1,26.3,7.6,6.0,14.8,20.7,107.7
2014,NBA,Dallas Mavericks,DAL,True,82,19830,40.1,86.3,0.464,31.3,61.9,0.505,19.8,26.1,0.758,12.2,33.2,45.4,23.4,8.2,3.7,17.0,21.1,108.7
2014,NBA,Denver Nuggets,DEN,False,82,19755,40.1,87.8,0.457,32.6,66.4,0.491,20.5,26.9,0.763,11.5,33.0,44.5,22.8,8.6,5.7,14.6,22.0,108.2
2014,NBA,Detroit Pistons,DET,False,82,19780,41.0,87.2,0.47,32.3,63.2,0.51,19.0,25.1,0.756,11.7,33.4,45.1,25.6,8.6,5.2,15.7,21.7,109.7
2014,NBA,Golden State Warriors,GSW,True,82,19830,38.0,87.0,0.436,30.8,66.2,0.465,19.5,25.4,0.765,11.0,33.6,44.6,21.2,8.2,4.3,15.5,19.9,102.6
2014,NBA,Houston Rockets,HOU,True,82,19830,40.2,90.7,0.443,31.8,67.0,0.475,17.5,23.2,0.757,12.3,30.7,42.9,22.9,8.8,5.8,14.4,25.0,106.3
2014,NBA,Indiana Pacers,IND,True,82,19780,37.4,89.0,0.42,30.3,68.5,0.443,17.5,23.2,0.755,11.2,33.1,44.3,20.0,7.8,5.0,14.7,23.5,99.3
2014,NBA,Los Angeles Clippers,LAC,True,82,19755,38.8,88.1,0.441,31.3,65.4,0.479,19.6,25.9,0.755,12.8,32.6,45.4,24.2,7.2,3.6,16.0,24.3,104.8
2014,NBA,Los Angeles Lakers,LAL,False,82,19705,42.5,90.7,0.468,34.2,68.0,0.504,17.4,24.0,0.727,13.2,36.4,49.6,26.1,9.8,4.8,14.4,19.5,110.6
2014,NBA,Memphis Grizzlies,MEM,True,82,19805,39.4,87.7,0.45,31.1,64.3,0.484,17.4,22.7,0.766,10.9,32.4,43.3,22.0,8.0,5.5,15.7,20.9,104.6
2014,NBA,Miami Heat,MIA,True,82,19880,39.2,85.7,0.457,30.0,60.3,0.497,18.2,24.2,0.75,11.7,32.0,43.8,23.2,8.8,3.4,18.1,22.2,105.8
2014,NBA,Milwaukee Bucks,MIL,False,82,19880,41.4,88.4,0.468,32.2,64.4,0.5,19.9,26.5,0.751,12.6,34.3,46.9,24.6,8.4,5.4,15.2,22.2,111.8
2014,NBA,Minnesota Timberwolves,MIN,False,82,19855,41.2,87.5,0.471,33.0,64.9,0.508,15.5,20.4,0.756,11.3,33.7,45.0,23.3,8.0,5.7,16.7,24.0,106.2
2014,NBA,New Orleans Pelicans,NOP,False,82,19855,40.1,86.1,0.465,31.5,62.2,0.507,21.5,28.5,0.752,11.6,33.3,44.8,24.2,7.6,6.6,15.5,21.8,110.1
2014,NBA,New York Knicks,NYK,False,82,19855,39.3,85.7,0.458,29.7,60.0,0.496,21.0,27.5,0.765,11.3,34.8,46.1,21.7,6.9,3.7,16.0,21.6,109.1
2014,NBA,Oklahoma City Thunder,OKC,True,82,19805,37.9,86.9,0.436,28.9,61.9,0.468,19.2,26.4,0.727,11.4,31.2,42.6,22.7,8.5,3.8,15.8,21.2,103.9
2014,NBA,Orlando Magic,ORL,False,82,19955,40.2,88.1,0.456,31.7,65.3,0.485,18.6,24.2,0.77,11.0,35.3,46.3,23.7,7.5,5.7,14.7,19.3,107.4
2014,NBA,Philadelphia 76ers,PHI,False,82,19855,40.0,85.0,0.471,31.0,60.7,0.511,20.8,27.6,0.754,11.9,35.0,46.9,26.1,9.0,6.8,17.0,20.6,109.9
2014,NBA,Phoenix Suns,PHO,False,82,19755,39.6,86.8,0.456,32.5,66.1,0.492,20.6,26.8,0.766,11.7,32.8,44.6,21.1,7.8,4.2,16.0,22.2,106.7
2014,NBA,Portland Trail Blazers,POR,True,82,19855,41.4,91.8,0.451,34.6,72.6,0.476,17.8,23.2,0.766,12.0,33.4,45.4,21.3,8.1,3.9,12.5,21.6,107.4
2014,NBA,Sacramento Kings,SAC,False,82,19830,39.8,86.4,0.461,30.9,62.9,0.491,20.2,27.4,0.737,10.4,32.9,43.4,24.7,8.2,5.9,14.3,24.3,108.8
2014,NBA,San Antonio Spurs,SAS,True,82,19755,39.6,89.2,0.444,32.8,70.0,0.469,16.4,21.6,0.76,11.0,33.3,44.3,21.3,8.0,4.8,14.5,20.3,102.4
2014,NBA,Toronto Raptors,TOR,True,82,19955,38.7,86.1,0.45,31.3,65.4,0.478,20.4,27.1,0.752,11.2,32.8,44.0,22.5,7.8,4.6,16.0,23.8,105.3
2014,NBA,Utah Jazz,UTA,False,82,19780,41.7,88.2,0.473,33.7,67.0,0.503,20.0,25.8,0.773,11.2,35.1,46.3,23.7,8.2,5.3,13.7,22.2,111.3
2014,NBA,Washington Wizards,WAS,True,82,20055,39.0,85.2,0.458,31.1,62.5,0.498,18.8,24.5,0.765,10.6,33.8,44.4,23.4,8.1,4.1,16.9,20.5,104.6
2013,NBA,Atlanta Hawks,ATL,True,82,19855,40.1,89.0,0.45,32.0,67.7,0.473,16.1,21.1,0.763,12.1,34.7,46.8,23.8,9.0,4.6,16.3,20.1,104.4
2013,NBA,Boston Celtics,BOS,True,81,19840,38.6,87.5,0.441,31.3,66.3,0.472,18.9,25.5,0.74,12.2,34.3,46.5,23.1,8.4,5.0,16.3,20.8,103.3
2013,NBA,Brooklyn Nets,BRK,True,82,19855,41.8,90.1,0.464,34.7,70.8,0.49,15.6,21.4,0.731,12.0,31.8,43.8,23.9,8.4,5.3,15.0,23.8,106.2
2013,NBA,Charlotte Bobcats,CHA,False,82,19805,42.2,89.6,0.471,32.7,65.1,0.502,17.6,23.6,0.747,12.9,35.0,47.9,27.4,7.5,7.5,15.3,23.1,111.5
2013,NBA,Chicago Bulls,CHI,True,82,19830,39.4,88.9,0.443,33.2,71.2,0.467,18.3,24.7,0.739,12.2,33.4,45.6,20.9,8.1,6.5,15.2,21.8,103.2
2013,NBA,Cleveland Cavaliers,CLE,False,82,19730,41.0,86.0,0.476,32.9,64.4,0.511,19.4,26.2,0.739,11.7,33.8,45.5,25.9,8.2,7.4,16.5,21.3,109.4
2013,NBA,Dallas Mavericks,DAL,False,82,19980,39.2,88.0,0.445,31.0,65.1,0.475,20.0,26.6,0.753,12.6,35.1,47.7,23.1,8.9,4.3,15.4,19.8,106.5
2013,NBA,Denver Nuggets,DEN,True,82,19905,39.6,89.1,0.444,30.9,65.1,0.474,17.2,23.6,0.731,12.9,30.3,43.3,24.6,8.3,7.0,16.6,22.5,105.1
2013,NBA,Detroit Pistons,DET,False,82,19805,40.8,88.8,0.459,32.7,66.4,0.492,18.5,24.3,0.762,12.2,33.5,45.7,24.5,9.2,6.3,15.0,21.7,108.1
2013,NBA,Golden State Warriors,GSW,True,82,19805,39.1,89.2,0.439,30.7,64.9,0.473,18.8,25.1,0.748,11.6,33.3,44.9,24.8,8.6,5.1,14.2,20.2,105.5
2013,NBA,Houston Rockets,HOU,True,82,19780,40.2,88.5,0.454,31.9,65.8,0.484,17.3,22.4,0.776,11.1,32.1,43.1,23.5,8.7,6.3,15.3,21.1,106.1
2013,NBA,Indiana Pacers,IND,True,81,19590,38.0,90.4,0.42,32.0,72.2,0.444,17.9,23.5,0.76,12.3,32.6,45.0,21.1,8.3,6.2,14.9,24.1,99.8
2013,NBA,Los Angeles Clippers,LAC,True,82,19730,37.8,85.4,0.443,29.5,62.9,0.468,19.6,26.1,0.749,11.9,30.9,42.8,24.2,8.1,4.5,17.6,22.8,103.6
2013,NBA,Los Angeles Lakers,LAL,True,82,19755,41.8,92.4,0.453,34.0,70.3,0.483,15.0,20.5,0.732,12.2,32.8,45.0,24.7,9.0,5.1,13.6,24.3,106.6
2013,NBA,Memphis Grizzlies,MEM,True,82,19805,37.7,86.5,0.435,30.7,66.1,0.465,18.1,24.2,0.748,11.6,32.3,43.9,21.9,8.2,6.2,17.4,22.5,100.3
2013,NBA,Miami Heat,MIA,True,82,19880,38.9,88.3,0.44,30.6,64.6,0.473,17.7,23.1,0.766,12.3,31.5,43.8,22.0,8.6,3.5,17.0,22.3,103.7
2013,NBA,Milwaukee Bucks,MIL,True,82,19830,40.3,88.8,0.454,33.5,69.4,0.483,17.9,23.5,0.759,13.0,35.2,48.3,24.2,8.4,4.6,16.7,20.0,105.2
2013,NBA,Minnesota Timberwolves,MIN,False,82,19730,40.8,87.2,0.468,33.2,66.8,0.498,16.3,21.6,0.752,11.4,33.8,45.3,24.0,8.7,6.3,17.1,24.2,105.4
2013,NBA,New Orleans Hornets,NOH,False,82,19780,41.5,88.2,0.471,32.9,65.1,0.505,18.4,24.2,0.759,11.4,32.8,44.2,26.2,8.9,6.7,14.9,21.0,110.1
2013,NBA,New York Knicks,NYK,True,82,19730,39.5,86.2,0.458,30.9,62.0,0.498,18.7,24.7,0.757,11.2,35.1,46.3,21.4,7.1,4.4,16.8,21.4,106.3
2013,NBA,Oklahoma City Thunder,OKC,True,82,19830,38.5,90.4,0.425,30.5,67.6,0.452,17.8,23.0,0.774,12.8,30.5,43.3,21.8,8.7,4.2,15.7,22.0,102.6
2013,NBA,Orlando Magic,ORL,False,82,19780,41.7,90.1,0.463,33.6,67.4,0.498,17.6,23.8,0.738,11.7,34.5,46.2,25.6,7.8,5.7,13.4,17.8,109.1
2013,NBA,Philadelphia 76ers,PHI,False,82,19755,40.3,88.7,0.454,32.9,67.7,0.487,17.8,23.4,0.76,12.1,36.1,48.2,25.0,7.9,5.3,15.7,17.8,105.7
2013,NBA,Phoenix Suns,PHO,False,82,19805,41.3,87.8,0.47,33.9,68.8,0.492,18.2,24.1,0.757,12.4,33.7,46.1,24.3,8.9,5.5,16.3,19.6,108.1
2013,NBA,Portland Trail Blazers,POR,False,82,19855,42.6,90.0,0.474,35.8,69.8,0.512,17.0,22.4,0.761,11.9,34.1,46.0,25.7,9.1,4.7,14.2,20.3,109.2
2013,NBA,Sacramento Kings,SAC,False,82,19830,41.6,88.3,0.472,33.6,65.5,0.512,20.0,25.6,0.783,12.6,33.6,46.2,26.6,8.1,6.7,15.6,21.1,111.4
2013,NBA,San Antonio Spurs,SAS,True,82,19880,39.5,89.2,0.442,32.8,70.4,0.466,16.0,21.0,0.76,11.7,33.0,44.7,22.5,8.7,5.2,15.7,20.1,101.6
2013,NBA,Toronto Raptors,TOR,False,82,19980,39.5,86.3,0.458,32.2,66.2,0.487,21.3,28.5,0.747,11.7,33.8,45.5,23.9,7.7,5.1,15.5,21.9,107.5
2013,NBA,Utah Jazz,UTA,False,82,19880,39.9,87.0,0.458,32.4,66.9,0.485,19.6,25.9,0.757,12.0,32.5,44.4,22.4,8.5,6.4,16.0,22.2,106.8
2013,NBA,Washington Wizards,WAS,False,82,19855,38.6,87.8,0.44,30.9,65.8,0.47,18.1,24.5,0.738,11.8,35.7,47.5,23.2,8.4,4.7,15.6,20.6,103.0
2012,NBA,Atlanta Hawks,ATL,True,66,16165,39.2,88.3,0.444,32.7,69.6,0.47,16.4,21.8,0.753,11.7,34.2,45.9,22.3,8.1,5.2,16.4,20.8,101.2
2012,NBA,Boston Celtics,BOS,True,66,15940,36.8,87.7,0.419,31.0,69.1,0.449,19.0,25.0,0.76,13.0,34.5,47.5,20.5,8.6,5.1,17.2,20.3,98.2
2012,NBA,Charlotte Bobcats,CHA,False,66,15890,42.6,89.7,0.475,35.8,70.8,0.506,18.5,24.6,0.75,12.9,36.4,49.3,25.5,8.3,6.3,14.8,22.2,110.4
2012,NBA,Chicago Bulls,CHI,True,66,15940,38.6,91.5,0.421,33.4,75.7,0.442,16.0,21.6,0.74,12.7,31.9,44.6,21.0,8.3,5.8,14.8,19.7,98.3
2012,NBA,Cleveland Cavaliers,CLE,False,66,15965,41.7,89.4,0.467,34.4,69.1,0.498,18.0,24.1,0.748,12.4,34.1,46.5,25.1,8.6,6.7,15.1,22.7,108.9
2012,NBA,Dallas Mavericks,DAL,True,66,16065,38.3,88.1,0.435,30.6,65.7,0.466,17.8,23.8,0.75,11.8,35.5,47.4,22.1,9.2,4.3,15.9,19.8,102.3
2012,NBA,Denver Nuggets,DEN,True,66,16040,40.4,88.5,0.456,31.3,64.8,0.483,16.3,21.5,0.759,11.6,30.6,42.2,24.3,8.3,7.0,16.3,23.1,106.2
2012,NBA,Detroit Pistons,DET,False,66,15965,40.1,86.7,0.462,33.4,67.9,0.492,19.6,25.6,0.765,11.8,33.4,45.3,25.0,9.5,5.9,16.2,21.6,106.3
2012,NBA,Golden State Warriors,GSW,False,66,15915,40.2,88.7,0.453,32.5,67.8,0.48,21.0,28.2,0.747,14.2,35.2,49.4,24.9,8.1,5.4,16.0,17.9,109.1
2012,NBA,Houston Rockets,HOU,False,66,16065,40.3,88.4,0.456,34.3,69.9,0.491,18.6,24.3,0.766,11.9,33.0,44.9,21.5,8.1,5.5,15.8,19.8,105.2
2012,NBA,Indiana Pacers,IND,True,66,15990,38.1,87.7,0.435,30.8,66.9,0.461,19.5,26.7,0.729,13.1,33.1,46.2,21.4,7.2,6.6,16.3,23.6,103.1
2012,NBA,Los Angeles Clippers,LAC,True,66,15965,38.4,85.9,0.447,30.7,64.7,0.474,21.1,28.3,0.746,12.0,32.3,44.3,23.1,6.7,5.0,16.3,23.6,105.7
2012,NBA,Los Angeles Lakers,LAL,True,66,16065,41.1,94.1,0.437,33.8,73.1,0.463,14.9,20.0,0.742,12.5,32.1,44.6,23.9,9.2,5.0,12.3,22.0,104.4
2012,NBA,Memphis Grizzlies,MEM,True,66,15940,37.8,85.1,0.444,30.9,65.1,0.474,19.3,25.2,0.764,12.1,32.4,44.5,21.1,8.6,6.0,18.7,21.1,101.8
2012,NBA,Miami Heat,MIA,True,66,16040,37.5,86.4,0.434,29.6,64.8,0.457,17.3,23.9,0.725,11.9,31.1,43.0,21.3,9.0,4.6,18.2,22.2,100.2
2012,NBA,Milwaukee Bucks,MIL,False,66,15865,39.5,88.0,0.449,32.5,67.9,0.478,19.1,24.8,0.769,13.1,34.5,47.6,23.1,8.1,4.8,16.9,20.6,105.2
2012,NBA,Minnesota Timberwolves,MIN,False,66,15940,41.5,91.3,0.455,35.0,72.0,0.486,17.1,22.6,0.755,12.4,33.8,46.3,22.9,8.9,6.1,14.1,23.2,106.6
2012,NBA,New Jersey Nets,NJN,False,66,15890,41.9,88.7,0.472,34.7,69.4,0.5,18.5,25.0,0.74,13.1,34.0,47.1,25.8,8.8,5.5,15.8,21.3,109.6
2012,NBA,New Orleans Hornets,NOH,False,66,15940,39.3,88.5,0.444,32.1,65.6,0.489,19.2,25.4,0.759,12.5,32.6,45.0,23.5,8.9,6.5,15.6,21.1,105.1
2012,NBA,New York Knicks,NYK,True,66,15940,37.4,84.7,0.442,30.3,64.6,0.468,18.9,25.7,0.736,11.6,33.0,44.6,20.2,8.7,5.4,18.2,23.2,101.0
2012,NBA,Oklahoma City Thunder,OKC,True,66,15990,38.8,90.8,0.427,32.0,71.0,0.451,18.8,24.5,0.768,13.5,30.5,44.0,21.2,8.7,5.2,15.1,21.3,103.2
2012,NBA,Orlando Magic,ORL,True,66,15965,40.1,89.3,0.449,33.1,69.2,0.478,17.0,22.0,0.772,11.3,34.8,46.1,22.8,8.4,4.6,14.6,22.1,104.1
2012,NBA,Philadelphia 76ers,PHI,True,66,15915,38.1,89.2,0.427,32.1,71.2,0.45,17.1,22.7,0.752,11.9,36.7,48.5,21.7,6.6,5.3,15.4,18.0,99.2
2012,NBA,Phoenix Suns,PHO,False,66,15840,41.0,90.1,0.455,34.5,71.6,0.481,18.0,23.6,0.762,13.1,33.8,46.9,23.2,8.6,4.7,15.2,21.2,106.5
2012,NBA,Portland Trail Blazers,POR,False,66,15965,40.8,88.2,0.463,33.5,68.1,0.492,17.5,23.4,0.747,12.0,34.0,46.0,22.9,8.2,5.2,16.2,21.5,106.4
2012,NBA,Sacramento Kings,SAC,False,66,15915,42.5,89.3,0.476,35.5,69.7,0.51,17.8,23.4,0.762,13.0,34.3,47.3,25.0,8.3,6.7,16.2,20.9,109.8
2012,NBA,San Antonio Spurs,SAS,True,66,15940,40.7,90.1,0.452,34.0,71.2,0.478,15.1,20.0,0.756,11.0,33.0,44.1,20.9,7.9,5.3,14.7,20.2,103.2
2012,NBA,Toronto Raptors,TOR,False,66,15965,37.6,86.4,0.435,30.9,65.8,0.469,22.5,30.2,0.744,11.4,33.6,45.0,22.3,8.1,5.4,14.7,20.4,104.5
2012,NBA,Utah Jazz,UTA,True,66,16165,39.0,86.2,0.453,32.1,65.8,0.488,21.1,28.0,0.754,11.8,32.3,44.1,22.0,8.0,6.1,15.7,22.2,106.1
2012,NBA,Washington Wizards,WAS,False,66,15865,39.6,87.5,0.453,32.6,67.6,0.483,20.1,26.5,0.758,13.3,33.7,47.0,23.2,8.5,4.9,16.4,20.1,106.2
2011,NBA,Atlanta Hawks,ATL,True,82,19730,41.0,89.0,0.46,34.7,70.5,0.492,18.8,24.3,0.774,11.4,33.9,45.3,23.8,7.5,4.7,14.0,20.7,107.0
2011,NBA,Boston Celtics,BOS,True,82,19780,37.2,85.5,0.434,31.2,68.0,0.459,20.1,26.5,0.756,11.6,32.0,43.6,20.6,7.7,4.9,16.9,22.3,100.3
2011,NBA,Charlotte Bobcats,CHA,False,82,19805,40.0,87.8,0.455,32.2,66.0,0.487,20.1,25.8,0.78,10.9,33.1,43.9,24.0,8.1,6.7,14.6,23.4,107.8
2011,NBA,Chicago Bulls,CHI,True,82,19830,37.6,87.4,0.43,31.9,69.9,0.456,19.4,25.4,0.764,11.1,31.1,42.2,20.8,7.6,6.4,15.5,22.0,100.3
2011,NBA,Cleveland Cavaliers,CLE,False,82,19755,42.2,88.8,0.475,33.5,67.8,0.495,18.8,24.7,0.759,11.7,34.9,46.6,25.9,8.1,6.4,14.5,22.8,111.8
2011,NBA,Dallas Mavericks,DAL,True,82,19705,40.0,88.8,0.45,33.2,69.1,0.481,18.3,24.4,0.75,11.7,32.8,44.5,22.5,8.3,4.0,14.9,22.0,105.0
2011,NBA,Denver Nuggets,DEN,True,82,19705,40.2,87.6,0.459,32.8,66.3,0.495,19.6,25.9,0.756,11.0,32.2,43.2,23.2,7.8,6.2,14.4,23.8,107.3
2011,NBA,Detroit Pistons,DET,False,82,19880,42.1,86.7,0.486,35.0,66.9,0.523,20.4,26.6,0.766,11.7,33.4,45.2,25.9,7.7,5.2,15.7,20.9,111.7
2011,NBA,Golden State Warriors,GSW,False,82,19830,40.5,86.7,0.467,33.3,66.4,0.501,22.4,28.9,0.776,13.4,33.5,46.9,25.9,8.6,4.5,16.9,19.3,110.7
2011,NBA,Houston Rockets,HOU,False,82,19880,41.9,89.4,0.468,36.1,73.4,0.492,19.6,25.0,0.781,12.2,32.7,44.9,21.9,7.5,5.8,14.4,22.5,109.0
2011,NBA,Indiana Pacers,IND,True,82,19780,39.3,87.6,0.449,32.8,69.4,0.473,20.7,27.6,0.75,11.9,33.5,45.5,21.4,7.9,6.0,14.6,22.5,106.0
2011,NBA,Los Angeles Clippers,LAC,False,82,19855,39.7,87.1,0.455,32.1,66.3,0.484,21.7,28.2,0.771,11.9,31.4,43.3,23.8,8.6,5.3,14.6,23.6,108.7
2011,NBA,Los Angeles Lakers,LAL,True,82,19830,40.1,91.9,0.437,32.7,69.6,0.469,16.6,21.7,0.765,13.4,32.0,45.4,24.4,7.8,5.0,14.9,22.7,104.3
2011,NBA,Memphis Grizzlies,MEM,True,82,19880,39.0,85.2,0.457,31.3,64.3,0.486,19.5,25.6,0.761,11.9,31.4,43.2,22.6,8.1,6.6,18.0,23.0,105.1
2011,NBA,Miami Heat,MIA,True,82,19780,38.3,88.3,0.434,31.0,67.1,0.462,19.7,26.4,0.744,11.5,31.4,42.9,22.0,7.7,3.3,14.4,23.9,103.5
2011,NBA,Milwaukee Bucks,MIL,False,82,19830,38.2,85.5,0.447,32.3,67.9,0.476,20.2,26.2,0.77,11.3,35.4,46.7,22.3,6.8,5.3,16.8,22.8,102.5
2011,NBA,Minnesota Timberwolves,MIN,False,82,19780,40.6,86.8,0.468,32.6,65.3,0.499,21.8,28.0,0.778,11.5,32.4,43.9,25.5,9.8,5.6,14.9,21.6,111.1
2011,NBA,New Jersey Nets,NJN,False,82,20005,41.0,88.1,0.465,34.2,69.5,0.492,21.2,28.2,0.751,11.3,34.4,45.7,24.3,7.5,5.0,13.5,21.9,109.9
2011,NBA,New Orleans Hornets,NOH,True,82,19830,39.3,86.0,0.457,31.7,64.7,0.49,19.0,24.6,0.77,10.5,33.5,44.0,23.7,6.8,5.4,16.3,22.8,105.2
2011,NBA,New York Knicks,NYK,True,82,19780,41.2,87.2,0.472,34.4,68.9,0.499,20.9,27.5,0.762,12.2,33.6,45.8,21.4,7.4,4.6,15.9,21.6,110.1
2011,NBA,Oklahoma City Thunder,OKC,True,82,20005,40.4,88.3,0.458,34.2,71.0,0.481,20.1,27.1,0.744,12.1,31.0,43.1,22.2,7.6,4.6,14.9,22.9,107.2
2011,NBA,Orlando Magic,ORL,True,82,19830,38.0,87.1,0.436,31.2,67.6,0.461,19.1,25.7,0.743,10.7,32.5,43.2,21.8,8.0,4.1,15.1,23.8,102.0
2011,NBA,Philadelphia 76ers,PHI,True,82,19930,39.4,87.2,0.451,33.2,69.1,0.48,20.2,26.1,0.773,11.6,34.3,45.8,23.1,7.7,4.9,15.3,20.3,105.0
2011,NBA,Phoenix Suns,PHO,False,82,20005,42.1,89.2,0.472,34.6,68.9,0.502,18.8,25.0,0.754,12.5,33.6,46.2,24.0,8.2,4.5,15.1,22.1,110.4
2011,NBA,Portland Trail Blazers,POR,True,82,19805,40.0,85.7,0.467,32.7,65.9,0.497,19.8,25.8,0.767,12.0,32.9,44.8,21.7,7.8,4.7,17.7,24.0,107.1
2011,NBA,Sacramento Kings,SAC,False,82,19855,41.4,86.7,0.478,35.3,69.5,0.508,20.2,26.5,0.762,11.0,31.8,42.9,22.6,8.5,5.9,15.3,21.9,109.0
2011,NBA,San Antonio Spurs,SAS,True,82,19780,41.1,90.2,0.456,34.8,73.0,0.477,17.1,22.3,0.766,11.6,32.8,44.4,22.1,7.5,4.9,14.4,22.4,105.6
2011,NBA,Toronto Raptors,TOR,False,82,19780,42.0,87.1,0.482,34.9,68.3,0.511,21.8,28.4,0.769,11.9,32.1,44.0,24.2,8.2,6.0,14.9,21.2,112.9
2011,NBA,Utah Jazz,UTA,False,82,19880,39.3,85.7,0.459,31.5,64.8,0.486,23.6,30.3,0.778,12.3,32.2,44.4,22.5,8.1,5.4,15.9,23.9,110.1
2011,NBA,Washington Wizards,WAS,False,82,19930,40.7,86.5,0.471,33.5,67.3,0.499,21.5,28.3,0.761,12.8,33.5,46.2,24.4,8.0,5.3,16.6,21.3,110.2
2010,NBA,Atlanta Hawks,ATL,True,82,19855,40.9,88.8,0.46,34.4,70.2,0.491,18.5,24.8,0.745,12.4,33.1,45.5,23.1,6.8,4.8,15.2,21.2,106.7
2010,NBA,Boston Celtics,BOS,True,82,19780,38.1,84.6,0.451,31.9,66.4,0.481,21.3,28.5,0.746,11.5,32.0,43.5,21.0,7.7,5.1,17.0,23.5,103.8
2010,NBA,Charlotte Bobcats,CHA,True,82,19880,39.1,87.3,0.448,31.4,64.7,0.486,17.0,22.8,0.743,11.6,31.8,43.4,22.3,8.2,6.7,16.8,24.1,102.8
2010,NBA,Chicago Bulls,CHI,True,82,19905,39.4,89.2,0.442,31.8,67.4,0.472,18.9,25.4,0.744,11.9,33.5,45.4,22.2,7.5,5.7,14.1,21.3,105.3
2010,NBA,Cleveland Cavaliers,CLE,True,82,19780,39.0,88.1,0.442,32.0,68.0,0.471,19.2,25.3,0.757,10.5,31.4,42.0,22.1,7.2,4.3,13.9,22.7,104.1
2010,NBA,Dallas Mavericks,DAL,True,82,19880,40.6,88.8,0.457,33.7,69.0,0.488,18.3,24.1,0.758,12.0,33.8,45.9,21.7,7.3,4.4,15.6,21.6,106.3
2010,NBA,Denver Nuggets,DEN,True,82,19780,39.5,86.6,0.456,32.8,67.4,0.487,21.7,28.3,0.768,12.2,32.2,44.4,22.1,7.4,5.6,15.8,24.9,107.5
2010,NBA,Detroit Pistons,DET,False,82,19780,40.6,84.6,0.48,32.8,63.8,0.515,22.3,29.1,0.767,11.2,33.2,44.3,26.0,7.5,5.5,16.1,23.3,111.4
2010,NBA,Golden State Warriors,GSW,False,82,19730,41.3,85.3,0.485,34.4,66.9,0.515,22.2,29.0,0.767,13.3,34.4,47.8,24.0,7.8,4.9,17.5,21.3,111.7
2010,NBA,Houston Rockets,HOU,False,82,19905,41.5,87.3,0.475,35.2,70.1,0.503,18.8,24.6,0.764,11.2,33.7,45.0,22.0,7.7,6.8,15.5,23.6,108.0
2010,NBA,Indiana Pacers,IND,False,82,19705,39.1,86.3,0.453,32.7,68.6,0.476,22.3,29.4,0.756,12.2,35.8,48.0,21.3,8.2,5.2,15.4,21.4,106.8
2010,NBA,Los Angeles Clippers,LAC,False,82,19705,42.0,89.4,0.47,35.0,70.2,0.499,19.1,25.1,0.762,11.6,32.8,44.3,25.3,9.0,4.8,13.9,20.9,110.1
2010,NBA,Los Angeles Lakers,LAL,True,82,19830,39.8,89.2,0.446,33.0,68.5,0.481,17.4,23.2,0.75,11.9,33.2,45.1,23.4,7.5,4.7,15.1,22.7,103.7
2010,NBA,Memphis Grizzlies,MEM,False,82,19905,42.2,88.3,0.478,34.9,67.4,0.517,18.1,23.9,0.755,11.7,30.3,42.0,24.2,8.2,6.5,15.0,23.7,109.9
2010,NBA,Miami Heat,MIA,True,82,19880,37.9,86.3,0.439,30.8,65.7,0.469,21.2,28.2,0.754,11.5,33.4,45.0,20.8,7.0,4.8,15.9,22.1,104.1
2010,NBA,Milwaukee Bucks,MIL,True,82,19980,37.6,83.3,0.451,31.9,66.6,0.478,22.2,29.0,0.765,10.3,35.7,46.0,20.7,7.5,5.5,16.4,21.8,103.1
2010,NBA,Minnesota Timberwolves,MIN,False,82,19780,42.2,87.9,0.48,34.4,66.6,0.517,19.4,25.0,0.774,11.6,33.3,44.9,26.6,9.1,5.6,14.8,21.3,111.6
2010,NBA,New Jersey Nets,NJN,False,82,19780,42.1,87.6,0.481,35.9,70.6,0.509,20.1,26.8,0.748,12.3,35.6,47.9,26.0,8.5,5.6,15.3,21.9,110.5
2010,NBA,New Orleans Hornets,NOH,False,82,19830,42.5,87.9,0.483,35.4,68.1,0.52,18.1,24.1,0.751,11.4,33.8,45.2,25.2,7.5,4.8,15.4,20.9,110.1
2010,NBA,New York Knicks,NYK,False,82,19880,43.1,88.7,0.486,36.0,68.5,0.525,18.4,24.4,0.754,12.3,35.0,47.3,22.1,7.5,4.7,15.2,20.2,111.6
2010,NBA,Oklahoma City Thunder,OKC,True,82,19805,39.1,87.5,0.448,32.9,69.1,0.476,20.1,26.3,0.764,12.2,31.2,43.4,21.1,8.0,5.0,16.1,22.8,104.6
2010,NBA,Orlando Magic,ORL,True,82,19730,39.1,89.1,0.438,32.2,70.1,0.459,18.2,24.2,0.754,10.6,32.8,43.4,20.5,7.3,3.8,13.9,24.0,103.3
2010,NBA,Philadelphia 76ers,PHI,False,82,19805,41.1,87.0,0.472,33.1,66.6,0.497,20.1,26.2,0.766,11.8,32.7,44.4,24.0,8.2,4.4,15.7,20.3,110.3
2010,NBA,Phoenix Suns,PHO,True,82,19730,41.3,91.4,0.452,34.1,71.2,0.479,20.5,27.0,0.76,13.8,30.5,44.3,21.7,8.2,4.7,13.6,22.8,110.2
2010,NBA,Portland Trail Blazers,POR,True,82,19855,40.6,87.5,0.464,34.0,68.2,0.499,19.2,25.8,0.745,11.0,32.0,43.0,21.8,6.7,4.6,15.2,24.3,107.1
2010,NBA,Sacramento Kings,SAC,False,82,19880,41.1,87.7,0.469,34.7,69.8,0.497,21.4,27.6,0.774,11.7,32.6,44.3,21.6,7.5,6.0,14.4,21.2,109.9
2010,NBA,San Antonio Spurs,SAS,True,82,19780,40.0,88.6,0.452,34.6,72.7,0.476,19.0,25.1,0.756,10.8,32.1,42.9,20.9,7.5,5.5,13.7,22.1,104.5
2010,NBA,Toronto Raptors,TOR,False,82,19780,41.6,89.0,0.468,33.7,67.3,0.501,21.9,28.0,0.784,12.2,32.0,44.1,24.6,7.6,4.7,13.6,22.6,113.2
2010,NBA,Utah Jazz,UTA,True,82,19755,37.7,83.8,0.449,30.5,63.6,0.48,22.5,29.6,0.762,10.8,30.8,41.6,21.1,8.2,5.8,16.0,23.5,105.0
2010,NBA,Washington Wizards,WAS,False,82,19830,40.7,88.0,0.463,33.7,68.6,0.492,21.0,27.6,0.761,12.3,33.4,45.8,23.4,7.5,5.5,14.7,22.2,109.4
2009,NBA,Atlanta Hawks,ATL,True,82,19705,40.8,89.8,0.454,33.6,69.5,0.484,18.8,24.5,0.769,13.0,33.7,46.7,23.2,7.2,4.8,15.2,22.8,107.6
2009,NBA,Boston Celtics,BOS,True,82,19880,36.9,85.7,0.431,30.1,66.3,0.454,21.7,28.2,0.771,11.1,30.0,41.2,20.7,7.8,5.2,16.0,24.3,102.3
2009,NBA,Charlotte Bobcats,CHA,False,82,19930,39.3,86.6,0.454,31.7,65.8,0.482,19.9,26.3,0.756,12.0,31.5,43.5,21.9,8.5,6.7,16.4,23.4,106.1
2009,NBA,Chicago Bulls,CHI,True,82,19930,40.6,88.8,0.458,34.4,70.7,0.486,21.1,26.9,0.786,13.2,32.2,45.4,22.3,8.0,5.8,15.2,22.1,108.7
2009,NBA,Cleveland Cavaliers,CLE,True,82,19780,37.9,88.1,0.431,31.4,68.3,0.459,20.0,25.9,0.77,12.0,31.6,43.6,21.4,7.1,4.6,15.5,22.8,102.4
2009,NBA,Dallas Mavericks,DAL,True,82,19805,40.7,89.5,0.455,33.8,71.2,0.475,20.2,25.3,0.798,11.7,33.2,45.0,21.3,7.8,4.4,14.1,21.8,108.4
2009,NBA,Denver Nuggets,DEN,True,82,19730,38.3,87.0,0.44,30.5,65.7,0.464,22.5,28.8,0.782,12.8,30.9,43.6,22.7,8.4,5.8,16.3,25.1,106.8
2009,NBA,Detroit Pistons,DET,True,82,19905,40.0,88.7,0.451,33.9,71.6,0.474,22.0,28.3,0.775,12.0,34.1,46.1,23.0,6.4,4.8,13.4,22.4,108.0
2009,NBA,Golden State Warriors,GSW,False,82,19880,41.8,89.4,0.468,34.7,70.6,0.491,22.5,28.8,0.779,14.3,33.1,47.5,24.3,8.0,5.1,15.1,23.7,113.3
2009,NBA,Houston Rockets,HOU,True,82,19805,40.2,90.5,0.444,34.0,73.0,0.465,17.4,23.2,0.749,11.7,32.2,44.0,21.8,7.9,5.8,13.6,22.7,104.0
2009,NBA,Indiana Pacers,IND,False,82,19830,39.4,86.1,0.458,32.3,67.0,0.481,23.3,30.5,0.764,11.4,34.0,45.4,21.7,8.0,5.6,14.4,21.2,109.2
2009,NBA,Los Angeles Clippers,LAC,False,82,19880,42.2,89.2,0.473,35.2,70.5,0.499,20.3,26.7,0.76,12.6,34.8,47.4,25.6,8.5,5.4,14.3,21.1,111.7
2009,NBA,Los Angeles Lakers,LAL,True,82,19780,39.2,87.8,0.447,31.7,65.9,0.481,18.7,24.8,0.753,12.3,31.4,43.7,23.9,8.2,5.0,16.4,23.4,104.7
2009,NBA,Memphis Grizzlies,MEM,False,82,19805,40.6,85.7,0.473,33.4,65.4,0.51,21.2,27.5,0.77,11.3,32.7,44.0,23.3,8.5,6.0,16.1,24.0,109.5
2009,NBA,Miami Heat,MIA,True,82,19955,39.1,85.8,0.455,31.2,65.5,0.476,21.5,27.9,0.771,12.0,33.9,45.9,22.0,7.1,4.5,16.7,21.8,107.6
2009,NBA,Milwaukee Bucks,MIL,False,82,19780,37.4,81.7,0.458,30.0,62.2,0.483,25.7,32.5,0.791,10.9,33.1,44.0,22.7,8.1,4.9,17.7,24.1,107.9
2009,NBA,Minnesota Timberwolves,MIN,False,82,19805,41.1,86.8,0.474,34.0,68.0,0.5,22.1,28.4,0.778,10.8,33.6,44.4,23.4,8.1,6.4,13.6,21.7,111.4
2009,NBA,New Jersey Nets,NJN,False,82,19830,39.8,86.0,0.462,31.7,65.3,0.485,23.4,30.7,0.762,11.7,34.0,45.7,24.1,7.6,5.3,14.8,22.6,111.0
2009,NBA,New Orleans Hornets,NOH,True,82,19755,39.4,87.6,0.45,31.5,65.1,0.484,20.1,26.0,0.773,11.4,34.0,45.4,22.8,6.6,4.0,15.1,23.2,107.0
2009,NBA,New York Knicks,NYK,False,82,19805,42.3,88.2,0.48,35.2,67.9,0.518,19.0,25.0,0.758,12.0,35.4,47.4,22.2,8.2,5.5,14.9,20.0,110.8
2009,NBA,Oklahoma City Thunder,OKC,False,82,19805,41.8,88.0,0.475,35.0,69.4,0.505,19.0,25.0,0.761,11.4,32.3,43.8,22.9,9.0,5.3,14.8,21.4,109.4
2009,NBA,Orlando Magic,ORL,True,82,19730,38.7,89.4,0.433,32.8,72.3,0.454,18.7,24.8,0.755,11.4,34.1,45.5,19.6,7.4,4.1,14.1,24.2,101.9
2009,NBA,Philadelphia 76ers,PHI,True,82,19755,40.5,87.6,0.462,32.6,66.1,0.493,18.9,24.2,0.782,12.6,30.9,43.5,24.3,7.8,5.4,17.3,24.1,107.8
2009,NBA,Phoenix Suns,PHO,False,82,19755,41.5,88.9,0.467,33.6,68.2,0.492,20.7,26.7,0.775,12.6,29.8,42.3,22.0,8.9,4.7,14.7,23.8,111.6
2009,NBA,Portland Trail Blazers,POR,True,82,19830,40.5,88.0,0.46,33.7,69.9,0.482,20.0,24.9,0.803,11.0,30.6,41.6,22.2,7.2,4.5,15.1,24.2,107.8
2009,NBA,Sacramento Kings,SAC,False,82,19905,42.0,86.9,0.483,34.6,68.6,0.504,23.3,30.9,0.756,13.0,33.2,46.2,23.0,9.0,5.4,15.1,22.2,114.7
2009,NBA,San Antonio Spurs,SAS,True,82,19905,40.5,89.6,0.453,34.5,73.5,0.469,17.1,22.3,0.769,10.2,35.1,45.2,20.2,7.2,4.8,13.1,20.6,104.3
2009,NBA,Toronto Raptors,TOR,False,82,19805,41.8,89.9,0.465,33.5,67.3,0.498,18.2,23.2,0.784,11.8,33.4,45.2,24.9,6.9,5.1,14.4,21.7,110.0
2009,NBA,Utah Jazz,UTA,True,82,19880,39.1,84.4,0.464,32.2,65.2,0.494,22.1,28.9,0.763,11.8,31.0,42.8,21.3,8.5,5.5,17.1,25.6,107.3
2009,NBA,Washington Wizards,WAS,False,82,19705,42.4,87.9,0.482,33.3,64.6,0.516,19.9,26.2,0.759,12.5,33.3,45.8,27.0,7.9,5.8,15.3,21.9,113.6
2008,NBA,Atlanta Hawks,ATL,True,82,19855,41.3,89.4,0.463,34.6,70.6,0.489,19.4,25.8,0.752,12.8,31.7,44.5,24.2,8.2,5.6,14.9,23.8,108.9
2008,NBA,Boston Celtics,BOS,True,82,19755,35.5,84.7,0.419,29.0,64.2,0.452,21.4,28.9,0.743,12.0,30.6,42.6,20.6,7.9,5.2,17.5,24.3,98.9
2008,NBA,Charlotte Bobcats,CHA,False,82,19880,41.0,87.9,0.466,34.2,68.7,0.497,20.7,27.6,0.747,13.1,34.0,47.2,23.5,8.2,6.3,15.5,22.6,109.4
2008,NBA,Chicago Bulls,CHI,False,82,19805,38.8,85.7,0.453,31.4,65.9,0.476,22.1,28.9,0.766,11.9,33.6,45.5,23.4,8.4,6.1,16.3,22.7,107.2
2008,NBA,Cleveland Cavaliers,CLE,True,82,19855,39.4,86.6,0.455,32.6,67.6,0.482,20.8,27.8,0.748,10.9,33.5,44.4,23.1,7.5,5.2,14.6,22.3,106.4
2008,NBA,Dallas Mavericks,DAL,True,82,19730,39.2,88.4,0.443,33.7,72.6,0.463,22.2,29.3,0.76,11.9,32.6,44.5,20.9,7.2,4.8,13.5,23.5,106.1
2008,NBA,Denver Nuggets,DEN,True,82,19855,40.4,88.5,0.457,32.9,67.8,0.485,17.9,24.6,0.73,12.6,32.5,45.1,25.5,7.8,4.8,16.3,23.6,106.3
2008,NBA,Detroit Pistons,DET,True,82,19730,38.0,86.9,0.437,32.3,69.7,0.463,21.2,28.5,0.744,12.1,32.7,44.7,21.8,6.6,4.4,15.4,22.5,102.9
2008,NBA,Golden State Warriors,GSW,False,82,19780,40.2,85.9,0.468,33.2,66.8,0.496,22.2,29.2,0.759,12.9,34.4,47.3,23.8,7.0,5.1,17.0,21.3,109.5
2008,NBA,Houston Rockets,HOU,True,82,19730,38.4,88.8,0.433,32.6,72.8,0.447,19.0,25.7,0.737,12.0,32.9,44.9,20.8,8.4,5.1,14.7,21.7,101.6
2008,NBA,Indiana Pacers,IND,False,82,19755,38.5,84.8,0.454,30.9,65.2,0.474,23.0,30.4,0.757,11.6,34.8,46.4,22.6,8.2,5.2,16.1,22.2,107.5
2008,NBA,Los Angeles Clippers,LAC,False,82,19805,41.0,87.8,0.467,34.6,69.5,0.498,20.7,27.6,0.751,12.1,35.0,47.0,24.1,7.8,5.1,14.6,23.3,109.1
2008,NBA,Los Angeles Lakers,LAL,True,82,19780,39.7,89.1,0.445,32.7,69.7,0.469,19.1,25.3,0.752,12.5,32.0,44.5,22.8,8.0,4.7,14.8,23.5,105.5
2008,NBA,Memphis Grizzlies,MEM,False,82,19805,43.2,90.0,0.48,35.6,69.3,0.514,17.6,22.8,0.774,11.8,34.6,46.4,25.0,9.0,5.1,13.9,23.4,111.4
2008,NBA,Miami Heat,MIA,False,82,19830,40.6,86.9,0.468,33.2,66.8,0.497,21.3,28.2,0.755,12.3,35.1,47.4,24.4,8.5,4.6,15.6,22.1,110.0
2008,NBA,Milwaukee Bucks,MIL,False,82,19855,41.6,86.8,0.48,33.9,66.6,0.509,21.7,28.3,0.766,11.5,32.6,44.1,25.3,8.6,5.3,14.9,22.9,112.8
2008,NBA,Minnesota Timberwolves,MIN,False,82,19730,40.5,85.8,0.472,33.3,65.7,0.507,23.1,30.0,0.769,11.5,33.7,45.2,25.1,8.1,6.2,14.6,19.0,111.2
2008,NBA,New Jersey Nets,NJN,False,82,19830,39.5,86.6,0.456,32.4,67.4,0.48,23.5,30.6,0.768,11.9,33.3,45.2,23.9,8.8,4.8,14.5,24.3,109.4
2008,NBA,New Orleans Hornets,NOH,True,82,19805,41.0,89.0,0.46,33.6,68.1,0.494,16.4,21.3,0.771,11.0,34.1,45.1,24.0,6.3,4.5,15.3,21.2,105.7
2008,NBA,New York Knicks,NYK,False,82,19880,41.9,88.4,0.474,34.2,67.4,0.507,20.2,27.4,0.739,12.2,33.9,46.1,23.4,8.2,5.7,13.8,21.9,111.9
2008,NBA,Orlando Magic,ORL,True,82,19780,39.7,89.1,0.446,33.0,70.4,0.469,19.3,25.7,0.754,11.7,32.7,44.4,22.9,7.6,4.5,14.0,24.7,105.5
2008,NBA,Philadelphia 76ers,PHI,True,82,19755,40.3,87.4,0.461,32.8,66.6,0.493,17.9,23.2,0.772,12.4,30.8,43.2,25.6,7.4,5.6,17.3,22.9,106.0
2008,NBA,Phoenix Suns,PHO,True,82,19780,42.3,92.7,0.456,36.4,76.0,0.479,17.7,23.6,0.749,13.8,31.4,45.2,20.2,7.5,3.9,13.8,21.7,108.1
2008,NBA,Portland Trail Blazers,POR,False,82,19905,40.9,90.7,0.451,33.6,70.2,0.479,19.2,25.1,0.766,13.1,33.8,46.9,23.5,6.7,4.1,14.1,22.7,108.4
2008,NBA,Sacramento Kings,SAC,False,82,19830,40.1,86.1,0.466,32.5,65.6,0.495,22.0,29.2,0.753,12.4,31.5,43.9,24.0,8.5,5.8,16.0,24.2,109.9
2008,NBA,San Antonio Spurs,SAS,True,82,19730,39.2,88.1,0.444,33.4,71.3,0.468,17.7,23.4,0.756,10.6,34.6,45.3,20.4,7.8,4.9,14.5,22.3,101.8
2008,NBA,Seattle SuperSonics,SEA,False,82,19830,41.3,89.6,0.461,33.7,69.8,0.482,19.3,25.7,0.749,12.1,33.4,45.4,25.1,8.9,5.5,13.6,20.2,109.5
2008,NBA,Toronto Raptors,TOR,True,82,19830,40.3,88.1,0.458,32.0,65.5,0.489,18.0,23.2,0.776,11.1,34.6,45.8,24.1,6.3,4.5,15.4,20.2,107.0
2008,NBA,Utah Jazz,UTA,True,82,19705,37.8,82.1,0.461,31.2,63.6,0.491,24.1,32.3,0.749,11.0,29.5,40.5,21.3,8.1,5.5,17.1,24.7,106.5
2008,NBA,Washington Wizards,WAS,True,82,19905,40.6,88.1,0.461,31.4,64.3,0.489,19.1,25.3,0.754,12.1,33.4,45.5,26.4,7.1,4.9,15.5,22.3,109.6
2007,NBA,Atlanta Hawks,ATL,False,82,19880,39.6,85.0,0.466,33.4,68.4,0.488,22.8,31.1,0.734,12.7,31.8,44.5,23.2,8.0,5.6,16.7,24.9,108.3
2007,NBA,Boston Celtics,BOS,False,82,19855,39.0,83.2,0.468,33.3,67.3,0.495,23.3,31.2,0.747,11.1,32.5,43.7,23.8,7.9,5.9,16.4,23.1,106.9
2007,NBA,Charlotte Bobcats,CHA,False,82,20005,39.1,84.1,0.465,33.2,67.9,0.489,23.5,31.3,0.75,12.1,33.4,45.5,22.4,7.9,5.7,16.9,23.3,107.6
2007,NBA,Chicago Bulls,CHI,True,82,19780,36.2,83.1,0.435,29.9,65.2,0.459,21.0,28.8,0.73,11.6,31.8,43.4,21.7,8.0,5.6,18.5,24.6,99.6
2007,NBA,Cleveland Cavaliers,CLE,True,82,19880,37.7,84.3,0.448,32.3,67.9,0.476,20.5,27.9,0.734,10.7,32.7,43.4,21.9,7.2,4.6,16.7,24.0,101.3
2007,NBA,Dallas Mavericks,DAL,True,82,19755,37.9,84.7,0.447,32.8,70.1,0.467,22.4,30.1,0.746,11.4,31.0,42.4,20.0,7.7,4.2,16.1,24.6,103.2
2007,NBA,Denver Nuggets,DEN,True,82,19780,40.6,88.3,0.46,33.7,68.7,0.49,17.9,24.2,0.739,12.5,30.6,43.2,25.0,8.5,5.3,16.7,24.2,105.9
2007,NBA,Detroit Pistons,DET,True,82,19880,39.0,87.7,0.445,33.3,71.0,0.47,20.5,27.7,0.74,13.5,33.2,46.7,22.8,7.2,4.0,16.7,23.1,104.2
2007,NBA,Golden State Warriors,GSW,True,82,19755,38.9,84.2,0.462,31.4,63.8,0.492,22.2,29.6,0.75,13.2,33.5,46.6,24.8,8.3,4.9,18.7,22.4,107.4
2007,NBA,Houston Rockets,HOU,True,82,19855,37.2,86.7,0.429,30.9,68.7,0.45,19.9,26.7,0.749,10.7,34.0,44.6,21.2,7.6,4.7,15.5,21.7,100.7
2007,NBA,Indiana Pacers,IND,False,82,19780,38.5,84.2,0.457,32.7,68.8,0.476,22.8,30.3,0.753,12.0,32.8,44.8,21.6,8.5,5.4,16.9,25.5,105.5
2007,NBA,Los Angeles Clippers,LAC,False,82,19730,39.0,86.3,0.452,32.9,68.3,0.482,21.5,28.7,0.748,11.3,31.9,43.2,23.1,7.8,4.3,15.2,24.5,105.6
2007,NBA,Los Angeles Lakers,LAL,True,82,20030,39.7,86.1,0.461,33.0,67.3,0.49,22.6,29.7,0.76,12.2,32.1,44.4,23.0,8.3,5.2,15.5,24.5,108.6
2007,NBA,Memphis Grizzlies,MEM,False,82,19980,42.2,86.8,0.486,34.8,67.8,0.513,20.6,27.1,0.759,12.4,31.9,44.2,26.5,8.7,5.8,16.1,25.6,112.3
2007,NBA,Miami Heat,MIA,True,82,19855,38.9,87.6,0.444,31.8,67.5,0.471,20.3,27.4,0.742,12.4,33.2,45.5,22.3,7.6,4.2,15.9,24.1,105.3
2007,NBA,Milwaukee Bucks,MIL,False,82,19855,41.9,87.4,0.48,34.5,67.2,0.513,20.5,27.6,0.742,13.9,32.3,46.2,27.2,8.1,5.7,16.8,22.5,111.7
2007,NBA,Minnesota Timberwolves,MIN,False,82,20005,40.6,88.2,0.46,33.7,68.6,0.492,19.9,26.2,0.76,12.6,32.2,44.8,23.5,7.7,4.7,15.3,22.1,107.9
2007,NBA,New Jersey Nets,NJN,True,82,19880,38.5,85.6,0.45,31.6,66.3,0.476,22.8,29.9,0.762,11.5,33.4,44.8,23.9,7.7,4.9,15.7,24.9,106.6
2007,NBA,New Orleans/Oklahoma City Hornets,NOK,False,82,19880,40.2,88.0,0.457,32.7,67.0,0.489,18.7,24.6,0.759,11.4,33.4,44.8,22.8,7.4,5.2,15.0,23.2,106.5
2007,NBA,New York Knicks,NYK,False,82,20005,39.9,86.8,0.46,32.4,66.7,0.485,21.3,28.2,0.756,11.7,30.4,42.1,23.1,8.1,5.4,14.8,24.8,108.8
2007,NBA,Orlando Magic,ORL,True,82,19780,37.0,83.6,0.442,30.8,66.0,0.466,23.9,31.4,0.76,11.7,29.9,41.6,21.7,9.2,5.1,16.6,25.9,104.1
2007,NBA,Philadelphia 76ers,PHI,False,82,19880,40.4,87.4,0.463,33.8,68.5,0.493,19.3,25.6,0.754,12.9,32.0,44.9,24.3,8.1,4.3,17.0,24.0,106.9
2007,NBA,Phoenix Suns,PHO,True,82,19905,40.8,89.3,0.457,34.5,71.9,0.48,18.4,24.0,0.767,12.7,31.6,44.3,19.5,7.1,3.8,15.7,22.2,106.4
2007,NBA,Portland Trail Blazers,POR,False,82,19955,40.3,85.7,0.471,34.0,68.1,0.499,22.8,29.4,0.778,11.6,32.0,43.5,23.2,7.3,5.2,15.3,23.8,109.9
2007,NBA,Sacramento Kings,SAC,False,82,19805,40.2,85.3,0.472,33.1,65.8,0.503,20.5,27.0,0.757,11.6,33.9,45.5,23.5,7.3,5.2,17.1,25.4,108.0
2007,NBA,San Antonio Spurs,SAS,True,82,19780,38.7,87.4,0.443,33.7,72.5,0.465,17.6,23.7,0.74,11.2,32.2,43.4,19.1,7.8,4.6,15.9,23.5,99.9
2007,NBA,Seattle SuperSonics,SEA,False,82,19830,41.2,86.6,0.476,34.4,67.6,0.508,21.0,28.0,0.751,12.6,31.7,44.3,24.6,7.8,4.5,16.3,21.6,110.3
2007,NBA,Toronto Raptors,TOR,True,82,19755,40.0,86.5,0.463,33.0,67.0,0.494,18.9,25.1,0.754,11.1,34.7,45.8,22.9,6.4,4.2,16.3,23.4,106.0
2007,NBA,Utah Jazz,UTA,True,82,19805,37.3,81.9,0.455,30.6,63.1,0.485,25.7,33.5,0.767,10.8,29.4,40.2,20.5,8.2,5.8,16.3,26.6,107.0
2007,NBA,Washington Wizards,WAS,True,82,19830,40.7,86.2,0.473,33.0,65.8,0.502,21.5,27.6,0.777,12.5,32.8,45.3,25.0,6.7,4.9,16.6,24.8,110.6
2006,NBA,Atlanta Hawks,ATL,False,82,19880,41.1,85.9,0.478,35.1,69.8,0.503,23.6,31.7,0.745,13.1,31.2,44.3,22.5,8.0,5.6,16.4,24.8,111.6
2006,NBA,Boston Celtics,BOS,False,82,19880,38.6,84.6,0.456,32.7,68.1,0.481,23.9,32.2,0.743,11.9,31.0,42.9,23.1,9.0,5.3,15.8,24.1,106.9
2006,NBA,Charlotte Bobcats,CHA,False,82,19905,39.6,82.7,0.478,33.6,66.1,0.509,21.7,29.5,0.737,12.1,34.4,46.5,24.3,7.4,5.7,18.9,24.9,106.7
2006,NBA,Chicago Bulls,CHI,True,82,19905,36.0,84.5,0.426,29.5,66.0,0.447,24.9,32.1,0.777,11.4,33.0,44.4,21.4,7.9,5.4,15.9,24.4,103.4
2006,NBA,Cleveland Cavaliers,CLE,True,82,19830,39.7,87.3,0.455,33.6,69.9,0.48,19.7,26.5,0.742,10.9,32.6,43.5,22.5,7.3,4.8,14.5,24.8,105.4
2006,NBA,Dallas Mavericks,DAL,True,82,19880,38.5,86.9,0.443,33.0,71.5,0.461,22.4,29.8,0.752,12.9,30.4,43.2,19.7,7.4,5.5,15.8,26.9,105.0
2006,NBA,Denver Nuggets,DEN,True,82,19930,39.4,86.7,0.454,32.6,67.7,0.481,19.7,26.8,0.736,12.4,31.7,44.0,25.1,7.5,5.6,17.0,24.5,105.2
2006,NBA,Detroit Pistons,DET,True,82,19830,40.7,90.0,0.452,36.1,75.9,0.476,17.2,23.4,0.736,13.3,33.5,46.7,21.5,6.7,4.0,16.0,24.1,103.1
2006,NBA,Golden State Warriors,GSW,False,82,19830,39.5,86.6,0.457,33.4,69.3,0.483,21.1,28.4,0.743,12.8,34.5,47.3,23.7,7.5,5.3,16.3,24.9,106.2
2006,NBA,Houston Rockets,HOU,False,82,19830,37.2,86.8,0.429,29.8,66.6,0.447,21.4,29.4,0.731,12.0,34.1,46.1,22.6,8.0,5.1,15.0,23.6,103.3
2006,NBA,Indiana Pacers,IND,True,82,19730,38.4,88.2,0.435,33.4,73.5,0.454,20.5,27.9,0.733,13.1,32.8,45.9,20.6,9.0,5.4,15.1,24.4,102.4
2006,NBA,Los Angeles Clippers,LAC,True,82,19805,38.1,87.7,0.435,31.9,69.6,0.458,21.0,28.7,0.732,11.3,32.1,43.5,23.3,7.5,4.7,13.9,23.5,103.6
2006,NBA,Los Angeles Lakers,LAL,True,82,19855,39.2,87.1,0.45,32.9,69.2,0.475,21.1,28.2,0.747,11.9,31.9,43.8,23.0,7.1,4.7,15.4,25.6,105.7
2006,NBA,Memphis Grizzlies,MEM,True,82,19855,37.7,86.5,0.436,32.0,69.3,0.461,20.5,27.2,0.754,13.0,33.7,46.7,22.5,8.4,6.4,17.0,26.2,101.6
2006,NBA,Miami Heat,MIA,True,82,19755,38.1,86.6,0.44,31.6,68.6,0.461,21.8,29.5,0.739,11.0,31.3,42.3,21.2,7.4,4.0,14.1,25.7,104.5
2006,NBA,Milwaukee Bucks,MIL,True,82,19855,39.4,84.6,0.466,32.9,66.2,0.497,22.1,29.6,0.747,11.0,32.8,43.8,24.5,8.0,5.5,15.7,25.7,107.4
2006,NBA,Minnesota Timberwolves,MIN,False,82,19855,38.8,88.2,0.441,32.7,71.4,0.459,20.8,28.2,0.736,13.3,32.8,46.1,21.2,7.3,5.1,15.5,23.6,104.5
2006,NBA,New Jersey Nets,NJN,True,82,19780,36.9,84.0,0.439,30.6,66.0,0.464,22.3,30.1,0.741,10.6,35.1,45.7,22.2,8.0,4.4,15.9,25.5,102.4
2006,NBA,New Orleans/Oklahoma City Hornets,NOK,False,82,19805,39.3,85.6,0.459,31.8,65.4,0.487,20.8,27.4,0.76,11.7,34.0,45.7,21.6,7.2,5.9,16.3,26.0,106.8
2006,NBA,New York Knicks,NYK,False,82,19930,39.4,84.4,0.467,31.9,64.5,0.494,24.8,32.9,0.753,11.7,30.2,42.0,23.1,8.9,5.8,15.3,27.6,111.0
2006,NBA,Orlando Magic,ORL,False,82,19905,39.2,86.4,0.454,32.9,68.8,0.478,22.8,31.2,0.732,12.4,30.6,43.0,22.4,8.4,5.3,15.0,25.9,107.5
2006,NBA,Philadelphia 76ers,PHI,False,82,19905,40.3,87.1,0.463,33.9,68.7,0.493,20.9,27.5,0.762,12.7,33.0,45.6,24.5,8.2,5.0,16.5,24.7,108.1
2006,NBA,Phoenix Suns,PHO,True,82,19955,40.7,89.6,0.454,34.2,71.8,0.477,17.9,24.5,0.731,12.9,34.3,47.2,19.4,7.4,3.5,15.3,20.4,105.8
2006,NBA,Portland Trail Blazers,POR,False,82,19730,42.1,89.8,0.468,35.2,71.7,0.491,20.8,27.4,0.76,14.3,33.9,48.2,24.1,8.2,5.6,14.7,23.7,111.9
2006,NBA,Sacramento Kings,SAC,True,82,19830,40.2,88.5,0.454,34.1,71.2,0.479,18.6,24.9,0.747,12.5,32.9,45.5,22.8,8.6,5.3,15.8,24.8,105.0
2006,NBA,San Antonio Spurs,SAS,True,82,19805,38.1,87.9,0.433,34.0,75.8,0.449,19.4,26.2,0.74,12.1,33.1,45.2,18.3,8.2,4.7,15.6,23.4,99.6
2006,NBA,Seattle SuperSonics,SEA,False,82,19830,42.3,87.1,0.485,35.1,68.0,0.516,22.6,29.8,0.76,13.2,30.6,43.8,26.1,7.9,5.3,15.8,24.0,114.4
2006,NBA,Toronto Raptors,TOR,False,82,19955,41.8,85.2,0.491,35.1,67.2,0.522,22.4,29.9,0.748,11.0,33.5,44.6,25.6,6.8,4.7,15.4,24.2,112.7
2006,NBA,Utah Jazz,UTA,False,82,19880,37.5,83.5,0.449,30.8,65.7,0.469,25.3,33.9,0.746,12.0,30.7,42.7,20.8,9.1,6.4,16.0,28.9,107.0
2006,NBA,Washington Wizards,WAS,True,82,19830,39.5,85.0,0.465,33.0,66.9,0.493,21.7,29.1,0.745,12.6,32.5,45.1,23.2,7.0,4.5,17.4,27.2,107.3
2005,NBA,Atlanta Hawks,ATL,False,82,19855,40.3,84.5,0.476,34.1,68.2,0.5,24.4,31.7,0.77,11.9,32.8,44.8,23.8,9.5,6.4,16.0,23.5,111.1
2005,NBA,Boston Celtics,BOS,True,82,19880,38.3,86.2,0.444,32.0,68.5,0.467,23.6,31.4,0.753,13.4,31.4,44.9,24.1,9.2,5.2,16.5,25.1,106.6
2005,NBA,Charlotte Bobcats,CHA,False,82,19880,39.4,85.1,0.463,33.7,69.1,0.487,22.9,29.8,0.767,12.5,33.8,46.4,23.1,8.2,5.8,17.0,24.3,107.5
2005,NBA,Chicago Bulls,CHI,True,82,19830,36.2,85.7,0.422,30.7,69.4,0.443,22.5,30.2,0.744,12.8,33.0,45.9,22.5,9.0,5.7,16.7,25.1,100.3
2005,NBA,Cleveland Cavaliers,CLE,False,82,19855,39.2,86.8,0.452,33.6,71.7,0.468,21.6,28.8,0.75,12.6,31.3,43.9,23.4,7.4,5.6,16.3,23.8,105.7
2005,NBA,Dallas Mavericks,DAL,True,82,19730,38.6,88.1,0.438,32.7,70.1,0.466,21.0,27.9,0.754,14.1,32.4,46.4,22.5,7.7,5.2,16.8,24.9,104.1
2005,NBA,Denver Nuggets,DEN,True,82,19755,38.3,85.8,0.447,32.3,68.4,0.472,21.2,28.4,0.746,12.7,31.7,44.4,23.1,8.3,5.9,17.4,25.5,103.9
2005,NBA,Detroit Pistons,DET,True,82,19955,38.5,89.6,0.43,32.8,72.9,0.451,18.5,24.7,0.751,12.8,32.0,44.8,22.3,8.4,5.1,15.7,25.5,101.2
2005,NBA,Golden State Warriors,GSW,False,82,19905,40.5,88.4,0.458,34.7,72.4,0.479,20.1,27.0,0.745,13.7,35.8,49.5,24.0,7.4,5.4,16.3,23.0,106.9
2005,NBA,Houston Rockets,HOU,True,82,19855,37.0,87.5,0.423,30.9,69.2,0.446,21.4,28.8,0.742,12.1,33.3,45.4,23.1,8.3,4.6,14.8,24.1,101.7
2005,NBA,Indiana Pacers,IND,True,82,19905,38.3,86.9,0.44,32.9,72.1,0.456,22.6,30.5,0.743,13.4,33.4,46.9,21.3,7.6,5.5,15.8,26.0,104.6
2005,NBA,Los Angeles Clippers,LAC,False,82,20030,39.5,89.0,0.444,32.9,71.3,0.462,20.9,27.4,0.762,13.3,30.3,43.6,23.3,8.6,5.3,15.1,26.0,106.4
2005,NBA,Los Angeles Lakers,LAL,False,82,19780,42.0,92.5,0.453,34.6,72.2,0.479,20.1,25.8,0.78,13.7,32.8,46.4,26.7,8.4,5.6,12.9,24.2,111.4
2005,NBA,Memphis Grizzlies,MEM,True,82,19705,37.0,85.6,0.432,31.1,68.8,0.452,23.1,30.0,0.771,13.7,32.9,46.5,22.5,8.4,6.6,17.9,25.5,102.9
2005,NBA,Miami Heat,MIA,True,82,19980,37.9,88.7,0.427,32.1,71.9,0.446,21.4,28.2,0.76,12.2,31.7,43.9,21.4,8.1,3.5,14.4,26.7,103.1
2005,NBA,Milwaukee Bucks,MIL,False,82,19780,41.4,89.3,0.464,35.2,71.2,0.494,20.8,27.0,0.771,12.5,32.3,44.7,26.1,8.2,4.9,14.3,26.1,109.8
2005,NBA,Minnesota Timberwolves,MIN,False,82,19755,40.5,92.4,0.438,34.1,74.8,0.456,19.3,25.6,0.752,14.1,32.2,46.2,24.3,7.4,4.4,13.1,22.2,106.6
2005,NBA,New Jersey Nets,NJN,True,82,19905,36.7,83.5,0.439,30.1,65.6,0.459,23.2,31.2,0.744,11.8,33.9,45.7,22.5,8.1,5.4,17.4,25.5,103.1
2005,NBA,New Orleans Hornets,NOH,False,82,19930,39.2,86.6,0.452,32.4,68.1,0.475,22.6,29.2,0.775,13.0,34.2,47.2,24.0,8.7,6.2,16.1,23.8,107.7
2005,NBA,New York Knicks,NYK,False,82,19880,40.0,85.9,0.465,33.8,68.9,0.49,22.8,30.1,0.756,12.9,32.6,45.5,22.6,8.0,5.2,15.9,23.1,108.9
2005,NBA,Orlando Magic,ORL,False,82,19705,39.6,87.8,0.451,33.9,71.2,0.477,22.4,29.6,0.754,13.2,31.2,44.4,22.5,9.0,4.6,15.3,24.7,107.3
2005,NBA,Philadelphia 76ers,PHI,True,82,19855,37.3,84.3,0.443,30.1,64.4,0.468,22.5,29.3,0.767,12.1,33.9,46.0,23.9,8.7,4.9,17.7,24.6,104.3
2005,NBA,Phoenix Suns,PHO,True,82,19780,42.1,94.7,0.445,35.8,76.0,0.472,16.7,22.5,0.744,15.6,32.3,47.9,22.0,7.9,4.3,14.3,22.1,107.1
2005,NBA,Portland Trail Blazers,POR,False,82,19730,41.4,92.7,0.447,35.4,75.3,0.471,18.9,25.1,0.755,15.6,31.3,46.9,26.0,9.5,5.6,14.9,22.6,107.7
2005,NBA,Sacramento Kings,SAC,True,82,19855,41.4,90.2,0.459,35.3,73.1,0.483,19.3,26.1,0.738,14.3,32.9,47.2,22.9,8.1,4.7,15.6,22.9,108.2
2005,NBA,San Antonio Spurs,SAS,True,82,19805,37.0,86.7,0.426,32.6,74.7,0.436,20.5,26.6,0.768,12.2,32.7,44.9,18.9,8.1,5.7,16.9,25.8,98.8
2005,NBA,Seattle SuperSonics,SEA,True,82,19755,40.5,88.2,0.459,34.0,70.0,0.486,22.0,29.4,0.749,12.9,30.1,42.9,23.5,7.0,5.4,15.0,26.9,109.6
2005,NBA,Toronto Raptors,TOR,False,82,19805,41.0,87.7,0.467,35.3,71.7,0.492,21.0,28.3,0.744,13.0,35.6,48.5,23.7,6.6,4.7,15.5,23.5,108.7
2005,NBA,Utah Jazz,UTA,False,82,19780,37.5,81.9,0.458,30.8,64.1,0.481,27.8,36.4,0.764,11.8,30.6,42.4,21.9,8.9,6.5,16.2,28.3,109.5
2005,NBA,Washington Wizards,WAS,True,82,19780,40.3,87.8,0.459,33.5,69.1,0.485,20.1,26.5,0.762,13.2,32.6,45.9,24.5,7.6,5.4,17.0,25.9,107.5
2004,NBA,Atlanta Hawks,ATL,False,82,19905,39.4,89.5,0.44,33.0,71.6,0.461,20.9,27.5,0.76,13.9,33.0,46.9,23.9,9.7,5.5,15.3,22.6,106.1
2004,NBA,Boston Celtics,BOS,True,82,19705,37.8,86.6,0.437,30.6,66.6,0.459,20.7,28.2,0.736,14.0,33.0,47.0,24.6,9.4,5.3,18.4,23.8,103.7
2004,NBA,Chicago Bulls,CHI,False,82,19830,37.8,86.8,0.436,32.1,70.6,0.454,22.0,29.4,0.748,13.3,35.2,48.5,24.8,9.1,5.9,16.4,22.1,103.4
2004,NBA,Cleveland Cavaliers,CLE,False,82,19855,39.3,89.9,0.437,33.6,74.5,0.451,19.8,26.5,0.749,12.9,32.9,45.9,23.7,8.4,5.8,14.3,22.0,104.2
2004,NBA,Dallas Mavericks,DAL,True,82,19805,40.7,88.7,0.459,33.8,69.6,0.486,19.0,25.5,0.746,13.1,33.3,46.4,25.2,7.6,5.0,16.1,22.0,107.4
2004,NBA,Denver Nuggets,DEN,True,82,19730,39.3,86.8,0.453,34.4,73.1,0.471,19.2,26.3,0.728,13.8,32.1,45.9,25.2,8.7,6.2,18.2,24.7,102.7
2004,NBA,Detroit Pistons,DET,True,82,19780,36.4,88.1,0.413,31.4,71.8,0.438,17.8,23.9,0.744,13.5,32.5,46.0,21.6,9.0,5.7,18.1,25.9,95.4
2004,NBA,Golden State Warriors,GSW,False,82,19855,39.7,89.3,0.445,34.1,74.4,0.459,18.8,25.2,0.746,13.2,34.1,47.3,23.7,9.0,5.6,15.4,24.2,103.8
2004,NBA,Houston Rockets,HOU,True,82,19930,36.1,87.8,0.412,29.9,71.0,0.421,20.4,27.8,0.737,12.4,32.2,44.7,23.2,9.7,4.9,15.1,23.2,99.0
2004,NBA,Indiana Pacers,IND,True,82,19805,37.0,85.6,0.432,32.4,71.5,0.453,18.7,24.9,0.75,12.0,33.6,45.6,22.8,8.1,7.1,18.0,24.8,97.2
2004,NBA,Los Angeles Clippers,LAC,False,82,19805,41.0,89.1,0.46,34.9,72.4,0.483,20.6,27.8,0.741,13.8,31.4,45.2,25.0,9.2,5.8,14.9,24.8,108.5
2004,NBA,Los Angeles Lakers,LAL,True,82,19855,38.2,87.0,0.44,32.7,70.6,0.464,19.3,25.7,0.749,12.1,33.5,45.6,22.4,8.1,4.0,16.4,26.5,101.3
2004,NBA,Memphis Grizzlies,MEM,True,82,19880,37.8,86.6,0.436,32.9,72.1,0.456,21.7,28.4,0.764,14.5,33.1,47.7,22.1,8.9,6.1,18.4,25.0,102.2
2004,NBA,Miami Heat,MIA,True,82,19755,36.7,85.7,0.428,30.8,68.4,0.45,22.3,29.0,0.768,12.3,34.3,46.7,21.1,8.0,6.1,16.7,23.9,101.7
2004,NBA,Milwaukee Bucks,MIL,True,82,19780,40.2,89.0,0.452,34.2,71.9,0.475,18.9,25.6,0.739,13.0,33.4,46.4,24.8,8.1,5.4,15.4,24.9,105.4
2004,NBA,Minnesota Timberwolves,MIN,True,82,19755,37.4,90.5,0.414,32.0,74.3,0.431,19.5,25.8,0.753,13.7,32.8,46.4,23.2,7.5,4.0,15.1,22.6,99.7
2004,NBA,New Jersey Nets,NJN,True,82,19705,36.7,85.8,0.427,31.0,69.6,0.445,19.0,24.9,0.761,11.9,33.7,45.5,22.2,8.9,5.1,18.0,23.7,98.0
2004,NBA,New Orleans Hornets,NOH,True,82,19830,38.6,87.5,0.441,32.6,69.8,0.467,19.1,25.5,0.75,13.2,33.6,46.8,24.3,8.3,5.8,17.4,23.6,102.4
2004,NBA,New York Knicks,NYK,True,82,19880,37.6,87.5,0.429,32.0,71.0,0.45,22.6,29.6,0.763,12.8,33.0,45.8,22.6,9.1,5.2,15.3,21.6,103.3
2004,NBA,Orlando Magic,ORL,False,82,19830,42.2,90.6,0.466,35.7,73.3,0.487,19.4,26.2,0.742,14.3,34.2,48.5,26.7,8.3,6.0,14.8,22.5,110.4
2004,NBA,Philadelphia 76ers,PHI,False,82,19855,37.8,87.5,0.432,31.7,69.2,0.458,20.2,27.2,0.744,13.7,32.9,46.6,24.0,9.3,6.4,17.1,24.1,101.9
2004,NBA,Phoenix Suns,PHO,False,82,19730,39.1,87.6,0.446,32.8,69.6,0.471,21.0,27.5,0.765,13.6,33.5,47.1,23.1,8.5,5.7,17.1,20.9,105.5
2004,NBA,Portland Trail Blazers,POR,False,82,19980,41.2,91.5,0.45,35.3,74.5,0.475,17.0,22.5,0.753,14.2,31.9,46.1,26.6,9.2,5.4,15.6,21.4,105.1
2004,NBA,Sacramento Kings,SAC,True,82,19780,41.1,90.5,0.454,35.7,74.7,0.478,17.4,23.3,0.749,14.1,33.0,47.1,22.8,8.5,5.4,16.0,23.8,104.9
2004,NBA,San Antonio Spurs,SAS,True,82,19755,35.6,87.0,0.409,31.4,74.1,0.423,18.7,25.1,0.744,12.4,33.5,45.9,19.3,8.6,5.2,17.1,25.0,94.1
2004,NBA,Seattle SuperSonics,SEA,False,82,19805,40.2,89.2,0.45,33.6,70.4,0.477,21.2,27.3,0.774,14.4,32.7,47.1,23.3,8.5,5.2,16.3,22.3,108.0
2004,NBA,Toronto Raptors,TOR,False,82,19980,37.7,88.1,0.428,33.9,75.8,0.447,21.3,28.4,0.747,14.3,36.8,51.2,21.0,8.2,4.6,16.6,22.4,100.4
2004,NBA,Utah Jazz,UTA,False,82,19780,35.6,82.4,0.432,29.8,65.4,0.455,26.3,34.1,0.771,12.2,29.9,42.0,21.4,9.3,7.4,17.7,28.0,103.3
2004,NBA,Washington Wizards,WAS,False,82,19830,40.2,88.4,0.454,34.6,72.2,0.479,18.9,24.6,0.771,13.7,33.1,46.8,25.8,10.3,5.9,17.3,23.4,104.8
2003,NBA,Atlanta Hawks,ATL,False,82,19905,40.0,91.6,0.437,34.1,75.1,0.454,20.3,26.7,0.76,14.2,32.1,46.3,23.5,9.8,5.4,14.2,22.1,106.1
2003,NBA,Boston Celtics,BOS,True,82,19830,37.3,85.9,0.435,31.2,67.3,0.464,20.8,27.8,0.749,12.5,36.6,49.1,24.3,8.2,4.9,17.5,23.9,101.6
2003,NBA,Chicago Bulls,CHI,False,82,19930,38.5,87.8,0.439,33.0,70.6,0.467,23.1,30.8,0.749,14.4,33.1,47.5,25.1,9.9,5.3,15.5,23.1,105.6
2003,NBA,Cleveland Cavaliers,CLE,False,82,19830,39.6,87.4,0.453,34.1,72.0,0.473,22.0,28.6,0.772,12.0,32.1,44.1,25.4,10.3,6.4,15.0,22.0,106.7
2003,NBA,Dallas Mavericks,DAL,True,82,19780,38.4,87.7,0.438,32.1,69.3,0.463,19.4,26.6,0.727,13.7,35.2,48.9,23.4,7.2,4.2,17.3,22.9,102.3
2003,NBA,Denver Nuggets,DEN,False,82,19730,36.0,81.3,0.443,30.4,66.2,0.46,23.6,31.2,0.757,11.5,32.6,44.2,23.6,9.9,7.2,18.8,23.9,101.3
2003,NBA,Detroit Pistons,DET,True,82,19905,38.1,87.1,0.438,34.1,75.4,0.452,19.6,26.3,0.746,11.9,35.1,47.1,20.9,7.9,4.9,16.0,26.5,99.9
2003,NBA,Golden State Warriors,GSW,False,82,19755,41.8,92.5,0.452,36.1,77.3,0.467,20.3,26.9,0.756,15.5,30.8,46.3,24.9,9.2,6.3,14.5,25.0,109.5
2003,NBA,Houston Rockets,HOU,False,82,19930,39.2,90.6,0.433,34.0,75.5,0.45,19.0,24.5,0.775,13.3,31.9,45.2,22.8,9.0,5.2,14.7,24.3,102.6
2003,NBA,Indiana Pacers,IND,True,82,19905,37.7,88.1,0.428,32.3,72.3,0.447,20.1,26.2,0.767,13.2,32.4,45.6,22.3,8.2,6.8,16.6,25.3,100.8
2003,NBA,Los Angeles Clippers,LAC,False,82,19755,40.4,90.3,0.447,34.3,73.7,0.466,20.0,25.9,0.774,13.9,32.7,46.6,24.5,8.7,5.6,15.3,24.5,106.8
2003,NBA,Los Angeles Lakers,LAL,True,82,19930,38.8,87.6,0.443,32.7,71.6,0.456,21.1,27.8,0.76,12.5,32.5,45.0,22.8,8.4,4.0,15.5,24.9,104.7
2003,NBA,Memphis Grizzlies,MEM,False,82,19930,41.9,91.1,0.46,36.3,75.6,0.48,17.9,23.6,0.759,14.6,33.2,47.8,25.9,9.3,5.6,15.8,23.2,107.3
2003,NBA,Miami Heat,MIA,False,82,19830,37.4,85.5,0.437,31.8,69.7,0.456,22.0,29.3,0.751,12.0,35.6,47.7,20.4,8.6,6.0,16.2,23.0,102.4
2003,NBA,Milwaukee Bucks,MIL,True,82,19905,40.6,88.6,0.458,34.2,71.6,0.478,21.0,28.2,0.745,13.6,33.9,47.5,25.2,7.2,4.4,15.8,22.5,108.6
2003,NBA,Minnesota Timberwolves,MIN,True,82,19805,39.6,90.6,0.437,33.4,72.6,0.46,18.4,24.4,0.752,12.8,32.2,45.1,24.7,7.5,5.3,14.7,22.2,103.8
2003,NBA,New Jersey Nets,NJN,True,82,19755,36.6,85.7,0.427,30.9,70.0,0.442,19.3,25.8,0.749,12.4,32.7,45.0,21.3,9.2,5.6,18.0,24.9,98.1
2003,NBA,New Orleans Hornets,NOH,True,82,19905,38.6,88.0,0.438,34.0,74.4,0.457,19.9,26.0,0.766,12.3,32.0,44.2,22.0,8.7,5.8,16.1,23.7,101.6
2003,NBA,New York Knicks,NYK,False,82,19855,39.4,86.3,0.457,34.7,72.3,0.48,22.5,29.2,0.771,12.5,34.8,47.3,23.1,8.4,4.1,15.7,21.7,106.2
2003,NBA,Orlando Magic,ORL,True,82,19805,39.1,85.9,0.455,33.9,70.2,0.483,21.5,28.0,0.767,12.6,33.8,46.4,23.9,8.4,5.4,17.5,23.7,105.0
2003,NBA,Philadelphia 76ers,PHI,True,82,19855,38.0,84.1,0.452,32.0,67.2,0.476,20.5,26.9,0.76,12.0,31.7,43.7,23.9,8.4,6.9,18.6,24.9,102.5
2003,NBA,Phoenix Suns,PHO,True,82,19805,38.6,88.1,0.438,32.8,70.1,0.468,19.6,25.6,0.766,13.6,32.9,46.6,24.1,8.5,6.0,17.3,23.3,102.5
2003,NBA,Portland Trail Blazers,POR,True,82,19855,39.8,88.4,0.45,33.9,71.1,0.476,17.1,22.4,0.764,12.3,31.0,43.3,25.2,9.2,5.3,17.2,22.6,102.6
2003,NBA,Sacramento Kings,SAC,True,82,19830,38.0,90.4,0.42,33.2,75.6,0.439,18.5,24.9,0.741,14.5,33.2,47.7,22.3,8.7,4.5,16.0,20.7,99.1
2003,NBA,San Antonio Spurs,SAS,True,82,19830,38.5,90.1,0.427,33.7,76.1,0.443,17.9,23.4,0.768,13.8,31.2,45.1,21.0,8.9,5.7,16.6,25.7,99.7
2003,NBA,Seattle SuperSonics,SEA,False,82,19855,39.4,88.2,0.447,32.9,69.4,0.475,18.5,25.0,0.742,12.9,33.8,46.7,23.4,6.9,5.6,16.6,22.9,103.9
2003,NBA,Toronto Raptors,TOR,False,82,19805,41.0,88.9,0.461,36.0,75.6,0.476,20.1,26.5,0.759,13.2,35.1,48.2,23.3,8.1,5.5,15.2,23.0,107.0
2003,NBA,Utah Jazz,UTA,True,82,19780,37.4,86.2,0.434,31.4,69.2,0.454,22.1,29.1,0.759,13.7,28.8,42.5,21.8,9.8,5.8,17.7,26.5,102.8
2003,NBA,Washington Wizards,WAS,False,82,19830,39.5,89.3,0.442,33.3,72.3,0.461,19.0,24.6,0.771,13.0,33.6,46.6,24.4,8.4,4.9,16.1,24.8,104.1
2002,NBA,Atlanta Hawks,ATL,False,82,19780,40.5,88.2,0.459,34.2,70.6,0.485,19.2,25.8,0.744,13.3,33.3,46.6,24.5,9.3,6.7,16.4,21.8,106.4
2002,NBA,Boston Celtics,BOS,True,82,19830,36.6,86.1,0.425,29.9,66.3,0.45,21.1,27.4,0.771,12.5,36.7,49.2,23.6,8.2,6.2,17.5,22.7,101.0
2002,NBA,Charlotte Hornets,CHH,True,82,19755,38.6,89.3,0.432,32.7,73.7,0.444,20.2,26.3,0.768,13.0,32.5,45.6,22.2,8.5,5.7,15.4,23.1,103.3
2002,NBA,Chicago Bulls,CHI,False,82,19805,40.5,87.2,0.465,34.9,71.4,0.488,20.9,28.0,0.746,12.6,34.2,46.8,27.7,9.1,5.3,15.8,23.0,107.6
2002,NBA,Cleveland Cavaliers,CLE,False,82,19855,40.9,89.4,0.457,34.5,73.3,0.471,20.2,27.0,0.748,12.4,31.9,44.3,26.6,8.1,6.1,14.2,21.9,108.2
2002,NBA,Dallas Mavericks,DAL,True,82,19880,40.2,89.1,0.452,34.4,72.3,0.475,21.3,28.4,0.751,13.8,33.8,47.7,24.3,7.7,4.9,15.0,23.3,107.7
2002,NBA,Denver Nuggets,DEN,False,82,19805,40.3,87.7,0.459,34.6,72.0,0.481,21.5,28.8,0.747,13.3,33.9,47.3,26.4,9.0,7.5,15.7,22.1,107.8
2002,NBA,Detroit Pistons,DET,True,82,19680,39.6,88.7,0.447,34.8,75.2,0.462,18.3,24.2,0.755,13.4,34.0,47.4,22.2,8.8,4.5,17.2,25.4,102.4
2002,NBA,Golden State Warriors,GSW,False,82,19780,41.2,89.8,0.459,36.1,74.9,0.482,20.8,27.3,0.763,14.1,31.5,45.6,25.7,9.1,6.6,15.1,25.0,108.5
2002,NBA,Houston Rockets,HOU,False,82,19980,43.5,93.6,0.464,38.4,79.6,0.482,16.6,22.1,0.752,14.2,34.1,48.4,25.0,7.8,5.7,13.5,22.4,108.6
2002,NBA,Indiana Pacers,IND,True,82,19905,39.0,89.2,0.438,33.6,73.4,0.457,20.2,27.0,0.749,13.7,33.0,46.7,23.2,8.1,6.1,15.4,24.3,103.8
2002,NBA,Los Angeles Clippers,LAC,False,82,19805,41.3,92.4,0.448,35.9,77.0,0.466,17.9,24.0,0.745,14.3,32.0,46.3,25.0,8.2,5.9,14.2,23.9,106.0
2002,NBA,Los Angeles Lakers,LAL,True,82,19780,37.8,89.3,0.424,32.6,72.7,0.448,20.8,27.3,0.761,13.4,33.3,46.7,21.6,7.7,4.7,15.1,24.9,101.7
2002,NBA,Memphis Grizzlies,MEM,False,82,19780,41.5,90.9,0.457,36.2,76.1,0.476,17.9,23.8,0.753,15.1,34.1,49.2,26.1,10.4,6.1,16.1,23.8,106.3
2002,NBA,Miami Heat,MIA,False,82,19930,36.7,86.5,0.425,31.5,71.2,0.442,21.6,29.3,0.736,12.3,34.2,46.5,20.1,8.5,4.9,15.6,23.5,100.2
2002,NBA,Milwaukee Bucks,MIL,False,82,19905,40.3,91.5,0.441,33.7,73.1,0.461,19.9,26.3,0.757,14.0,32.6,46.6,25.2,8.0,4.8,14.1,21.9,107.1
2002,NBA,Minnesota Timberwolves,MIN,True,82,19805,39.7,89.1,0.445,33.1,71.4,0.463,19.4,26.2,0.742,12.2,31.1,43.3,24.8,7.3,5.4,14.7,22.4,105.3
2002,NBA,New Jersey Nets,NJN,True,82,19830,37.7,87.9,0.429,32.3,72.4,0.446,18.8,24.9,0.753,13.2,33.2,46.4,20.6,8.8,5.8,17.4,22.0,99.5
2002,NBA,New York Knicks,NYK,False,82,19805,39.5,88.7,0.445,33.5,71.8,0.467,20.9,27.6,0.757,13.0,34.3,47.3,23.8,9.3,5.2,14.9,22.6,105.9
2002,NBA,Orlando Magic,ORL,True,82,19830,40.5,88.7,0.456,35.2,73.6,0.478,19.1,25.9,0.737,14.1,34.2,48.3,25.1,8.6,5.0,16.8,22.6,105.3
2002,NBA,Philadelphia 76ers,PHI,True,82,19730,37.9,89.0,0.426,31.9,70.9,0.451,18.5,24.6,0.751,13.4,32.1,45.6,24.2,9.0,6.3,16.5,25.0,100.3
2002,NBA,Phoenix Suns,PHO,False,82,19830,39.1,88.2,0.444,33.4,72.2,0.463,20.0,26.6,0.751,13.6,33.0,46.6,24.1,9.1,6.3,16.7,20.1,104.0
2002,NBA,Portland Trail Blazers,POR,True,82,19830,40.0,88.2,0.453,33.7,70.8,0.476,17.8,24.0,0.741,12.1,31.5,43.6,26.3,8.3,5.6,16.4,22.4,104.0
2002,NBA,Sacramento Kings,SAC,True,82,19755,39.8,90.4,0.44,34.9,75.8,0.46,16.7,22.4,0.744,13.5,33.3,46.8,23.4,8.0,4.9,15.8,23.2,101.1
2002,NBA,San Antonio Spurs,SAS,True,82,19855,38.7,91.0,0.426,33.7,76.1,0.443,17.2,22.2,0.777,13.5,32.6,46.1,20.7,8.5,5.7,16.0,25.5,99.7
2002,NBA,Seattle SuperSonics,SEA,True,82,19830,40.3,89.8,0.449,33.9,71.1,0.477,18.5,25.1,0.739,14.8,31.6,46.4,24.9,7.7,5.4,17.0,22.1,105.6
2002,NBA,Toronto Raptors,TOR,True,82,19755,38.6,87.5,0.441,33.4,72.6,0.461,20.7,27.5,0.752,13.6,33.3,47.0,22.3,8.6,5.4,17.1,22.1,103.1
2002,NBA,Utah Jazz,UTA,True,82,19830,37.2,83.4,0.447,31.0,67.1,0.462,23.9,31.0,0.771,12.4,29.6,42.0,21.3,10.0,7.3,18.4,27.7,104.6
2002,NBA,Washington Wizards,WAS,False,82,19730,40.7,90.0,0.452,34.9,73.6,0.474,19.2,25.5,0.755,13.2,32.7,45.9,25.0,7.9,5.7,15.1,23.6,106.4
2001,NBA,Atlanta Hawks,ATL,False,82,19730,38.7,87.4,0.442,33.4,73.1,0.457,21.8,28.5,0.765,13.6,33.5,47.1,23.0,9.2,6.8,16.0,22.4,104.3
2001,NBA,Boston Celtics,BOS,False,82,19830,38.4,83.6,0.459,32.8,68.3,0.48,21.4,28.5,0.75,11.6,34.6,46.3,24.6,8.5,5.8,18.3,24.9,103.7
2001,NBA,Charlotte Hornets,CHH,True,82,19880,37.4,87.8,0.426,32.1,73.2,0.439,19.5,25.8,0.756,12.0,32.9,44.9,23.6,8.3,5.1,16.3,23.9,99.5
2001,NBA,Chicago Bulls,CHI,False,82,19855,40.4,85.7,0.472,35.7,72.5,0.493,21.7,29.8,0.73,13.0,34.5,47.5,26.1,8.6,5.8,16.5,23.7,107.3
2001,NBA,Cleveland Cavaliers,CLE,False,82,19830,38.8,87.3,0.445,33.2,72.0,0.462,21.7,28.2,0.768,13.1,31.8,45.0,24.9,9.2,7.2,16.3,24.0,104.9
2001,NBA,Dallas Mavericks,DAL,True,82,19805,38.2,87.0,0.439,33.2,72.2,0.46,21.2,29.0,0.731,13.9,34.1,48.0,23.1,8.1,4.9,16.6,24.0,102.6
2001,NBA,Denver Nuggets,DEN,False,82,19780,40.4,90.5,0.446,34.9,75.3,0.464,20.2,26.8,0.753,13.3,34.6,47.9,26.7,7.7,6.5,14.1,23.0,106.3
2001,NBA,Detroit Pistons,DET,False,82,19855,38.0,87.4,0.434,32.5,71.7,0.453,20.4,27.7,0.736,12.9,34.1,47.0,23.7,8.5,5.1,16.3,26.3,101.8
2001,NBA,Golden State Warriors,GSW,False,82,19780,41.0,86.9,0.472,35.3,72.0,0.491,19.7,25.9,0.76,13.4,34.7,48.1,26.4,9.3,6.4,17.4,22.8,107.4
2001,NBA,Houston Rockets,HOU,False,82,19830,40.4,90.1,0.449,35.6,76.6,0.465,18.5,24.9,0.744,13.2,32.4,45.6,23.2,8.1,5.4,14.6,23.7,104.2
2001,NBA,Indiana Pacers,IND,True,82,19980,38.0,89.8,0.423,32.9,74.7,0.441,21.1,27.9,0.758,14.0,33.5,47.5,22.8,7.9,5.2,15.0,25.3,102.2
2001,NBA,Los Angeles Clippers,LAC,False,82,20030,40.0,90.9,0.44,35.3,76.5,0.461,19.7,26.5,0.743,13.9,32.6,46.5,23.9,8.5,5.5,14.0,24.0,104.5
2001,NBA,Los Angeles Lakers,LAL,True,82,19905,39.2,89.6,0.438,33.8,74.2,0.455,21.0,27.8,0.754,12.9,31.6,44.5,21.8,8.1,4.3,14.1,26.3,104.8
2001,NBA,Miami Heat,MIA,True,82,19880,37.4,86.8,0.431,32.5,71.7,0.452,18.6,25.2,0.737,12.7,35.0,47.7,19.7,8.3,5.9,17.7,25.3,98.5
2001,NBA,Milwaukee Bucks,MIL,True,82,19780,38.3,87.3,0.439,32.6,70.8,0.46,22.1,28.8,0.768,13.4,32.8,46.1,24.8,7.8,4.6,16.8,23.4,104.6
2001,NBA,Minnesota Timberwolves,MIN,True,82,19830,39.2,86.8,0.452,34.6,73.7,0.47,20.7,28.5,0.724,12.7,33.0,45.8,24.2,7.7,4.7,16.4,21.8,103.7
2001,NBA,New Jersey Nets,NJN,False,82,19730,38.9,85.5,0.455,33.2,69.7,0.477,22.0,29.6,0.746,13.3,34.7,48.0,24.4,8.2,6.9,17.3,23.9,105.5
2001,NBA,New York Knicks,NYK,True,82,19905,35.7,85.7,0.417,29.5,68.1,0.434,20.6,28.0,0.733,12.1,33.6,45.8,21.9,8.3,4.7,16.9,24.4,98.2
2001,NBA,Orlando Magic,ORL,True,82,19955,36.5,83.9,0.435,31.8,70.2,0.453,24.3,33.1,0.735,13.7,33.7,47.4,23.1,9.0,5.7,18.2,25.1,102.1
2001,NBA,Philadelphia 76ers,PHI,True,82,19855,38.3,89.4,0.429,32.6,72.7,0.448,16.6,22.1,0.749,13.1,31.6,44.7,23.6,9.0,6.1,16.8,25.9,98.9
2001,NBA,Phoenix Suns,PHO,True,82,19805,36.3,83.6,0.435,32.1,71.4,0.449,21.1,27.7,0.761,11.7,33.7,45.4,21.5,8.9,5.4,18.6,23.7,98.0
2001,NBA,Portland Trail Blazers,POR,True,82,19780,38.4,87.6,0.438,32.8,72.6,0.452,19.5,26.3,0.744,12.9,30.5,43.3,23.8,8.8,4.4,16.6,23.7,101.8
2001,NBA,Sacramento Kings,SAC,True,82,20080,39.1,90.4,0.432,34.0,76.1,0.447,16.3,21.8,0.749,14.2,33.5,47.7,23.0,8.4,6.0,16.9,22.4,99.6
2001,NBA,San Antonio Spurs,SAS,True,82,19830,38.3,91.5,0.419,33.7,77.4,0.435,16.7,22.5,0.741,13.1,32.9,45.9,21.8,8.1,5.8,15.0,26.3,98.0
2001,NBA,Seattle SuperSonics,SEA,False,82,19805,40.7,89.8,0.453,34.5,71.9,0.48,17.9,24.1,0.742,13.8,32.2,46.0,25.9,8.6,6.7,16.3,24.0,105.6
2001,NBA,Toronto Raptors,TOR,True,82,19955,39.8,88.9,0.447,34.8,75.1,0.463,18.8,25.0,0.754,12.2,33.2,45.5,22.4,7.4,5.8,15.3,23.7,103.4
2001,NBA,Utah Jazz,UTA,True,82,19780,36.1,82.1,0.439,30.5,66.0,0.462,24.7,32.3,0.765,11.8,29.5,41.3,21.1,9.4,6.1,17.8,27.1,102.4
2001,NBA,Vancouver Grizzlies,VAN,False,82,19780,41.6,89.9,0.463,36.4,75.7,0.482,17.4,23.8,0.732,13.9,33.5,47.5,25.6,9.4,6.3,16.1,23.4,105.8
2001,NBA,Washington Wizards,WAS,False,82,19680,40.8,86.8,0.47,35.1,72.4,0.485,20.5,27.5,0.747,12.3,31.7,44.0,25.0,9.1,6.7,16.2,26.0,107.8
2000,NBA,Atlanta Hawks,ATL,False,82,19830,42.4,93.1,0.455,37.4,79.7,0.469,18.2,23.7,0.769,13.9,32.6,46.5,24.9,8.6,5.3,13.2,24.1,107.9
2000,NBA,Boston Celtics,BOS,False,82,19730,38.1,81.1,0.47,33.4,68.3,0.49,24.8,33.0,0.753,11.0,32.6,43.6,23.1,8.2,6.1,17.9,24.8,105.6
2000,NBA,Charlotte Hornets,CHH,True,82,19780,39.4,88.0,0.448,34.1,74.0,0.461,17.4,23.3,0.745,12.5,32.9,45.4,24.6,7.8,5.4,16.8,26.8,101.4
2000,NBA,Chicago Bulls,CHI,False,82,19805,39.5,86.7,0.456,34.7,72.4,0.478,20.8,28.0,0.741,13.5,32.7,46.3,25.8,11.6,6.2,16.9,26.6,104.6
2000,NBA,Cleveland Cavaliers,CLE,False,82,19855,37.7,85.1,0.443,32.4,69.6,0.465,23.4,30.1,0.776,12.8,32.7,45.5,24.5,8.3,6.3,17.5,26.0,104.0
2000,NBA,Dallas Mavericks,DAL,False,82,19730,41.3,90.4,0.457,35.8,74.4,0.481,19.0,25.7,0.74,16.0,34.8,50.9,24.4,7.7,5.3,16.9,23.2,107.2
2000,NBA,Denver Nuggets,DEN,False,82,19855,39.9,88.7,0.45,34.8,74.3,0.469,20.8,27.7,0.751,13.1,33.2,46.4,25.6,7.9,5.9,15.0,24.7,105.8
2000,NBA,Detroit Pistons,DET,True,82,19830,39.5,84.8,0.465,33.7,69.2,0.486,21.1,28.3,0.746,12.3,31.7,44.0,24.0,8.2,5.0,17.7,28.1,105.8
2000,NBA,Golden State Warriors,GSW,False,82,19755,40.3,86.3,0.467,34.9,71.5,0.488,22.3,29.6,0.754,13.9,34.3,48.2,25.9,8.8,6.3,17.0,24.0,108.4
2000,NBA,Houston Rockets,HOU,False,82,19830,41.4,90.9,0.456,37.0,78.2,0.473,18.3,23.5,0.779,13.2,31.5,44.7,23.9,9.4,5.6,14.5,23.6,105.7
2000,NBA,Indiana Pacers,IND,True,82,19730,40.7,91.2,0.446,36.4,78.1,0.466,18.0,23.8,0.755,13.6,33.3,46.9,22.7,8.0,4.2,14.7,25.0,103.6
2000,NBA,Los Angeles Clippers,LAC,False,82,19705,42.5,89.2,0.477,37.1,75.2,0.494,19.6,26.5,0.741,13.5,35.0,48.5,25.6,8.1,4.9,15.2,22.4,110.1
2000,NBA,Los Angeles Lakers,LAL,True,82,19805,36.8,88.6,0.416,32.0,73.8,0.434,19.7,26.5,0.742,13.1,32.9,45.9,20.7,8.1,4.5,15.5,27.3,98.2
2000,NBA,Miami Heat,MIA,True,82,19830,37.5,89.0,0.422,32.0,73.8,0.434,20.4,27.3,0.748,13.1,31.6,44.7,21.4,8.4,4.9,15.5,24.2,101.0
2000,NBA,Milwaukee Bucks,MIL,True,82,19855,39.5,86.6,0.457,32.6,68.9,0.473,22.0,29.2,0.752,13.5,30.9,44.4,25.9,8.3,4.4,17.0,24.4,107.9
2000,NBA,Minnesota Timberwolves,MIN,True,82,19905,38.4,86.4,0.445,33.4,72.4,0.462,21.6,28.7,0.752,12.0,32.1,44.1,22.8,7.8,4.5,16.2,22.1,103.4
2000,NBA,New Jersey Nets,NJN,False,82,19830,40.9,88.2,0.464,36.1,74.9,0.481,19.7,26.3,0.747,14.8,34.8,49.5,24.4,7.4,6.1,17.9,24.5,106.3
2000,NBA,New York Knicks,NYK,True,82,19830,36.8,86.8,0.424,31.3,70.6,0.444,21.8,29.2,0.747,12.6,33.1,45.7,21.8,8.2,4.8,15.8,24.4,100.9
2000,NBA,Orlando Magic,ORL,False,82,19755,38.4,86.4,0.445,33.0,70.4,0.469,19.6,26.3,0.745,13.7,30.9,44.5,24.9,9.0,5.9,18.6,25.1,101.7
2000,NBA,Philadelphia 76ers,PHI,True,82,19830,37.4,86.1,0.435,32.0,70.8,0.452,19.7,26.1,0.755,13.9,32.7,46.6,23.9,8.2,6.9,18.9,25.8,100.0
2000,NBA,Phoenix Suns,PHO,True,82,19805,36.4,85.9,0.424,31.2,71.1,0.439,21.0,28.4,0.739,13.8,31.8,45.6,21.9,9.4,5.5,18.3,23.1,99.0
2000,NBA,Portland Trail Blazers,POR,True,82,19780,38.1,88.5,0.431,32.8,72.4,0.453,19.2,26.8,0.716,13.2,30.0,43.2,23.0,8.8,4.7,16.0,25.3,100.8
2000,NBA,Sacramento Kings,SAC,True,82,19805,39.9,88.4,0.452,35.1,74.6,0.47,17.5,23.3,0.751,14.0,33.7,47.6,23.8,9.2,4.9,17.5,23.7,102.1
2000,NBA,San Antonio Spurs,SAS,True,82,19855,38.4,90.3,0.425,33.7,76.5,0.44,17.0,23.0,0.739,13.1,32.1,45.2,22.2,8.6,5.7,15.7,25.2,98.6
2000,NBA,Seattle SuperSonics,SEA,True,82,19780,40.7,90.2,0.451,35.0,73.4,0.477,17.5,23.3,0.748,14.1,33.9,48.0,25.2,7.7,5.6,16.3,23.9,104.6
2000,NBA,Toronto Raptors,TOR,True,82,19755,39.4,86.9,0.454,34.9,73.5,0.475,21.4,28.1,0.764,12.6,33.5,46.2,23.5,7.3,5.7,16.4,24.6,104.9
2000,NBA,Utah Jazz,UTA,True,82,19755,37.7,84.6,0.446,32.4,69.7,0.465,21.7,29.0,0.746,12.0,30.3,42.3,22.0,8.0,5.6,17.2,27.4,102.3
2000,NBA,Vancouver Grizzlies,VAN,False,82,19855,41.7,87.9,0.474,36.9,73.5,0.502,20.3,26.4,0.769,12.9,31.0,43.9,25.7,9.6,6.9,16.4,25.4,108.5
2000,NBA,Washington Wizards,WAS,False,82,19805,39.3,85.6,0.459,34.2,71.8,0.476,23.4,31.4,0.744,12.6,31.6,44.2,23.4,9.0,6.6,16.0,25.7,107.0
1999,NBA,Atlanta Hawks,ATL,True,50,12075,37.2,90.2,0.413,32.8,75.4,0.435,18.3,25.1,0.729,13.5,31.9,45.4,20.8,8.8,5.7,15.7,28.0,97.1
1999,NBA,Boston Celtics,BOS,False,50,12150,37.2,84.1,0.443,33.5,72.0,0.465,24.1,32.5,0.742,13.9,33.3,47.2,22.0,10.0,5.5,18.2,21.6,102.4
1999,NBA,Charlotte Hornets,CHH,False,50,12150,38.3,88.1,0.434,33.6,74.1,0.454,21.1,28.8,0.734,14.4,32.8,47.3,24.0,9.8,5.1,16.8,25.3,102.4
1999,NBA,Chicago Bulls,CHI,False,50,12075,38.9,85.4,0.455,34.2,71.6,0.477,20.6,28.1,0.733,12.4,35.4,47.8,24.8,10.0,6.4,17.6,24.2,103.0
1999,NBA,Cleveland Cavaliers,CLE,False,50,12050,36.8,84.5,0.436,31.4,68.9,0.455,22.5,30.3,0.743,13.6,32.4,46.0,24.3,9.0,6.5,18.9,27.6,101.6
1999,NBA,Dallas Mavericks,DAL,False,50,12075,40.5,90.1,0.45,35.7,74.8,0.477,19.1,26.6,0.717,14.7,33.9,48.6,24.0,8.1,5.4,15.6,23.3,104.9
1999,NBA,Denver Nuggets,DEN,False,50,12025,41.6,88.6,0.469,36.4,74.5,0.488,22.0,29.5,0.745,13.7,33.1,46.8,25.9,8.7,6.0,15.5,24.3,110.4
1999,NBA,Detroit Pistons,DET,True,50,12050,36.6,84.0,0.436,31.1,68.2,0.456,21.7,30.4,0.715,12.6,31.8,44.4,24.1,9.8,5.2,17.8,25.7,100.3
1999,NBA,Golden State Warriors,GSW,False,50,12125,36.0,85.7,0.42,31.7,72.9,0.435,24.8,34.1,0.728,14.6,33.5,48.1,22.8,8.9,6.8,16.4,22.9,101.1
1999,NBA,Houston Rockets,HOU,True,50,12075,40.1,92.6,0.434,35.0,78.1,0.448,17.4,23.8,0.734,14.9,31.1,46.0,23.1,9.9,5.5,14.6,23.1,102.9
1999,NBA,Indiana Pacers,IND,True,50,12100,39.2,90.4,0.434,34.4,75.8,0.454,21.3,28.2,0.756,14.4,32.7,47.1,21.9,8.2,5.5,15.0,25.9,104.4
1999,NBA,Los Angeles Clippers,LAC,False,50,12125,40.5,85.4,0.474,35.6,71.5,0.498,23.8,32.0,0.746,14.2,33.3,47.5,24.4,9.3,6.4,17.3,23.1,109.7
1999,NBA,Los Angeles Lakers,LAL,True,50,12050,38.2,86.8,0.441,33.5,72.6,0.462,23.1,32.6,0.709,13.6,30.5,44.1,23.1,8.9,4.3,15.6,27.6,104.3
1999,NBA,Miami Heat,MIA,True,50,12025,36.8,89.6,0.411,31.9,75.3,0.423,20.2,27.5,0.737,14.6,31.6,46.2,20.1,9.1,4.4,15.9,25.9,98.9
1999,NBA,Milwaukee Bucks,MIL,True,50,12050,36.6,85.7,0.427,30.4,67.1,0.453,23.6,31.3,0.752,15.0,32.0,47.0,23.3,9.1,4.4,19.0,23.3,103.0
1999,NBA,Minnesota Timberwolves,MIN,True,50,12025,36.8,83.8,0.439,32.2,69.5,0.463,23.1,32.2,0.718,13.0,34.3,47.2,24.4,8.0,5.7,18.3,22.3,101.5
1999,NBA,New Jersey Nets,NJN,False,50,12050,39.1,86.4,0.453,34.3,72.2,0.475,20.5,28.3,0.727,13.6,34.4,48.0,21.1,8.6,7.1,17.7,23.6,103.6
1999,NBA,New York Knicks,NYK,True,50,12100,34.9,86.5,0.403,29.5,71.4,0.414,22.4,30.5,0.733,14.1,32.6,46.6,21.1,9.7,4.9,17.5,23.6,97.5
1999,NBA,Orlando Magic,ORL,True,50,12050,38.3,86.5,0.443,33.1,71.5,0.463,15.6,22.1,0.707,13.3,31.9,45.3,23.3,10.5,5.4,19.4,24.9,97.4
1999,NBA,Philadelphia 76ers,PHI,True,50,12150,35.6,84.3,0.423,30.3,68.4,0.443,21.0,28.7,0.731,13.8,31.3,45.0,22.3,9.7,5.9,20.0,26.4,97.6
1999,NBA,Phoenix Suns,PHO,True,50,12050,39.2,87.1,0.45,33.2,70.4,0.472,18.8,27.1,0.694,13.6,33.3,46.9,23.5,9.1,4.5,18.0,23.6,103.3
1999,NBA,Portland Trail Blazers,POR,True,50,12175,36.3,87.0,0.417,31.5,71.8,0.438,20.2,27.9,0.725,13.6,30.7,44.3,21.3,9.1,5.4,17.3,25.2,97.7
1999,NBA,Sacramento Kings,SAC,True,50,12200,41.2,92.2,0.446,36.7,78.9,0.465,16.3,22.8,0.712,15.4,32.8,48.1,23.9,10.0,4.5,16.2,22.6,103.1
1999,NBA,San Antonio Spurs,SAS,True,50,12075,36.6,91.1,0.402,32.8,78.5,0.417,18.0,25.7,0.701,15.6,31.5,47.2,21.1,9.8,5.4,16.4,25.7,95.0
1999,NBA,Seattle SuperSonics,SEA,False,50,12100,40.7,89.1,0.457,34.8,72.2,0.483,19.0,26.3,0.722,14.4,32.0,46.4,24.6,8.8,5.0,16.5,25.8,106.2
1999,NBA,Toronto Raptors,TOR,False,50,12075,37.9,86.3,0.439,32.2,71.0,0.454,22.3,30.6,0.728,13.7,31.2,44.9,24.5,10.0,5.8,17.3,24.4,103.9
1999,NBA,Utah Jazz,UTA,True,50,12175,36.2,87.6,0.413,31.3,72.5,0.432,21.2,29.4,0.721,14.4,29.3,43.7,20.5,9.8,6.0,16.9,29.7,98.4
1999,NBA,Vancouver Grizzlies,VAN,False,50,12175,40.1,86.7,0.463,35.1,72.3,0.485,22.6,31.0,0.729,14.9,32.2,47.1,26.3,10.8,7.3,17.2,25.8,107.9
1999,NBA,Washington Wizards,WAS,False,50,12050,37.8,84.9,0.446,33.0,71.2,0.464,23.2,31.5,0.736,13.7,33.7,47.4,23.9,8.9,4.7,17.6,24.1,103.7
1998,NBA,Atlanta Hawks,ATL,True,82,19880,40.8,92.2,0.442,36.0,78.2,0.46,17.9,24.4,0.735,14.9,29.6,44.5,24.1,8.5,5.1,15.4,26.1,104.3
1998,NBA,Boston Celtics,BOS,False,82,19730,37.3,78.0,0.479,33.4,65.7,0.509,26.8,35.9,0.745,13.2,31.9,45.1,23.8,9.1,5.3,22.0,22.4,105.3
1998,NBA,Charlotte Hornets,CHH,True,82,19780,40.4,87.1,0.464,35.4,72.7,0.487,19.5,26.7,0.731,13.1,30.7,43.8,24.5,7.9,5.0,16.8,25.8,105.3
1998,NBA,Chicago Bulls,CHI,True,82,19855,38.0,88.0,0.431,33.5,74.2,0.452,19.4,26.6,0.729,13.8,30.4,44.2,21.7,8.9,4.8,17.2,24.1,99.8
1998,NBA,Cleveland Cavaliers,CLE,True,82,19830,36.2,83.7,0.433,31.6,70.3,0.45,22.1,29.3,0.755,12.8,30.0,42.8,24.1,9.5,6.1,19.4,25.6,99.1
1998,NBA,Dallas Mavericks,DAL,False,82,19905,42.1,91.4,0.46,36.9,76.3,0.484,17.9,25.0,0.714,16.4,35.4,51.8,25.2,8.8,5.0,16.6,21.6,107.2
1998,NBA,Denver Nuggets,DEN,False,82,19730,40.9,86.4,0.473,35.2,71.4,0.493,24.6,32.7,0.754,14.9,32.6,47.4,26.9,9.0,7.3,16.9,24.2,112.1
1998,NBA,Detroit Pistons,DET,False,82,19955,38.7,86.9,0.445,33.8,71.9,0.469,21.1,28.3,0.746,13.5,31.8,45.3,23.9,8.8,5.2,17.2,25.5,103.5
1998,NBA,Golden State Warriors,GSW,False,82,19830,39.6,89.2,0.444,35.2,76.5,0.46,22.1,30.3,0.729,15.0,33.6,48.6,26.6,10.0,6.3,15.3,21.7,105.7
1998,NBA,Houston Rockets,HOU,True,82,19830,42.2,90.0,0.469,36.8,75.1,0.489,18.7,25.2,0.744,13.8,30.9,44.8,25.5,9.7,4.9,15.6,23.2,108.6
1998,NBA,Indiana Pacers,IND,True,82,19830,38.4,88.8,0.432,34.6,76.9,0.45,21.0,28.9,0.728,15.3,31.0,46.4,21.9,8.9,5.0,17.1,25.4,101.5
1998,NBA,Los Angeles Clippers,LAC,False,82,19780,42.5,89.7,0.474,38.1,77.6,0.491,21.8,29.8,0.734,15.4,32.4,47.8,24.0,9.5,5.4,15.2,22.9,111.2
1998,NBA,Los Angeles Lakers,LAL,True,82,19830,38.6,88.0,0.439,33.7,74.1,0.455,21.6,29.5,0.732,14.5,30.3,44.8,23.8,8.5,5.5,16.6,27.8,103.7
1998,NBA,Miami Heat,MIA,True,82,19755,37.6,87.8,0.428,33.4,75.1,0.445,22.5,30.3,0.744,14.6,30.8,45.5,22.5,8.8,5.1,16.8,25.6,102.0
1998,NBA,Milwaukee Bucks,MIL,False,82,19930,38.9,84.4,0.461,34.8,72.0,0.484,23.8,32.0,0.743,13.4,30.2,43.6,23.3,10.2,5.3,18.0,24.1,105.6
1998,NBA,Minnesota Timberwolves,MIN,True,82,19930,40.0,89.2,0.448,34.4,73.5,0.468,21.4,28.9,0.742,14.5,31.4,45.9,24.8,7.9,5.4,16.0,24.2,107.1
1998,NBA,New Jersey Nets,NJN,True,82,19880,40.0,84.9,0.471,35.3,71.3,0.495,21.9,29.3,0.748,14.3,30.7,45.0,23.5,8.2,6.8,19.7,26.8,106.6
1998,NBA,New York Knicks,NYK,True,82,19830,36.0,84.1,0.428,31.5,69.8,0.451,23.7,31.6,0.75,11.7,32.1,43.8,21.7,9.0,4.3,16.9,23.4,100.3
1998,NBA,Orlando Magic,ORL,False,82,19830,40.7,89.7,0.454,36.4,76.3,0.476,18.1,24.6,0.736,15.1,31.5,46.6,24.2,10.4,5.4,17.5,25.9,103.8
1998,NBA,Philadelphia 76ers,PHI,False,82,19755,39.0,86.5,0.451,33.9,71.5,0.474,22.2,30.4,0.73,15.0,31.4,46.4,25.9,10.3,6.8,17.7,25.6,105.4
1998,NBA,Phoenix Suns,PHO,True,82,19955,38.4,87.1,0.442,33.3,72.7,0.458,19.7,27.0,0.732,13.8,30.8,44.6,23.7,9.5,4.2,17.9,23.3,101.8
1998,NBA,Portland Trail Blazers,POR,True,82,19830,37.8,87.7,0.431,32.8,73.1,0.449,21.9,30.3,0.722,13.6,29.6,43.2,23.7,10.4,6.0,15.6,24.5,102.4
1998,NBA,Sacramento Kings,SAC,False,82,19730,40.9,89.5,0.457,36.3,76.7,0.473,20.6,27.8,0.742,15.3,33.4,48.7,24.1,9.2,6.2,16.6,23.4,106.9
1998,NBA,San Antonio Spurs,SAS,True,82,19830,37.5,91.1,0.411,32.8,77.0,0.426,19.8,26.8,0.74,13.9,30.6,44.5,21.3,10.0,5.2,14.3,25.3,99.4
1998,NBA,Seattle SuperSonics,SEA,True,82,19755,39.2,87.8,0.446,33.5,70.4,0.476,19.6,27.1,0.724,15.4,31.3,46.7,24.7,8.7,5.5,18.9,24.7,103.6
1998,NBA,Toronto Raptors,TOR,False,82,19930,42.5,88.7,0.479,37.4,75.3,0.496,20.8,29.8,0.7,16.5,32.6,49.1,28.8,9.6,6.7,17.8,22.7,111.0
1998,NBA,Utah Jazz,UTA,True,82,19780,38.2,87.0,0.439,32.7,71.7,0.457,23.5,31.1,0.757,13.4,27.4,40.8,23.0,8.8,5.8,15.7,29.0,105.4
1998,NBA,Vancouver Grizzlies,VAN,False,82,19830,42.4,89.3,0.475,36.8,74.7,0.493,21.5,29.3,0.732,15.1,31.0,46.0,27.6,11.0,7.1,15.3,24.1,112.0
1998,NBA,Washington Wizards,WAS,False,82,19805,39.3,86.3,0.455,34.7,73.4,0.472,21.4,28.7,0.747,13.6,32.6,46.2,22.8,8.3,4.9,17.5,25.4,104.5
1997,NBA,Atlanta Hawks,ATL,True,82,19805,39.1,90.0,0.435,32.4,70.5,0.459,17.2,23.4,0.737,14.6,31.1,45.6,23.2,8.4,4.6,17.7,24.4,102.3
1997,NBA,Boston Celtics,BOS,False,82,19905,42.4,84.3,0.503,36.2,67.3,0.537,20.5,28.4,0.72,12.7,33.1,45.7,26.8,9.1,7.0,18.2,23.0,111.4
1997,NBA,Charlotte Hornets,CHH,True,82,19805,41.8,91.0,0.46,35.2,72.3,0.486,18.6,25.4,0.73,14.7,30.9,45.6,24.4,7.3,4.6,15.6,24.4,108.9
1997,NBA,Chicago Bulls,CHI,True,82,19730,39.2,89.9,0.436,32.8,70.9,0.463,17.6,23.9,0.737,14.7,29.8,44.5,21.9,8.4,3.9,17.5,23.4,102.4
1997,NBA,Cleveland Cavaliers,CLE,False,82,19855,36.3,82.2,0.441,29.6,64.3,0.46,23.1,31.2,0.742,12.3,31.9,44.2,24.0,8.0,5.1,19.4,25.5,102.4
1997,NBA,Dallas Mavericks,DAL,False,82,19805,40.4,88.1,0.458,33.0,68.4,0.483,20.2,26.9,0.751,14.9,33.0,48.0,24.4,9.4,5.9,17.5,23.4,108.2
1997,NBA,Denver Nuggets,DEN,False,82,19930,43.0,92.0,0.467,36.7,76.0,0.482,19.0,25.3,0.75,14.2,32.0,46.2,24.1,9.4,5.9,13.8,22.5,111.2
1997,NBA,Detroit Pistons,DET,True,82,19830,39.6,89.2,0.444,32.1,68.7,0.467,17.6,23.9,0.737,13.8,32.4,46.2,25.7,7.0,4.0,17.1,25.5,104.4
1997,NBA,Golden State Warriors,GSW,False,82,19905,42.0,88.3,0.475,34.3,67.9,0.506,20.7,27.6,0.75,14.3,29.8,44.1,28.3,10.8,5.2,16.9,24.7,112.2
1997,NBA,Houston Rockets,HOU,True,82,19855,40.0,90.3,0.443,33.1,69.9,0.474,17.2,23.6,0.729,13.6,30.8,44.3,24.2,9.6,4.8,15.5,22.9,104.0
1997,NBA,Indiana Pacers,IND,False,82,19930,37.9,86.0,0.44,31.1,66.5,0.468,22.2,29.5,0.753,13.6,30.6,44.2,23.5,9.4,5.7,17.4,26.4,104.7
1997,NBA,Los Angeles Clippers,LAC,True,82,19930,39.2,85.0,0.462,32.9,67.2,0.489,22.8,30.5,0.749,13.9,32.3,46.2,21.8,9.7,5.5,18.1,24.5,107.6
1997,NBA,Los Angeles Lakers,LAL,True,82,19930,38.6,87.5,0.441,32.3,69.2,0.466,20.2,28.1,0.718,14.7,31.3,46.0,24.8,8.2,5.1,17.7,25.6,103.7
1997,NBA,Miami Heat,MIA,True,82,19805,36.9,85.5,0.432,31.3,69.9,0.447,21.2,28.9,0.731,13.7,31.9,45.6,20.8,8.9,5.4,18.2,25.1,100.6
1997,NBA,Milwaukee Bucks,MIL,False,82,19730,40.7,86.3,0.472,35.7,71.7,0.499,21.8,29.8,0.731,13.2,30.7,43.9,24.7,9.3,5.3,16.3,24.1,108.3
1997,NBA,Minnesota Timberwolves,MIN,True,82,19780,39.4,87.5,0.45,33.2,70.2,0.472,22.0,29.2,0.754,14.3,31.6,45.9,23.9,8.8,6.0,17.2,24.5,107.1
1997,NBA,New Jersey Nets,NJN,False,82,19780,40.7,87.8,0.464,33.9,69.4,0.488,21.4,28.7,0.745,14.0,32.4,46.4,25.3,8.9,6.8,16.5,23.4,109.7
1997,NBA,New York Knicks,NYK,True,82,19855,35.6,83.7,0.425,29.2,65.4,0.446,23.4,31.9,0.733,12.2,29.6,41.8,21.2,9.7,3.9,17.8,25.1,101.0
1997,NBA,Orlando Magic,ORL,True,82,19855,40.6,88.3,0.46,34.4,70.1,0.49,18.6,25.4,0.732,14.8,32.8,47.6,24.6,9.6,5.7,18.0,24.2,106.0
1997,NBA,Philadelphia 76ers,PHI,False,82,19780,42.2,89.7,0.47,35.1,70.2,0.5,19.9,27.2,0.733,15.1,31.2,46.3,26.3,10.5,6.3,16.3,25.6,111.4
1997,NBA,Phoenix Suns,PHO,True,82,19855,41.3,88.4,0.467,34.2,69.2,0.494,19.0,25.7,0.739,13.6,31.9,45.5,25.9,8.6,4.8,16.8,23.9,108.6
1997,NBA,Portland Trail Blazers,POR,True,82,19855,37.2,85.4,0.436,31.1,68.4,0.455,22.9,30.9,0.739,12.7,29.2,41.9,22.6,8.7,5.7,16.5,25.1,103.3
1997,NBA,Sacramento Kings,SAC,False,82,19855,40.0,86.6,0.462,34.1,69.9,0.488,22.9,31.0,0.737,14.1,31.1,45.2,23.6,9.5,5.7,16.7,23.8,108.7
1997,NBA,San Antonio Spurs,SAS,False,82,19730,41.8,88.9,0.471,34.1,69.0,0.495,21.0,28.4,0.738,14.6,32.1,46.7,27.2,9.3,6.2,16.4,22.9,112.3
1997,NBA,Seattle SuperSonics,SEA,True,82,19780,37.1,84.1,0.441,28.8,62.0,0.465,20.3,27.4,0.741,13.6,30.3,43.9,23.5,8.5,5.7,20.6,25.9,102.7
1997,NBA,Toronto Raptors,TOR,False,82,19830,39.7,85.4,0.465,33.1,66.3,0.498,22.0,30.4,0.724,13.8,31.4,45.2,26.3,9.0,5.9,17.9,24.0,108.0
1997,NBA,Utah Jazz,UTA,True,82,19830,36.4,83.2,0.438,29.4,63.3,0.465,24.1,32.2,0.75,12.9,28.2,41.1,21.4,8.6,5.0,17.9,27.5,104.0
1997,NBA,Vancouver Grizzlies,VAN,False,82,19780,42.4,89.9,0.472,35.6,71.2,0.5,20.1,27.7,0.727,16.5,33.3,49.8,27.1,9.9,6.3,17.2,21.9,111.8
1997,NBA,Washington Bullets,WSB,True,82,19855,39.4,86.9,0.454,33.0,69.5,0.474,19.6,26.2,0.749,13.4,30.6,44.0,21.9,8.7,4.4,17.7,23.2,104.9
1996,NBA,Atlanta Hawks,ATL,True,82,19730,41.3,87.1,0.474,34.8,69.1,0.504,18.9,25.3,0.746,14.3,31.1,45.4,25.0,7.9,4.6,19.1,24.5,108.0
1996,NBA,Boston Celtics,BOS,False,82,19905,41.3,85.9,0.481,36.1,71.3,0.506,22.1,29.6,0.747,13.0,32.4,45.5,24.0,8.4,6.1,16.5,24.6,109.9
1996,NBA,Charlotte Hornets,CHH,False,82,19880,42.9,87.7,0.489,35.9,70.0,0.513,19.0,25.8,0.736,12.6,31.1,43.7,27.0,7.1,4.9,16.0,24.1,111.8
1996,NBA,Chicago Bulls,CHI,True,82,19730,38.5,85.8,0.448,32.6,69.2,0.472,19.0,26.5,0.717,13.1,28.5,41.6,21.3,7.9,4.2,18.8,24.8,101.8
1996,NBA,Cleveland Cavaliers,CLE,True,82,19830,39.3,85.1,0.462,31.8,65.6,0.484,20.6,27.1,0.759,12.8,31.9,44.7,26.7,7.4,4.9,18.8,24.5,106.7
1996,NBA,Dallas Mavericks,DAL,False,82,19930,42.9,87.3,0.492,37.0,72.3,0.512,19.4,26.5,0.732,13.7,34.4,48.1,25.0,8.9,6.7,17.0,23.2,111.2
1996,NBA,Denver Nuggets,DEN,False,82,19830,40.6,88.5,0.459,34.6,72.3,0.479,21.0,27.6,0.76,12.3,31.3,43.6,24.6,8.1,5.5,14.8,24.9,108.1
1996,NBA,Detroit Pistons,DET,True,82,19830,39.0,88.0,0.443,32.0,68.9,0.465,20.1,28.1,0.715,13.3,31.3,44.6,23.9,7.7,5.3,15.9,26.0,105.1
1996,NBA,Golden State Warriors,GSW,False,82,19755,41.7,87.8,0.475,35.5,70.8,0.501,20.3,27.3,0.746,14.5,29.8,44.3,27.3,9.1,5.0,17.9,25.5,109.9
1996,NBA,Houston Rockets,HOU,True,82,19805,41.3,89.8,0.46,35.0,72.4,0.484,18.5,26.2,0.707,14.6,32.5,47.1,25.3,8.7,5.2,15.9,24.0,107.4
1996,NBA,Indiana Pacers,IND,True,82,19755,38.6,85.6,0.452,31.9,67.0,0.477,23.2,31.3,0.74,13.7,27.9,41.6,23.5,9.0,5.7,17.1,27.8,107.2
1996,NBA,Los Angeles Clippers,LAC,False,82,19730,40.3,84.5,0.478,34.5,68.9,0.502,23.8,31.9,0.746,13.5,30.8,44.3,21.6,9.0,5.2,17.7,24.3,110.3
1996,NBA,Los Angeles Lakers,LAL,True,82,19680,41.2,89.8,0.458,35.3,74.0,0.478,18.4,25.0,0.738,15.1,30.6,45.7,26.5,7.8,6.4,17.6,23.8,106.6
1996,NBA,Miami Heat,MIA,True,82,19780,36.4,83.9,0.434,30.5,67.5,0.452,25.0,33.3,0.752,13.1,30.8,43.9,21.9,8.8,5.4,17.2,27.0,103.8
1996,NBA,Milwaukee Bucks,MIL,False,82,19730,41.6,86.6,0.48,34.6,69.1,0.501,21.4,29.6,0.725,13.5,31.1,44.5,26.2,8.7,5.0,16.3,23.6,111.5
1996,NBA,Minnesota Timberwolves,MIN,False,82,19780,40.0,85.4,0.469,33.2,67.4,0.492,22.8,30.7,0.744,13.4,30.1,43.5,25.5,9.4,6.5,17.4,25.2,109.8
1996,NBA,New Jersey Nets,NJN,False,82,19905,39.9,87.9,0.454,32.7,69.1,0.473,19.6,26.4,0.74,13.6,31.2,44.9,24.9,8.8,6.8,16.8,25.5,106.5
1996,NBA,New York Knicks,NYK,True,82,19830,38.0,86.1,0.442,32.1,68.6,0.468,21.6,29.1,0.74,13.2,32.3,45.5,22.2,8.7,3.7,17.2,23.4,103.5
1996,NBA,Orlando Magic,ORL,True,82,19855,40.3,88.7,0.454,33.8,70.8,0.477,19.7,26.8,0.736,14.3,31.1,45.5,24.6,8.5,4.3,16.3,24.1,106.9
1996,NBA,Philadelphia 76ers,PHI,False,82,19730,43.3,89.6,0.483,36.4,70.9,0.513,19.4,26.2,0.741,15.4,32.7,48.0,27.8,9.5,6.2,17.0,25.2,113.0
1996,NBA,Phoenix Suns,PHO,True,82,19955,41.5,88.2,0.471,34.4,69.0,0.499,19.9,26.9,0.739,12.9,30.7,43.7,26.9,7.6,5.4,15.4,25.9,110.0
1996,NBA,Portland Trail Blazers,POR,True,82,19905,38.4,86.9,0.442,32.3,69.3,0.466,20.5,27.7,0.74,12.1,30.2,42.3,23.7,9.2,5.3,15.5,26.0,103.5
1996,NBA,Sacramento Kings,SAC,True,82,19755,38.9,84.0,0.462,32.9,68.2,0.482,25.4,33.8,0.751,13.7,30.1,43.8,23.5,10.0,6.6,17.6,26.1,109.1
1996,NBA,San Antonio Spurs,SAS,True,82,19780,39.2,89.2,0.439,33.5,71.9,0.466,19.3,26.4,0.73,14.4,32.1,46.6,24.0,7.9,5.6,16.3,25.6,103.5
1996,NBA,Seattle SuperSonics,SEA,True,82,19880,37.0,84.3,0.438,30.1,64.6,0.466,21.3,29.7,0.716,13.8,29.0,42.8,22.8,9.8,5.0,19.5,25.9,102.1
1996,NBA,Toronto Raptors,TOR,False,82,19830,40.9,86.0,0.475,34.1,67.6,0.504,23.4,31.4,0.745,14.3,29.5,43.8,25.8,9.9,6.3,17.2,22.6,111.8
1996,NBA,Utah Jazz,UTA,True,82,19780,37.0,83.3,0.445,29.6,64.0,0.463,24.5,32.7,0.751,12.6,29.0,41.6,22.1,7.9,5.5,17.3,26.7,106.1
1996,NBA,Vancouver Grizzlies,VAN,False,82,19880,40.9,86.0,0.475,34.8,69.8,0.498,20.7,28.2,0.733,14.6,33.8,48.4,26.4,9.3,6.3,18.9,23.7,108.5
1996,NBA,Washington Bullets,WSB,False,82,19805,39.6,86.0,0.46,34.7,71.7,0.484,23.6,30.7,0.766,14.3,30.6,44.9,21.8,9.0,5.0,17.6,24.4,107.6
1995,NBA,Atlanta Hawks,ATL,True,82,19855,40.4,87.3,0.463,34.7,70.9,0.489,18.8,25.8,0.726,14.1,32.2,46.3,23.3,8.2,4.3,18.3,24.4,105.2
1995,NBA,Boston Celtics,BOS,True,82,19805,42.6,87.9,0.484,37.7,74.4,0.507,20.6,28.7,0.72,13.7,30.1,43.8,25.8,8.4,5.9,15.9,24.8,110.6
1995,NBA,Charlotte Hornets,CHH,True,82,19805,41.0,90.5,0.454,35.3,73.3,0.482,18.3,24.7,0.74,14.6,31.4,46.1,25.2,7.1,4.9,16.2,24.7,106.1
1995,NBA,Chicago Bulls,CHI,True,82,19830,38.4,84.2,0.457,33.2,69.0,0.48,22.1,30.0,0.738,14.0,29.6,43.7,22.5,9.0,4.9,19.5,24.9,104.3
1995,NBA,Cleveland Cavaliers,CLE,True,82,19930,39.8,86.4,0.461,34.2,70.6,0.484,19.4,25.6,0.757,12.1,31.9,44.0,25.7,7.9,6.1,17.2,25.1,104.6
1995,NBA,Dallas Mavericks,DAL,False,82,19930,43.3,88.8,0.488,37.8,73.8,0.513,18.5,25.2,0.734,13.4,30.3,43.6,25.3,9.2,6.4,15.9,24.5,110.6
1995,NBA,Denver Nuggets,DEN,True,82,19980,40.1,87.9,0.456,34.6,72.1,0.479,22.6,30.2,0.75,13.4,29.0,42.4,23.4,8.4,6.0,15.3,25.7,108.2
1995,NBA,Detroit Pistons,DET,False,82,19730,40.7,85.6,0.476,34.9,69.5,0.502,25.6,35.5,0.722,15.0,31.7,46.7,26.3,9.0,5.7,16.8,22.8,112.9
1995,NBA,Golden State Warriors,GSW,False,82,19905,43.4,89.1,0.488,37.4,72.0,0.519,19.3,26.8,0.72,14.7,31.1,45.8,28.9,10.7,5.1,16.3,26.3,112.2
1995,NBA,Houston Rockets,HOU,True,82,19730,41.4,91.2,0.453,34.8,73.8,0.472,18.2,24.2,0.751,15.1,30.8,45.9,25.1,9.6,4.7,16.5,23.0,107.4
1995,NBA,Indiana Pacers,IND,True,82,19780,39.4,86.4,0.456,33.0,68.8,0.479,20.4,28.2,0.726,14.1,29.1,43.2,24.3,9.3,5.6,18.5,27.7,105.6
1995,NBA,Los Angeles Clippers,LAC,False,82,19880,41.1,82.8,0.496,36.1,69.4,0.52,24.0,32.0,0.75,13.9,32.5,46.3,24.5,8.9,5.9,19.3,24.4,111.1
1995,NBA,Los Angeles Lakers,LAL,True,82,19905,41.8,89.3,0.468,36.0,72.9,0.494,20.0,28.3,0.708,16.3,31.3,47.6,27.9,8.2,6.2,17.6,22.9,109.4
1995,NBA,Miami Heat,MIA,False,82,19805,40.3,85.6,0.471,33.7,67.2,0.501,22.6,30.5,0.74,13.5,30.7,44.2,24.3,8.6,5.0,17.4,24.7,109.9
1995,NBA,Milwaukee Bucks,MIL,False,82,19855,42.4,85.9,0.493,35.9,69.7,0.516,19.8,27.1,0.729,13.2,30.5,43.7,27.4,10.0,5.3,17.7,25.7,110.9
1995,NBA,Minnesota Timberwolves,MIN,False,82,19780,41.0,86.4,0.474,34.8,69.9,0.498,24.2,33.1,0.731,15.5,30.6,46.1,27.5,9.3,6.8,17.6,26.3,112.4
1995,NBA,New Jersey Nets,NJN,False,82,19880,41.6,90.3,0.461,35.9,74.9,0.479,19.6,27.1,0.721,13.8,31.9,45.7,23.9,9.6,5.8,14.4,25.0,108.6
1995,NBA,New York Knicks,NYK,True,82,19780,37.3,85.3,0.437,32.0,69.8,0.458,24.0,32.6,0.736,13.6,30.8,44.4,21.1,8.5,4.3,16.8,25.4,103.8
1995,NBA,Orlando Magic,ORL,True,82,19930,41.0,89.8,0.457,35.1,74.1,0.474,19.8,26.7,0.741,14.4,28.2,42.6,25.1,8.9,4.6,15.6,24.7,107.8
1995,NBA,Philadelphia 76ers,PHI,False,82,19805,41.3,88.7,0.465,35.1,71.6,0.49,20.9,27.4,0.763,15.2,30.8,46.1,26.5,9.5,5.6,17.3,24.8,109.7
1995,NBA,Phoenix Suns,PHO,True,82,19830,41.9,87.8,0.477,35.3,68.4,0.516,20.1,27.0,0.744,13.1,30.7,43.8,27.1,8.3,4.9,16.2,25.6,110.4
1995,NBA,Portland Trail Blazers,POR,True,82,19705,38.3,83.9,0.456,32.6,68.5,0.476,23.3,30.9,0.754,11.5,29.8,41.3,23.2,8.3,5.3,16.9,25.2,105.7
1995,NBA,Sacramento Kings,SAC,False,82,19855,38.8,85.7,0.453,33.9,69.5,0.487,24.0,32.4,0.741,15.0,29.7,44.7,23.8,9.9,6.7,17.6,26.6,106.5
1995,NBA,San Antonio Spurs,SAS,True,82,19855,40.5,89.1,0.454,35.0,73.1,0.479,19.1,26.7,0.714,13.0,29.4,42.4,24.0,8.1,5.2,15.1,26.4,105.4
1995,NBA,Seattle SuperSonics,SEA,True,82,19830,38.1,84.1,0.453,31.5,64.9,0.486,23.4,31.9,0.735,13.5,28.0,41.5,23.4,8.3,6.2,18.8,25.7,106.3
1995,NBA,Utah Jazz,UTA,True,82,19780,37.3,82.3,0.453,30.1,63.5,0.474,24.0,32.4,0.741,12.0,27.8,39.8,22.4,8.5,5.6,17.7,26.9,105.7
1995,NBA,Washington Bullets,WSB,False,82,19855,41.5,86.6,0.48,35.9,71.9,0.499,22.7,29.6,0.765,14.2,32.2,46.4,25.1,9.0,5.7,17.4,22.7,111.3
1994,NBA,Atlanta Hawks,ATL,True,82,19755,40.8,89.6,0.455,37.2,78.4,0.475,16.6,22.3,0.742,14.9,30.4,45.3,24.5,8.3,4.4,18.9,22.2,101.7
1994,NBA,Boston Celtics,BOS,False,82,19905,42.3,88.7,0.477,39.4,80.3,0.491,21.1,28.0,0.754,14.3,31.6,45.9,26.3,8.7,5.2,16.1,21.9,108.7
1994,NBA,Charlotte Hornets,CHH,False,82,19830,43.0,91.3,0.471,39.0,80.0,0.488,18.7,25.3,0.74,15.1,30.6,45.7,26.3,7.8,5.3,15.6,21.9,108.6
1994,NBA,Chicago Bulls,CHI,True,82,19780,40.0,86.4,0.463,36.7,76.1,0.482,19.4,26.2,0.74,13.0,29.6,42.6,24.3,9.6,4.9,17.6,22.8,102.7
1994,NBA,Cleveland Cavaliers,CLE,True,82,19855,41.3,88.9,0.464,37.9,79.3,0.478,19.1,25.9,0.735,14.0,30.8,44.8,26.5,8.3,6.1,17.1,23.7,105.1
1994,NBA,Dallas Mavericks,DAL,False,82,19730,41.4,83.8,0.494,38.1,74.9,0.509,23.7,32.2,0.737,14.2,32.2,46.4,25.4,10.1,6.5,18.4,21.2,109.6
1994,NBA,Denver Nuggets,DEN,True,82,19755,38.7,88.4,0.438,36.1,79.4,0.455,22.3,29.7,0.75,14.1,29.5,43.6,22.0,9.2,6.3,15.7,24.7,102.3
1994,NBA,Detroit Pistons,DET,False,82,19730,42.0,88.8,0.473,38.5,78.3,0.492,23.3,31.7,0.736,15.4,33.5,48.8,27.1,9.3,4.8,15.1,20.7,110.9
1994,NBA,Golden State Warriors,GSW,True,82,19780,42.0,89.8,0.468,38.2,79.1,0.483,18.9,25.8,0.731,16.2,29.5,45.7,26.7,10.3,5.0,17.5,22.9,106.5
1994,NBA,Houston Rockets,HOU,True,82,19780,40.3,91.6,0.44,37.0,80.8,0.458,17.6,23.9,0.736,14.5,31.1,45.6,24.3,9.8,4.0,15.6,22.3,101.4
1994,NBA,Indiana Pacers,IND,True,82,19755,38.8,86.1,0.45,35.2,75.5,0.466,23.0,31.5,0.73,14.7,28.0,42.8,24.8,10.8,5.1,17.5,25.9,104.2
1994,NBA,Los Angeles Clippers,LAC,False,82,19780,42.8,90.4,0.473,39.0,79.7,0.49,19.3,26.9,0.717,16.4,31.3,47.7,27.0,10.9,5.8,16.6,21.8,108.6
1994,NBA,Los Angeles Lakers,LAL,False,82,19755,42.5,89.2,0.476,39.6,80.0,0.495,21.4,29.9,0.717,16.3,32.2,48.6,27.5,8.5,5.4,17.1,21.1,109.3
1994,NBA,Miami Heat,MIA,True,82,19805,39.2,85.8,0.457,35.4,74.3,0.477,24.4,32.6,0.748,13.9,29.3,43.2,23.5,8.9,5.7,17.0,25.1,106.7
1994,NBA,Milwaukee Bucks,MIL,False,82,19705,42.0,85.4,0.491,38.3,75.2,0.509,21.7,29.4,0.737,14.0,32.2,46.2,27.0,9.9,5.4,18.3,22.9,109.3
1994,NBA,Minnesota Timberwolves,MIN,False,82,19730,41.7,88.3,0.472,38.8,78.8,0.492,22.9,31.5,0.727,14.2,29.5,43.7,27.1,10.6,7.1,15.0,23.8,109.2
1994,NBA,New Jersey Nets,NJN,True,82,19830,41.4,90.3,0.458,38.4,80.9,0.475,19.2,25.8,0.743,14.5,32.0,46.5,24.3,9.1,7.4,15.8,24.1,104.9
1994,NBA,New York Knicks,NYK,True,82,19755,36.4,84.4,0.431,33.1,73.6,0.45,22.0,30.6,0.719,13.3,29.4,42.7,21.9,8.9,4.4,18.6,24.8,98.2
1994,NBA,Orlando Magic,ORL,True,82,19730,41.7,91.1,0.458,37.9,80.2,0.473,19.5,26.2,0.745,15.3,29.5,44.8,26.9,9.7,5.6,15.7,23.6,106.7
1994,NBA,Philadelphia 76ers,PHI,False,82,19805,45.0,92.9,0.484,41.6,82.9,0.502,16.4,22.1,0.744,15.2,33.0,48.2,29.9,10.2,4.9,15.1,21.9,109.7
1994,NBA,Phoenix Suns,PHO,True,82,19705,42.5,89.8,0.474,39.0,79.0,0.494,18.1,25.2,0.72,13.7,28.3,42.0,27.1,9.4,5.5,15.8,23.5,106.8
1994,NBA,Portland Trail Blazers,POR,True,82,19755,40.7,86.8,0.469,37.1,76.6,0.484,20.4,27.2,0.75,12.5,30.5,43.0,25.7,8.0,4.8,17.1,23.9,105.5
1994,NBA,Sacramento Kings,SAC,False,82,19755,41.9,87.4,0.479,38.4,77.8,0.494,22.0,30.5,0.722,14.8,32.1,46.9,25.6,9.3,6.2,16.7,23.6,109.2
1994,NBA,San Antonio Spurs,SAS,True,82,19780,41.3,92.6,0.446,37.4,80.9,0.462,18.2,25.2,0.719,14.7,29.0,43.7,23.8,8.5,4.7,13.7,24.1,104.6
1994,NBA,Seattle SuperSonics,SEA,True,82,19730,37.4,82.6,0.453,33.3,70.5,0.472,22.5,30.4,0.741,13.9,28.0,41.9,23.1,8.8,5.4,21.3,24.1,101.5
1994,NBA,Utah Jazz,UTA,True,82,19830,38.6,86.3,0.448,34.9,73.7,0.473,23.0,31.8,0.725,14.3,30.2,44.5,23.5,7.7,6.0,17.1,25.0,104.1
1994,NBA,Washington Bullets,WSB,False,82,19705,45.3,89.2,0.508,42.1,80.1,0.526,18.3,25.4,0.723,14.2,30.0,44.2,26.8,10.4,6.0,16.4,23.2,112.2
1993,NBA,Atlanta Hawks,ATL,True,82,19830,43.5,87.7,0.496,40.0,77.4,0.517,19.7,25.9,0.758,13.4,29.9,43.3,27.2,9.1,4.5,16.9,23.3,110.2
1993,NBA,Boston Celtics,BOS,True,82,19780,41.3,89.2,0.463,38.6,80.9,0.476,22.4,29.0,0.771,14.0,30.4,44.4,25.2,8.1,4.9,15.1,21.4,107.8
1993,NBA,Charlotte Hornets,CHH,True,82,19755,44.1,93.3,0.472,41.2,84.2,0.49,18.8,25.2,0.744,16.4,29.1,45.5,27.6,7.3,5.3,15.1,23.3,109.7
1993,NBA,Chicago Bulls,CHI,True,82,19830,41.1,86.7,0.474,37.8,77.7,0.487,20.7,26.6,0.779,13.6,29.6,43.2,25.1,7.8,4.7,18.0,22.7,106.1
1993,NBA,Cleveland Cavaliers,CLE,True,82,19830,43.0,92.3,0.466,40.1,83.4,0.481,17.0,22.2,0.766,14.2,30.4,44.6,26.9,7.8,4.7,15.4,23.3,106.0
1993,NBA,Dallas Mavericks,DAL,False,82,19730,41.6,82.9,0.501,38.7,74.9,0.517,28.7,37.5,0.766,13.0,33.5,46.5,25.0,9.8,6.4,15.6,22.7,114.7
1993,NBA,Denver Nuggets,DEN,False,82,19830,40.3,87.5,0.461,37.6,79.6,0.472,23.0,30.5,0.754,14.1,30.4,44.4,22.9,9.1,6.1,16.3,24.0,106.3
1993,NBA,Detroit Pistons,DET,False,82,19780,43.2,89.9,0.481,39.8,79.9,0.499,19.0,25.9,0.736,14.3,31.8,46.1,26.6,8.1,4.7,15.9,23.5,108.9
1993,NBA,Golden State Warriors,GSW,False,82,19905,42.0,87.2,0.482,38.8,77.6,0.5,22.8,30.2,0.755,14.2,28.4,42.6,25.4,10.0,5.5,16.4,24.1,110.2
1993,NBA,Houston Rockets,HOU,True,82,19780,41.8,91.6,0.457,38.7,82.2,0.471,18.4,24.1,0.763,15.0,29.5,44.5,25.3,9.2,4.2,15.8,23.0,105.2
1993,NBA,Indiana Pacers,IND,True,82,19755,41.3,88.0,0.469,38.6,79.1,0.487,24.8,33.4,0.743,15.1,29.7,44.7,25.2,8.8,4.9,14.9,25.1,110.1
1993,NBA,Los Angeles Clippers,LAC,True,82,19805,40.5,86.2,0.47,37.1,76.6,0.485,22.7,29.8,0.763,14.4,29.8,44.2,24.1,9.4,5.5,17.7,21.7,107.1
1993,NBA,Los Angeles Lakers,LAL,True,82,19830,43.3,89.6,0.483,40.2,80.4,0.5,19.2,25.8,0.746,14.6,30.3,44.9,26.8,8.6,4.8,16.8,23.6,108.9
1993,NBA,Miami Heat,MIA,False,82,20005,41.0,86.1,0.476,37.6,76.2,0.494,23.6,30.6,0.77,13.1,30.7,43.8,24.9,8.3,5.4,16.5,26.0,108.9
1993,NBA,Milwaukee Bucks,MIL,False,82,19730,41.8,86.6,0.483,38.4,76.7,0.501,23.1,30.8,0.748,16.1,30.4,46.4,26.4,9.8,5.8,18.7,22.9,110.1
1993,NBA,Minnesota Timberwolves,MIN,False,82,19855,42.8,87.8,0.488,40.1,80.3,0.5,23.6,31.1,0.758,14.5,30.0,44.5,27.6,9.5,6.4,15.9,24.1,111.8
1993,NBA,New Jersey Nets,NJN,True,82,19780,40.8,87.8,0.465,38.3,79.9,0.479,21.0,28.4,0.741,13.9,29.6,43.6,22.6,9.9,5.3,16.5,23.8,105.2
1993,NBA,New York Knicks,NYK,True,82,19930,36.0,84.4,0.426,33.0,74.8,0.442,24.8,32.9,0.755,13.1,29.6,42.8,21.1,8.4,4.9,17.3,25.6,99.7
1993,NBA,Orlando Magic,ORL,False,82,19880,41.5,91.0,0.456,38.4,81.5,0.471,21.1,28.9,0.729,14.6,28.5,43.1,26.2,9.0,5.0,14.0,24.8,107.1
1993,NBA,Philadelphia 76ers,PHI,False,82,19930,44.8,92.3,0.486,41.4,82.7,0.5,17.3,23.0,0.755,15.4,32.2,47.6,29.4,9.6,6.0,15.8,21.9,110.4
1993,NBA,Phoenix Suns,PHO,True,82,19730,42.7,89.1,0.479,39.6,79.9,0.496,18.3,25.3,0.723,13.6,28.2,41.9,25.7,8.6,6.2,16.2,24.9,106.7
1993,NBA,Portland Trail Blazers,POR,True,82,19905,40.6,86.7,0.468,37.2,76.8,0.485,20.6,27.1,0.76,12.4,30.8,43.2,25.1,7.9,5.5,17.1,25.4,105.2
1993,NBA,Sacramento Kings,SAC,False,82,19780,41.2,84.6,0.487,38.6,76.4,0.506,24.7,32.6,0.758,13.7,30.8,44.5,25.0,9.2,6.6,17.6,24.2,109.6
1993,NBA,San Antonio Spurs,SAS,True,82,19855,41.7,90.9,0.458,38.3,81.5,0.47,20.1,26.0,0.772,13.7,30.3,44.0,24.1,8.3,4.7,14.3,25.3,106.8
1993,NBA,Seattle SuperSonics,SEA,True,82,19780,39.7,84.7,0.469,36.3,74.5,0.487,22.1,29.0,0.759,13.6,28.1,41.6,23.2,8.3,5.1,19.2,23.4,104.9
1993,NBA,Utah Jazz,UTA,True,82,19755,41.0,87.7,0.467,37.6,77.2,0.487,21.9,29.5,0.744,14.1,29.1,43.2,24.3,8.2,5.9,16.2,24.8,107.4
1993,NBA,Washington Bullets,WSB,False,82,19805,44.1,89.5,0.493,41.2,80.7,0.51,19.6,26.1,0.749,14.1,31.7,45.8,25.6,8.9,5.3,15.9,22.6,110.8
1992,NBA,Atlanta Hawks,ATL,False,82,19905,43.4,90.5,0.48,40.3,81.5,0.495,18.9,24.7,0.766,14.3,31.4,45.7,26.7,8.8,4.8,15.4,21.3,108.9
1992,NBA,Boston Celtics,BOS,True,82,19780,42.1,92.4,0.456,39.5,84.1,0.47,20.3,26.4,0.768,14.9,29.6,44.5,24.4,8.6,5.2,14.1,20.7,107.0
1992,NBA,Charlotte Hornets,CHH,False,82,19805,44.3,89.3,0.496,41.9,81.8,0.512,19.8,26.7,0.741,14.9,30.8,45.7,28.2,7.4,6.2,16.6,20.9,110.9
1992,NBA,Chicago Bulls,CHI,True,82,19830,41.1,89.4,0.46,38.3,80.9,0.473,19.6,25.4,0.768,13.9,27.8,41.7,23.6,8.1,4.5,16.5,23.1,104.5
1992,NBA,Cleveland Cavaliers,CLE,True,82,19805,44.6,94.9,0.47,42.1,87.5,0.482,16.5,21.5,0.769,15.8,30.3,46.1,27.5,8.3,5.3,14.7,23.9,108.2
1992,NBA,Dallas Mavericks,DAL,False,82,19755,42.6,90.7,0.47,40.3,83.0,0.485,23.5,30.5,0.77,14.9,33.9,48.7,24.9,9.3,5.9,13.6,22.3,111.1
1992,NBA,Denver Nuggets,DEN,False,82,19780,41.2,85.8,0.48,38.9,79.2,0.491,23.9,30.9,0.773,13.7,31.1,44.8,22.3,9.6,7.3,17.2,22.0,108.6
1992,NBA,Detroit Pistons,DET,True,82,19780,41.8,92.4,0.453,39.0,84.1,0.464,18.8,24.7,0.762,14.8,29.9,44.6,25.1,8.5,4.9,14.8,25.4,105.3
1992,NBA,Golden State Warriors,GSW,True,82,19880,42.2,87.6,0.482,39.2,78.6,0.499,22.5,29.9,0.75,15.5,28.4,43.9,24.8,9.3,5.1,17.7,23.6,109.9
1992,NBA,Houston Rockets,HOU,False,82,19880,43.0,92.9,0.463,40.6,85.6,0.474,19.4,25.2,0.77,15.6,30.5,46.2,27.0,9.4,4.9,14.9,21.2,108.0
1992,NBA,Indiana Pacers,IND,True,82,19955,41.6,88.8,0.468,39.0,81.1,0.481,24.0,31.9,0.752,15.1,28.2,43.3,26.3,9.9,4.7,15.1,24.1,109.9
1992,NBA,Los Angeles Clippers,LAC,True,82,19830,40.3,87.7,0.459,37.5,79.6,0.47,21.4,28.2,0.759,14.4,30.7,45.1,22.4,8.8,5.4,17.5,23.5,104.7
1992,NBA,Los Angeles Lakers,LAL,True,82,19830,44.6,92.9,0.48,42.3,85.1,0.498,17.4,22.8,0.762,16.2,31.2,47.4,28.4,7.8,5.1,16.4,24.0,108.9
1992,NBA,Miami Heat,MIA,True,82,19830,43.7,88.7,0.493,41.1,81.2,0.507,20.9,27.8,0.752,14.1,29.9,44.0,25.7,9.1,5.5,16.3,24.4,110.9
1992,NBA,Milwaukee Bucks,MIL,False,82,19880,43.5,87.4,0.498,40.7,79.7,0.511,20.7,27.7,0.746,14.8,29.3,44.1,26.8,9.2,6.0,17.9,22.5,110.6
1992,NBA,Minnesota Timberwolves,MIN,False,82,19805,44.0,90.7,0.485,41.8,84.6,0.495,22.2,29.8,0.744,16.7,32.3,49.0,26.6,8.4,7.3,15.5,21.4,112.4
1992,NBA,New Jersey Nets,NJN,True,82,19780,42.4,88.9,0.477,40.4,82.6,0.489,22.0,28.7,0.766,15.0,29.2,44.2,22.2,10.0,6.0,16.6,21.3,108.7
1992,NBA,New York Knicks,NYK,True,82,19855,40.1,87.5,0.458,37.8,79.6,0.474,21.7,28.2,0.767,13.2,29.1,42.3,23.1,8.7,5.1,16.2,23.4,104.2
1992,NBA,Orlando Magic,ORL,False,82,19705,42.6,87.5,0.486,39.9,80.0,0.499,22.7,30.3,0.751,13.8,30.4,44.1,26.0,9.8,6.6,15.8,23.5,110.5
1992,NBA,Philadelphia 76ers,PHI,False,82,19755,44.7,92.6,0.483,42.3,84.6,0.499,17.8,23.0,0.776,15.2,30.7,45.8,28.9,8.9,5.9,15.3,22.9,109.7
1992,NBA,Phoenix Suns,PHO,True,82,19805,41.8,91.2,0.459,39.6,84.1,0.471,20.4,26.9,0.756,14.9,28.6,43.5,23.3,8.0,6.0,15.3,23.6,106.2
1992,NBA,Portland Trail Blazers,POR,True,82,19880,39.6,87.2,0.454,36.7,77.4,0.474,21.9,28.9,0.759,13.4,28.5,41.9,24.2,8.4,5.3,16.7,23.9,104.2
1992,NBA,Sacramento Kings,SAC,False,82,19830,43.2,90.2,0.479,40.7,82.7,0.493,21.0,27.9,0.752,15.9,32.1,48.0,25.9,9.9,6.4,16.5,22.1,109.9
1992,NBA,San Antonio Spurs,SAS,True,82,19780,40.5,89.5,0.452,37.4,80.7,0.464,20.0,26.0,0.77,13.9,29.8,43.7,23.7,9.5,5.8,15.8,22.8,104.1
1992,NBA,Seattle SuperSonics,SEA,True,82,19855,41.4,87.0,0.475,38.7,79.1,0.489,23.4,31.2,0.751,14.2,28.2,42.5,23.2,8.8,6.1,16.7,23.4,108.8
1992,NBA,Utah Jazz,UTA,True,82,19880,41.6,90.8,0.459,38.7,82.0,0.472,19.4,26.0,0.747,14.5,28.5,43.0,24.3,8.2,5.8,15.2,24.8,105.6
1992,NBA,Washington Bullets,WSB,False,82,19855,42.5,88.8,0.478,39.8,81.3,0.49,20.9,27.7,0.753,14.8,32.6,47.4,23.5,8.8,5.6,16.4,20.9,108.4
1991,NBA,Atlanta Hawks,ATL,True,82,19755,44.0,88.9,0.494,41.3,81.3,0.508,19.6,25.5,0.767,13.3,30.8,44.1,28.6,8.5,4.4,15.9,25.1,110.1
1991,NBA,Boston Celtics,BOS,True,82,19805,42.1,93.0,0.452,39.7,85.5,0.465,20.2,25.6,0.786,14.7,27.1,41.8,25.3,9.1,4.7,13.9,20.4,106.7
1991,NBA,Charlotte Hornets,CHH,False,82,19805,42.5,86.1,0.493,40.5,79.9,0.507,23.5,30.4,0.772,14.3,31.3,45.7,26.7,8.4,6.0,17.5,22.9,110.4
1991,NBA,Chicago Bulls,CHI,True,82,19755,41.5,87.5,0.475,39.1,79.5,0.492,19.7,25.6,0.77,13.5,27.5,41.0,25.6,8.0,4.4,17.8,23.2,105.2
1991,NBA,Cleveland Cavaliers,CLE,False,82,19830,44.0,90.5,0.486,41.9,84.1,0.498,18.6,24.4,0.764,14.0,30.5,44.5,27.3,9.0,5.0,15.6,24.1,108.7
1991,NBA,Dallas Mavericks,DAL,False,82,19805,43.1,89.4,0.482,40.8,81.9,0.498,21.9,29.6,0.74,14.4,32.0,46.4,26.1,8.4,5.1,14.8,22.9,110.3
1991,NBA,Denver Nuggets,DEN,False,82,19730,43.6,85.2,0.512,41.5,79.8,0.52,25.4,32.8,0.775,13.3,32.8,46.1,26.7,8.1,5.6,16.3,19.7,114.7
1991,NBA,Detroit Pistons,DET,True,82,19805,40.3,88.9,0.453,38.2,82.3,0.464,22.1,28.7,0.77,13.2,30.0,43.2,22.9,7.7,3.8,14.9,26.2,104.6
1991,NBA,Golden State Warriors,GSW,True,82,19805,41.5,86.0,0.482,38.9,77.9,0.499,24.8,32.7,0.758,15.1,29.0,44.1,25.3,8.5,5.1,17.9,25.8,110.3
1991,NBA,Houston Rockets,HOU,True,82,19855,41.0,89.8,0.456,38.7,82.2,0.471,19.7,25.6,0.771,15.2,29.8,45.1,24.1,8.7,4.4,17.4,21.9,103.9
1991,NBA,Indiana Pacers,IND,True,82,19805,43.6,89.0,0.49,41.4,81.6,0.507,22.6,30.4,0.743,14.7,28.2,42.9,25.2,8.9,4.3,15.4,24.8,112.1
1991,NBA,Los Angeles Clippers,LAC,False,82,19805,40.5,86.8,0.467,38.1,79.6,0.478,23.1,30.7,0.752,13.5,30.3,43.8,24.0,9.4,6.0,16.0,22.9,106.5
1991,NBA,Los Angeles Lakers,LAL,True,82,19830,43.1,93.4,0.462,40.8,86.0,0.475,16.4,21.9,0.752,14.5,28.1,42.7,25.7,8.6,4.3,15.1,23.4,105.0
1991,NBA,Miami Heat,MIA,False,82,19780,40.8,85.2,0.478,38.6,79.0,0.489,24.4,31.8,0.767,14.4,28.9,43.3,24.5,10.4,6.1,17.9,24.0,108.1
1991,NBA,Milwaukee Bucks,MIL,True,82,19855,41.4,85.2,0.486,39.0,78.0,0.5,22.1,29.1,0.759,13.9,29.1,43.0,25.4,8.9,5.8,19.3,24.0,107.2
1991,NBA,Minnesota Timberwolves,MIN,False,82,19905,43.4,88.5,0.49,41.1,81.9,0.502,21.9,29.0,0.757,14.3,31.1,45.4,28.0,6.7,6.7,16.2,22.1,110.9
1991,NBA,New Jersey Nets,NJN,False,82,19830,41.1,87.9,0.468,39.5,82.5,0.479,23.5,30.4,0.773,15.7,30.8,46.5,21.2,10.1,6.6,17.7,23.1,107.4
1991,NBA,New York Knicks,NYK,True,82,19955,43.2,90.7,0.476,40.9,83.8,0.488,18.6,24.1,0.773,14.2,29.6,43.8,25.3,9.2,4.7,15.7,23.0,107.3
1991,NBA,Orlando Magic,ORL,False,82,19780,42.1,88.2,0.478,39.4,80.0,0.493,22.9,29.9,0.767,13.4,30.5,43.8,25.8,8.6,8.0,14.8,24.2,109.9
1991,NBA,Philadelphia 76ers,PHI,True,82,20080,44.2,92.8,0.476,41.7,84.6,0.493,17.3,22.4,0.774,14.4,31.5,45.9,27.7,8.6,4.9,14.7,23.3,108.1
1991,NBA,Phoenix Suns,PHO,True,82,19730,41.7,90.3,0.462,39.5,83.3,0.474,20.5,27.0,0.76,14.4,27.7,42.1,23.7,8.2,5.6,15.4,24.8,106.1
1991,NBA,Portland Trail Blazers,POR,True,82,19905,39.8,87.3,0.456,37.0,78.5,0.471,21.8,28.1,0.777,12.9,28.2,41.2,24.6,7.6,4.2,16.8,24.9,104.3
1991,NBA,Sacramento Kings,SAC,False,82,19705,40.4,86.0,0.47,38.4,79.7,0.482,26.3,34.5,0.761,15.0,32.7,47.7,24.6,9.0,5.8,16.9,23.8,109.1
1991,NBA,San Antonio Spurs,SAS,True,82,19830,40.1,89.5,0.448,37.4,80.9,0.463,20.4,26.9,0.761,13.8,27.9,41.6,23.7,9.8,5.4,15.5,24.7,103.3
1991,NBA,Seattle SuperSonics,SEA,True,82,19880,41.2,84.6,0.488,38.6,76.6,0.504,23.4,30.9,0.759,13.9,27.0,40.9,23.2,9.1,5.6,18.6,22.8,108.5
1991,NBA,Utah Jazz,UTA,True,82,19780,41.0,89.3,0.459,38.4,80.8,0.475,20.6,26.6,0.773,14.0,29.0,43.0,23.7,8.7,5.2,16.0,25.4,105.1
1991,NBA,Washington Bullets,WSB,False,82,19855,42.1,90.2,0.466,40.0,83.3,0.48,21.8,28.4,0.771,15.3,30.6,45.9,23.1,9.0,6.1,15.5,22.0,108.1
1990,NBA,Atlanta Hawks,ATL,False,82,19730,43.6,88.0,0.496,41.3,81.3,0.509,22.3,28.9,0.772,14.6,28.4,43.0,27.2,8.5,4.9,16.4,24.9,111.9
1990,NBA,Boston Celtics,BOS,True,82,19705,42.7,91.6,0.466,40.5,84.9,0.477,20.4,26.5,0.773,13.0,28.8,41.7,25.8,9.1,4.4,12.4,22.9,107.9
1990,NBA,Charlotte Hornets,CHH,False,82,19755,42.6,85.8,0.497,41.0,80.5,0.509,23.1,29.5,0.784,13.2,33.7,46.9,25.6,7.9,4.8,17.0,21.7,109.9
1990,NBA,Chicago Bulls,CHI,True,82,19830,42.1,85.3,0.493,39.5,78.0,0.506,22.3,29.9,0.746,13.4,28.7,42.1,26.4,8.3,4.8,17.7,21.8,109.0
1990,NBA,Cleveland Cavaliers,CLE,True,82,19880,43.4,90.7,0.479,41.5,84.3,0.492,18.4,24.1,0.761,14.4,31.2,45.6,27.2,8.6,4.8,16.4,24.1,107.2
1990,NBA,Dallas Mavericks,DAL,True,82,19855,42.1,89.7,0.469,39.8,82.2,0.484,20.8,27.6,0.753,14.6,30.7,45.3,25.1,8.3,5.0,15.8,23.4,107.2
1990,NBA,Denver Nuggets,DEN,True,82,19805,41.3,84.3,0.489,39.4,78.4,0.502,22.3,28.9,0.77,11.7,32.7,44.5,23.8,7.0,5.3,17.4,22.0,106.7
1990,NBA,Detroit Pistons,DET,True,82,19805,39.1,87.4,0.447,36.7,80.3,0.457,22.9,30.1,0.762,13.4,29.3,42.6,22.7,7.8,3.9,16.0,26.6,103.5
1990,NBA,Golden State Warriors,GSW,False,82,19705,43.3,90.7,0.478,40.3,82.3,0.49,23.0,30.3,0.759,17.2,29.8,47.0,26.8,9.4,4.9,16.4,25.5,112.6
1990,NBA,Houston Rockets,HOU,True,82,19805,40.7,87.7,0.464,38.8,81.1,0.478,20.0,27.0,0.741,14.1,29.5,43.5,24.1,9.5,4.7,17.1,21.8,103.4
1990,NBA,Indiana Pacers,IND,True,82,19880,43.4,89.9,0.482,41.2,83.2,0.496,22.4,29.8,0.753,14.6,28.6,43.2,24.2,8.9,4.0,14.8,25.1,111.4
1990,NBA,Los Angeles Clippers,LAC,False,82,19805,41.9,88.1,0.476,39.7,81.0,0.49,21.2,27.5,0.772,14.0,28.9,43.0,25.6,10.1,5.2,16.7,23.8,107.4
1990,NBA,Los Angeles Lakers,LAL,True,82,19855,42.4,91.0,0.467,40.3,84.4,0.477,19.9,26.5,0.75,14.2,28.2,42.3,25.2,8.4,5.3,15.1,24.0,107.0
1990,NBA,Miami Heat,MIA,False,82,19730,41.2,84.4,0.488,39.3,78.9,0.498,24.7,32.7,0.755,13.5,29.7,43.3,25.0,10.4,5.7,17.7,21.5,108.9
1990,NBA,Milwaukee Bucks,MIL,True,82,19830,40.6,84.8,0.479,38.4,77.9,0.493,24.6,31.7,0.774,14.3,29.7,44.0,25.0,8.5,5.5,18.6,23.2,108.1
1990,NBA,Minnesota Timberwolves,MIN,False,82,19855,40.9,84.8,0.482,39.2,79.6,0.492,24.7,32.1,0.768,13.9,30.8,44.8,25.0,7.7,6.5,18.1,23.2,108.2
1990,NBA,New Jersey Nets,NJN,False,82,19705,41.7,86.1,0.485,40.0,81.0,0.494,23.4,30.6,0.765,14.0,31.8,45.8,23.0,9.4,5.9,17.4,23.1,108.6
1990,NBA,New York Knicks,NYK,True,82,19830,43.1,91.6,0.471,41.0,84.9,0.483,19.7,25.9,0.761,15.4,28.2,43.5,26.2,8.9,5.2,15.9,23.0,108.0
1990,NBA,Orlando Magic,ORL,False,82,19805,45.0,90.3,0.498,42.7,83.8,0.509,22.1,29.1,0.758,13.6,29.9,43.5,27.1,8.5,6.5,14.2,24.0,114.3
1990,NBA,Philadelphia 76ers,PHI,True,82,19805,42.9,89.4,0.48,40.2,82.2,0.49,19.9,25.8,0.771,14.0,29.6,43.6,27.1,8.0,4.8,15.5,24.4,108.4
1990,NBA,Phoenix Suns,PHO,True,82,19855,42.4,91.1,0.465,40.0,84.3,0.474,19.0,26.0,0.733,14.4,28.0,42.5,25.5,8.1,4.7,15.1,25.8,106.2
1990,NBA,Portland Trail Blazers,POR,True,82,19880,39.5,85.3,0.464,36.9,77.2,0.478,22.6,29.5,0.767,12.5,27.8,40.3,23.9,7.9,5.1,17.6,24.6,104.4
1990,NBA,Sacramento Kings,SAC,False,82,19755,42.5,89.9,0.473,40.5,83.6,0.485,23.0,29.2,0.787,14.4,31.8,46.2,25.4,8.8,4.9,14.7,21.9,110.0
1990,NBA,San Antonio Spurs,SAS,True,82,19730,40.4,87.6,0.461,37.5,79.9,0.47,20.5,26.8,0.767,13.9,27.7,41.6,24.3,9.4,5.1,17.5,23.7,104.2
1990,NBA,Seattle SuperSonics,SEA,False,82,19905,41.2,84.8,0.486,38.9,78.2,0.498,25.2,32.0,0.786,12.7,27.9,40.6,23.6,8.0,5.1,16.5,22.7,109.8
1990,NBA,Utah Jazz,UTA,True,82,19830,39.9,87.5,0.455,37.7,80.4,0.468,23.5,30.9,0.761,13.9,27.8,41.7,23.7,9.3,5.7,15.6,24.1,105.4
1990,NBA,Washington Bullets,WSB,False,82,19830,42.8,90.1,0.474,41.0,84.4,0.486,22.5,28.9,0.777,14.6,30.5,45.1,23.8,7.8,5.2,14.6,21.7,109.7
1989,NBA,Atlanta Hawks,ATL,True,82,19805,41.4,87.8,0.472,39.6,81.5,0.486,22.5,28.7,0.784,15.5,28.6,44.2,25.1,8.5,4.3,18.3,26.0,107.2
1989,NBA,Boston Celtics,BOS,True,82,19780,43.0,88.8,0.484,41.3,83.1,0.497,22.0,28.4,0.776,13.0,27.5,40.4,26.3,9.4,4.8,14.7,24.1,109.6
1989,NBA,Charlotte Hornets,CHH,False,82,19780,43.0,86.1,0.5,41.6,81.2,0.512,24.7,31.8,0.776,14.4,31.7,46.1,24.9,8.6,5.3,17.2,21.7,112.1
1989,NBA,Chicago Bulls,CHI,True,82,19780,42.0,88.8,0.474,39.6,81.4,0.487,21.2,27.4,0.773,13.5,28.8,42.3,26.3,8.6,4.4,15.7,22.3,107.7
1989,NBA,Cleveland Cavaliers,CLE,True,82,19755,42.0,91.1,0.461,39.8,84.8,0.47,16.8,21.7,0.777,15.0,28.3,43.3,25.3,8.5,4.5,17.7,24.4,102.9
1989,NBA,Dallas Mavericks,DAL,False,82,19780,43.3,92.5,0.469,41.2,85.9,0.48,19.9,26.5,0.753,15.6,31.6,47.2,27.0,8.4,4.9,14.9,23.7,108.6
1989,NBA,Denver Nuggets,DEN,True,82,19880,41.6,84.0,0.495,39.8,79.0,0.504,22.2,30.1,0.737,12.8,32.2,44.9,24.0,7.5,5.4,17.9,22.5,107.1
1989,NBA,Detroit Pistons,DET,True,82,19830,39.8,89.0,0.447,37.8,82.0,0.461,23.1,29.5,0.785,14.3,27.7,42.1,23.5,8.2,4.3,15.5,26.5,104.7
1989,NBA,Golden State Warriors,GSW,True,82,19905,41.5,89.9,0.462,38.3,80.7,0.475,21.5,28.1,0.766,16.1,29.7,45.8,24.9,9.7,5.4,17.5,21.7,107.7
1989,NBA,Houston Rockets,HOU,True,82,19855,40.5,86.6,0.468,38.3,80.2,0.478,21.5,28.2,0.761,13.6,28.8,42.4,23.9,9.5,5.2,17.3,23.9,104.8
1989,NBA,Indiana Pacers,IND,False,82,19855,42.1,90.2,0.467,40.0,83.5,0.479,24.8,31.8,0.781,15.7,28.2,43.9,24.8,10.2,4.7,14.7,24.7,111.0
1989,NBA,Los Angeles Clippers,LAC,False,82,19855,43.4,89.6,0.484,41.1,82.9,0.496,21.2,27.8,0.764,15.5,29.5,45.0,27.6,10.8,6.4,16.7,21.8,110.2
1989,NBA,Los Angeles Lakers,LAL,True,82,19805,42.9,91.2,0.47,40.5,84.1,0.481,18.7,24.8,0.752,14.3,26.9,41.1,26.1,9.1,5.2,15.3,23.5,106.7
1989,NBA,Miami Heat,MIA,False,82,19855,41.3,84.5,0.488,39.5,79.3,0.498,24.7,31.9,0.773,14.5,28.9,43.4,25.2,11.3,6.7,18.8,22.3,109.0
1989,NBA,Milwaukee Bucks,MIL,True,82,19755,40.7,85.1,0.478,38.3,78.5,0.488,22.7,29.2,0.776,13.5,28.8,42.3,26.0,8.7,5.2,18.8,23.9,106.4
1989,NBA,New Jersey Nets,NJN,False,82,19805,43.1,86.7,0.497,41.2,80.5,0.512,21.2,27.7,0.765,12.5,30.0,42.5,25.8,9.0,5.9,16.7,22.2,109.3
1989,NBA,New York Knicks,NYK,True,82,19805,42.2,85.4,0.494,40.4,79.2,0.511,21.3,27.7,0.767,14.1,27.0,41.1,26.6,9.0,5.0,19.6,22.0,107.5
1989,NBA,Philadelphia 76ers,PHI,True,82,19780,45.0,89.8,0.501,43.0,83.7,0.513,19.3,24.9,0.774,14.1,29.7,43.9,28.1,7.9,5.5,15.6,24.4,111.5
1989,NBA,Phoenix Suns,PHO,True,82,19755,41.7,89.9,0.464,39.6,83.3,0.475,20.2,26.8,0.753,14.6,28.6,43.1,25.2,7.3,5.0,15.9,23.9,105.7
1989,NBA,Portland Trail Blazers,POR,True,82,19830,41.6,85.3,0.488,39.3,78.9,0.498,22.5,29.2,0.772,13.4,27.8,41.3,24.1,8.6,4.2,18.3,22.8,108.0
1989,NBA,Sacramento Kings,SAC,False,82,19780,43.3,89.6,0.484,41.2,82.7,0.498,21.1,27.8,0.759,14.1,31.4,45.6,25.4,9.2,5.3,15.5,22.0,110.0
1989,NBA,San Antonio Spurs,SAS,False,82,19755,40.7,83.4,0.488,38.7,77.2,0.501,24.6,31.7,0.776,14.7,28.7,43.4,24.1,10.7,6.4,20.2,22.6,107.9
1989,NBA,Seattle SuperSonics,SEA,True,82,19780,41.7,85.7,0.486,39.6,79.1,0.501,23.2,30.2,0.769,14.4,27.3,41.7,23.7,8.1,5.0,18.8,22.8,108.6
1989,NBA,Utah Jazz,UTA,True,82,19730,38.7,89.0,0.434,36.4,81.5,0.446,21.9,29.1,0.754,15.1,27.7,42.9,22.5,9.7,6.3,16.5,25.9,101.5
1989,NBA,Washington Bullets,WSB,False,82,19855,41.8,86.7,0.482,39.9,80.6,0.495,23.1,30.1,0.769,13.6,30.4,44.0,25.0,7.9,6.3,16.6,23.0,108.5
1988,NBA,Atlanta Hawks,ATL,True,82,19780,40.8,86.7,0.471,39.1,81.6,0.48,24.3,31.2,0.777,14.6,29.6,44.2,24.9,8.1,4.4,16.6,25.3,107.6
1988,NBA,Boston Celtics,BOS,True,82,19780,43.3,89.9,0.482,42.0,85.4,0.491,21.4,27.9,0.767,13.9,27.2,41.1,25.5,9.1,4.3,14.6,24.6,109.4
1988,NBA,Chicago Bulls,CHI,True,82,19855,41.5,88.2,0.47,40.1,83.6,0.48,21.1,27.9,0.757,13.0,28.7,41.7,26.3,7.6,5.3,15.8,23.8,105.5
1988,NBA,Cleveland Cavaliers,CLE,True,82,19780,42.2,88.5,0.476,40.6,83.5,0.486,20.1,25.5,0.788,14.4,28.1,42.6,24.8,8.6,5.6,17.9,25.2,106.0
1988,NBA,Dallas Mavericks,DAL,True,82,19755,43.4,92.5,0.47,41.3,86.0,0.481,18.8,24.5,0.766,15.0,28.0,43.0,28.1,7.7,5.5,15.4,25.0,107.7
1988,NBA,Denver Nuggets,DEN,True,82,19780,41.5,84.6,0.49,40.2,80.3,0.501,22.0,28.8,0.762,13.6,31.6,45.2,25.0,7.1,5.9,18.5,22.9,106.3
1988,NBA,Detroit Pistons,DET,True,82,19780,41.1,88.0,0.467,39.7,83.2,0.478,21.6,28.4,0.762,14.1,28.1,42.2,24.2,8.0,5.0,16.4,26.7,105.3
1988,NBA,Golden State Warriors,GSW,False,82,19780,43.3,86.5,0.501,41.5,80.9,0.513,24.4,32.2,0.758,14.4,30.0,44.4,27.1,8.9,5.2,16.9,21.6,112.9
1988,NBA,Houston Rockets,HOU,True,82,19680,41.4,88.9,0.465,40.1,84.2,0.476,21.6,28.2,0.767,15.1,30.0,45.1,23.4,8.8,4.4,16.8,24.1,105.7
1988,NBA,Indiana Pacers,IND,False,82,19705,41.4,87.7,0.472,40.0,83.2,0.481,23.1,30.4,0.76,14.4,31.1,45.5,24.0,8.7,5.1,15.8,23.1,107.4
1988,NBA,Los Angeles Clippers,LAC,False,82,19805,42.2,88.5,0.477,40.7,84.1,0.484,21.6,27.8,0.779,14.9,32.0,47.0,27.6,10.1,5.8,17.5,23.0,107.6
1988,NBA,Los Angeles Lakers,LAL,True,82,19805,43.4,91.3,0.476,41.8,85.9,0.487,18.8,24.7,0.761,14.4,27.5,41.9,26.9,9.0,4.8,15.2,23.7,107.3
1988,NBA,Milwaukee Bucks,MIL,True,82,19780,41.6,87.8,0.473,39.9,82.3,0.485,22.8,30.0,0.76,14.6,29.8,44.4,26.6,7.7,5.6,16.7,24.3,107.6
1988,NBA,New Jersey Nets,NJN,False,82,19780,42.3,85.2,0.497,40.7,80.7,0.504,23.3,29.8,0.783,12.7,30.3,43.0,24.5,10.0,6.4,17.6,23.9,109.6
1988,NBA,New York Knicks,NYK,True,82,19805,39.2,82.1,0.477,37.8,77.5,0.487,26.6,34.3,0.776,14.1,27.9,42.1,24.5,8.6,5.5,20.0,24.1,106.4
1988,NBA,Philadelphia 76ers,PHI,False,82,19905,44.0,88.7,0.496,42.2,83.4,0.506,20.6,27.2,0.758,13.9,27.9,41.9,27.8,9.0,5.5,16.1,26.6,110.3
1988,NBA,Phoenix Suns,PHO,False,82,19730,43.4,87.1,0.498,41.8,82.0,0.51,23.1,30.1,0.767,13.3,29.0,42.3,26.7,8.5,5.3,15.6,22.8,111.4
1988,NBA,Portland Trail Blazers,POR,True,82,19730,41.0,86.2,0.476,39.3,80.8,0.487,23.7,30.9,0.768,13.5,28.2,41.7,25.3,7.6,4.4,16.9,25.1,107.4
1988,NBA,Sacramento Kings,SAC,False,82,19780,44.7,89.7,0.498,43.3,85.3,0.507,21.3,28.0,0.761,13.9,29.1,43.0,26.2,9.4,6.4,14.4,23.5,112.1
1988,NBA,San Antonio Spurs,SAS,True,82,19805,44.7,89.2,0.502,42.9,83.9,0.511,21.5,27.8,0.776,15.0,29.2,44.2,28.7,8.0,6.2,16.6,22.9,112.8
1988,NBA,Seattle SuperSonics,SEA,True,82,19855,39.8,82.0,0.485,38.2,77.2,0.495,27.0,36.1,0.749,13.6,27.8,41.4,23.7,7.3,5.1,18.5,23.7,108.1
1988,NBA,Utah Jazz,UTA,True,82,19705,39.3,87.4,0.449,37.5,81.8,0.459,22.9,29.7,0.77,15.3,29.3,44.6,23.9,9.2,5.7,17.6,24.1,103.1
1988,NBA,Washington Bullets,WSB,True,82,19880,42.6,89.0,0.478,41.0,84.2,0.487,20.5,27.6,0.744,15.1,29.1,44.2,26.3,8.5,6.5,17.0,24.2,107.2
1987,NBA,Atlanta Hawks,ATL,True,82,19730,39.4,87.4,0.451,37.8,82.0,0.461,24.8,32.4,0.765,14.9,28.4,43.4,23.9,7.7,4.8,16.4,25.4,105.2
1987,NBA,Boston Celtics,BOS,True,82,19805,42.6,92.2,0.463,41.1,87.2,0.472,20.0,26.4,0.758,15.2,28.1,43.3,25.3,8.9,4.2,14.2,23.5,106.8
1987,NBA,Chicago Bulls,CHI,True,82,19830,42.1,87.3,0.483,40.7,83.0,0.49,21.9,28.5,0.769,13.0,29.3,42.2,25.6,7.4,6.2,16.0,23.3,107.6
1987,NBA,Cleveland Cavaliers,CLE,False,82,19755,42.6,89.2,0.478,41.5,85.1,0.488,20.0,26.5,0.753,15.0,28.7,43.8,24.7,9.7,5.7,16.8,24.9,106.4
1987,NBA,Dallas Mavericks,DAL,True,82,19880,43.1,90.1,0.478,41.5,84.9,0.489,21.0,27.5,0.763,15.1,28.7,43.7,27.7,6.9,5.1,16.0,25.7,108.7
1987,NBA,Denver Nuggets,DEN,True,82,19780,41.6,83.9,0.495,40.3,79.8,0.505,25.8,33.2,0.777,13.3,31.1,44.4,25.0,6.4,5.2,17.9,24.5,110.2
1987,NBA,Detroit Pistons,DET,True,82,19830,40.4,87.5,0.462,38.8,82.5,0.471,23.4,31.2,0.748,13.7,28.0,41.7,24.3,8.0,5.7,15.5,24.8,105.8
1987,NBA,Golden State Warriors,GSW,True,82,19905,42.9,87.0,0.493,41.0,81.6,0.503,23.7,31.6,0.749,14.8,29.4,44.2,25.8,8.2,5.3,16.7,24.3,111.2
1987,NBA,Houston Rockets,HOU,True,82,19780,40.7,87.8,0.463,39.5,83.5,0.473,22.9,29.4,0.779,14.2,28.7,42.9,25.8,8.8,4.5,16.6,23.4,105.5
1987,NBA,Indiana Pacers,IND,True,82,19930,40.7,84.9,0.48,39.5,80.7,0.489,23.9,31.5,0.759,13.6,31.5,45.1,24.6,8.0,5.8,17.3,22.6,106.6
1987,NBA,Los Angeles Clippers,LAC,False,82,19780,44.4,85.7,0.518,43.1,82.0,0.526,22.2,29.7,0.746,14.0,31.2,45.3,28.6,9.5,6.3,18.1,23.9,112.3
1987,NBA,Los Angeles Lakers,LAL,True,82,19730,42.2,90.2,0.467,40.7,85.0,0.479,20.7,27.1,0.764,15.3,26.0,41.4,26.5,8.6,4.8,16.4,24.0,106.5
1987,NBA,Milwaukee Bucks,MIL,True,82,19780,39.3,83.5,0.47,37.8,78.5,0.482,25.6,33.8,0.757,14.4,30.0,44.4,24.4,8.0,5.6,18.8,24.5,105.6
1987,NBA,New Jersey Nets,NJN,False,82,19855,40.6,84.6,0.48,39.2,80.2,0.488,27.9,35.8,0.78,13.4,27.9,41.3,23.2,9.7,6.7,16.1,25.2,110.5
1987,NBA,New York Knicks,NYK,False,82,19780,43.1,87.9,0.49,41.9,83.5,0.502,23.7,31.2,0.761,16.4,30.1,46.5,26.5,9.4,4.9,17.4,24.0,111.1
1987,NBA,Philadelphia 76ers,PHI,True,82,19880,43.9,89.4,0.491,42.4,84.2,0.504,19.3,25.4,0.757,15.1,27.3,42.4,27.3,10.1,5.5,17.0,24.6,108.5
1987,NBA,Phoenix Suns,PHO,False,82,19855,42.9,86.9,0.494,41.5,82.3,0.504,23.0,30.5,0.756,14.6,27.9,42.5,26.6,9.5,5.2,16.9,24.1,110.3
1987,NBA,Portland Trail Blazers,POR,True,82,19805,42.1,86.8,0.485,40.8,82.0,0.497,23.0,29.9,0.771,13.9,26.3,40.2,25.3,8.5,5.5,17.4,25.7,108.6
1987,NBA,Sacramento Kings,SAC,False,82,19780,43.8,89.4,0.489,42.3,84.7,0.499,23.0,29.9,0.769,13.9,28.2,42.1,25.8,8.5,5.8,14.5,24.8,112.1
1987,NBA,San Antonio Spurs,SAS,False,82,19805,44.1,87.1,0.507,42.9,82.6,0.519,21.3,28.2,0.755,13.1,29.3,42.4,28.3,8.3,5.5,16.9,22.0,110.8
1987,NBA,Seattle SuperSonics,SEA,True,82,19855,41.7,87.0,0.479,40.6,83.2,0.488,25.7,33.5,0.768,14.7,27.0,41.7,24.0,8.7,4.9,15.9,24.1,110.3
1987,NBA,Utah Jazz,UTA,True,82,19755,39.4,86.4,0.456,37.7,81.1,0.465,23.2,30.2,0.77,15.4,31.0,46.5,23.7,8.5,5.4,18.6,23.5,103.7
1987,NBA,Washington Bullets,WSB,True,82,19705,42.8,90.6,0.473,41.6,86.3,0.482,20.1,26.5,0.758,16.2,30.2,46.4,26.1,8.5,6.7,17.5,23.6,107.0
1986,NBA,Atlanta Hawks,ATL,True,82,19805,40.7,85.7,0.475,39.7,82.3,0.482,23.1,30.4,0.76,14.6,28.2,42.8,23.6,8.4,4.5,18.1,25.8,105.6
1986,NBA,Boston Celtics,BOS,True,82,19855,41.1,89.3,0.461,40.2,85.7,0.469,19.3,25.8,0.748,13.0,27.7,40.7,23.0,8.7,4.1,15.0,23.5,102.6
1986,NBA,Chicago Bulls,CHI,True,82,19855,43.6,86.5,0.504,42.8,83.7,0.511,24.3,31.8,0.762,13.4,28.6,42.0,26.3,8.0,6.0,15.7,24.3,112.4
1986,NBA,Cleveland Cavaliers,CLE,False,82,19780,41.0,86.4,0.475,40.0,82.9,0.482,25.3,32.9,0.767,13.5,29.8,43.3,25.3,8.5,4.3,15.9,23.2,108.3
1986,NBA,Dallas Mavericks,DAL,True,82,19805,45.8,91.2,0.503,44.8,87.5,0.512,18.3,24.3,0.754,14.5,29.3,43.7,28.2,7.3,5.0,15.2,26.0,111.0
1986,NBA,Denver Nuggets,DEN,True,82,19755,41.4,84.3,0.491,40.7,81.3,0.501,22.4,30.7,0.73,14.7,31.1,45.8,24.0,7.3,5.5,19.8,24.1,105.9
1986,NBA,Detroit Pistons,DET,True,82,19780,42.2,85.8,0.492,41.3,82.8,0.499,22.8,30.1,0.756,13.7,29.6,43.3,24.3,7.7,5.8,17.4,23.0,107.9
1986,NBA,Golden State Warriors,GSW,False,82,19780,45.0,86.5,0.52,44.2,83.9,0.527,20.9,28.0,0.746,13.6,29.3,43.0,27.1,8.1,5.1,17.3,24.1,111.6
1986,NBA,Houston Rockets,HOU,True,82,19755,42.7,86.9,0.491,41.7,83.7,0.498,21.2,28.2,0.749,14.0,28.0,42.0,25.8,8.0,4.5,17.2,23.2,107.6
1986,NBA,Indiana Pacers,IND,False,82,19755,40.6,85.8,0.473,39.7,82.5,0.482,23.8,31.0,0.768,12.6,29.9,42.5,24.8,9.0,5.4,15.8,23.0,105.9
1986,NBA,Los Angeles Clippers,LAC,False,82,19755,45.5,89.8,0.507,44.7,86.7,0.515,20.2,27.0,0.747,15.0,29.1,44.1,29.2,9.0,5.4,16.5,25.0,112.1
1986,NBA,Los Angeles Lakers,LAL,True,82,19830,42.1,87.8,0.48,41.5,84.9,0.49,20.9,27.9,0.751,13.0,26.2,39.2,26.3,9.3,4.2,15.7,23.5,105.8
1986,NBA,Milwaukee Bucks,MIL,True,82,19805,39.0,83.6,0.467,37.8,79.7,0.475,23.5,31.7,0.74,13.9,27.6,41.5,23.2,7.5,4.7,19.4,25.4,102.7
1986,NBA,New Jersey Nets,NJN,True,82,19805,41.1,83.6,0.492,40.0,79.8,0.501,23.6,30.8,0.766,12.2,27.8,39.9,23.7,9.2,4.6,17.9,23.5,106.9
1986,NBA,New York Knicks,NYK,False,82,19805,39.2,82.0,0.478,38.4,78.7,0.488,25.8,33.7,0.766,14.3,31.8,46.1,24.7,8.6,5.5,20.0,24.8,105.2
1986,NBA,Philadelphia 76ers,PHI,True,82,19905,43.4,87.9,0.493,42.4,84.5,0.501,18.5,24.5,0.757,14.3,26.7,41.0,27.1,9.6,5.6,18.2,26.2,106.3
1986,NBA,Phoenix Suns,PHO,False,82,19805,41.3,84.5,0.488,40.2,81.3,0.495,23.6,31.1,0.758,13.1,26.2,39.3,24.9,9.7,5.4,17.5,25.6,107.2
1986,NBA,Portland Trail Blazers,POR,True,82,19855,42.1,83.9,0.502,41.1,81.0,0.508,23.0,30.5,0.755,13.6,27.3,41.0,26.1,8.8,4.9,19.0,26.2,108.2
1986,NBA,Sacramento Kings,SAC,True,82,19780,42.4,86.0,0.494,41.6,82.6,0.503,23.5,31.0,0.755,13.6,27.8,41.4,25.2,8.9,5.7,16.8,24.8,109.2
1986,NBA,San Antonio Spurs,SAS,True,82,19805,42.4,86.0,0.493,41.2,82.2,0.501,22.4,29.1,0.769,13.5,26.9,40.4,26.5,9.3,5.3,17.7,24.6,108.2
1986,NBA,Seattle SuperSonics,SEA,False,82,19930,40.8,83.7,0.487,40.1,81.0,0.495,23.6,30.8,0.768,12.7,28.5,41.2,25.2,8.1,5.0,18.1,24.8,106.0
1986,NBA,Utah Jazz,UTA,True,82,19780,40.8,86.2,0.473,40.0,83.3,0.48,22.3,29.2,0.764,14.2,29.5,43.7,23.2,8.8,5.5,18.0,26.1,104.6
1986,NBA,Washington Bullets,WSB,True,82,19855,41.9,89.8,0.467,41.0,86.6,0.474,20.1,26.6,0.756,15.2,31.6,46.9,24.6,8.7,5.5,16.8,23.3,104.8
1985,NBA,Atlanta Hawks,ATL,False,82,19855,42.4,88.0,0.482,41.9,85.4,0.49,21.9,28.9,0.758,16.1,29.2,45.3,25.3,8.2,4.5,18.0,23.9,107.3
1985,NBA,Boston Celtics,BOS,True,82,19705,43.7,91.6,0.477,42.8,88.4,0.484,18.1,23.0,0.787,13.2,27.4,40.7,24.5,7.7,3.8,14.7,23.5,106.3
1985,NBA,Chicago Bulls,CHI,True,82,19805,42.9,87.9,0.488,41.8,84.4,0.496,22.6,29.2,0.774,13.9,27.6,41.4,24.9,8.1,5.5,16.1,24.9,109.6
1985,NBA,Cleveland Cavaliers,CLE,True,82,19780,42.2,88.3,0.478,41.4,85.3,0.485,23.4,30.4,0.769,14.4,29.2,43.6,26.4,7.3,5.1,16.2,25.0,108.7
1985,NBA,Dallas Mavericks,DAL,True,82,19855,44.4,88.1,0.504,43.2,84.2,0.513,19.4,25.4,0.763,13.0,30.2,43.2,25.8,7.0,5.3,16.4,25.3,109.3
1985,NBA,Denver Nuggets,DEN,True,82,19830,42.5,83.0,0.512,41.7,80.1,0.521,22.8,29.8,0.765,13.3,29.6,42.8,24.2,7.5,6.6,19.6,24.5,108.4
1985,NBA,Detroit Pistons,DET,True,82,19830,42.6,86.0,0.496,41.7,83.1,0.502,21.0,27.7,0.76,12.8,29.5,42.3,24.3,7.4,5.9,17.1,23.2,107.2
1985,NBA,Golden State Warriors,GSW,False,82,19855,45.0,83.9,0.536,44.3,81.3,0.545,22.5,29.6,0.758,12.9,29.5,42.4,27.4,7.6,5.5,18.5,25.5,113.0
1985,NBA,Houston Rockets,HOU,True,82,19830,41.4,86.1,0.481,40.4,83.1,0.486,22.3,28.7,0.778,13.7,26.3,40.0,25.1,9.2,4.9,17.7,22.5,106.3
1985,NBA,Indiana Pacers,IND,False,82,19780,41.9,84.7,0.495,41.2,82.3,0.5,23.9,31.3,0.764,12.7,29.8,42.5,25.9,9.0,6.0,16.4,23.9,108.4
1985,NBA,Kansas City Kings,KCK,False,82,19755,44.3,86.8,0.51,43.5,83.8,0.519,22.8,29.6,0.769,13.6,26.4,39.9,27.3,8.9,6.0,16.6,25.7,112.1
1985,NBA,Los Angeles Clippers,LAC,False,82,19730,45.0,91.9,0.49,44.1,88.8,0.497,19.3,25.5,0.758,15.0,27.5,42.5,27.3,9.3,5.1,15.0,22.7,110.3
1985,NBA,Los Angeles Lakers,LAL,True,82,19755,43.1,89.9,0.48,42.1,86.4,0.488,19.8,26.4,0.748,14.7,24.5,39.1,27.2,8.9,4.4,16.1,22.4,107.0
1985,NBA,Milwaukee Bucks,MIL,True,82,19805,39.1,84.7,0.461,38.1,81.0,0.47,24.5,32.8,0.748,15.0,27.9,42.9,23.1,7.8,4.7,19.0,25.6,103.6
1985,NBA,New Jersey Nets,NJN,True,82,19755,42.2,84.6,0.499,41.3,81.5,0.507,22.2,29.5,0.753,13.0,28.9,41.9,23.7,8.2,4.2,18.0,23.2,107.7
1985,NBA,New York Knicks,NYK,False,82,19830,40.5,81.9,0.495,39.7,79.1,0.502,27.8,36.6,0.759,14.8,29.2,44.0,26.1,8.1,5.4,19.3,24.8,109.6
1985,NBA,Philadelphia 76ers,PHI,True,82,19805,42.0,86.0,0.488,41.0,82.3,0.499,22.3,28.8,0.775,14.2,26.1,40.3,25.7,9.1,4.7,18.4,26.5,107.3
1985,NBA,Phoenix Suns,PHO,True,82,19805,42.6,86.4,0.493,41.8,83.8,0.5,20.8,27.1,0.765,13.3,28.6,41.9,25.8,9.1,4.8,17.4,23.9,106.8
1985,NBA,Portland Trail Blazers,POR,True,82,19880,43.1,87.4,0.493,42.4,84.7,0.501,20.3,26.5,0.766,14.8,27.2,42.0,26.1,8.5,5.4,18.7,25.2,107.2
1985,NBA,San Antonio Spurs,SAS,True,82,19780,42.5,85.8,0.496,41.7,82.9,0.503,23.1,29.7,0.776,13.3,26.4,39.7,26.6,8.7,5.5,17.4,25.1,109.0
1985,NBA,Seattle SuperSonics,SEA,False,82,19705,43.2,87.6,0.493,42.2,84.5,0.499,20.9,27.1,0.77,13.7,29.2,42.8,27.2,9.0,5.6,17.0,24.8,108.2
1985,NBA,Utah Jazz,UTA,True,82,19755,40.8,87.9,0.464,40.0,84.6,0.472,20.9,27.4,0.762,15.7,30.6,46.3,23.9,9.3,5.1,18.6,24.0,103.4
1985,NBA,Washington Bullets,WSB,True,82,19855,42.1,86.6,0.487,41.3,83.8,0.493,19.6,26.2,0.747,13.5,32.2,45.7,24.0,7.6,4.8,17.7,22.1,104.6
1984,NBA,Atlanta Hawks,ATL,True,82,19855,41.6,86.8,0.479,41.1,84.5,0.486,23.3,30.2,0.771,15.1,30.6,45.7,25.7,7.3,5.4,17.9,26.5,106.9
1984,NBA,Boston Celtics,BOS,True,82,19955,41.8,88.9,0.47,40.9,86.3,0.474,20.0,25.8,0.774,13.3,26.9,40.1,23.6,8.5,4.0,16.0,25.2,104.4
1984,NBA,Chicago Bulls,CHI,False,82,19980,42.2,85.3,0.494,41.7,83.1,0.502,22.7,29.8,0.763,13.5,28.8,42.3,26.9,9.5,6.2,18.2,25.4,107.5
1984,NBA,Cleveland Cavaliers,CLE,False,82,19855,41.9,86.0,0.487,41.3,83.7,0.493,24.1,31.6,0.763,12.2,29.9,42.1,26.6,7.2,4.9,15.2,23.7,108.5
1984,NBA,Dallas Mavericks,DAL,True,82,19955,44.1,88.5,0.499,43.4,85.8,0.506,20.5,26.7,0.768,14.3,28.5,42.8,25.9,7.7,5.1,16.8,26.9,109.6
1984,NBA,Denver Nuggets,DEN,True,82,19805,44.1,85.0,0.518,43.4,82.7,0.524,23.5,31.4,0.749,13.5,30.0,43.5,26.9,7.4,6.0,16.9,24.9,112.3
1984,NBA,Detroit Pistons,DET,True,82,19905,42.5,85.6,0.496,41.9,83.3,0.503,22.5,29.9,0.753,13.5,28.5,42.0,25.5,7.2,6.1,17.2,25.4,108.1
1984,NBA,Golden State Warriors,GSW,False,82,19830,43.6,84.5,0.517,43.2,82.5,0.524,21.1,27.8,0.758,14.2,29.4,43.6,25.2,8.1,5.8,19.8,26.3,108.8
1984,NBA,Houston Rockets,HOU,False,82,19755,41.6,86.0,0.483,41.1,84.2,0.488,24.6,32.5,0.755,13.9,28.5,42.4,23.5,9.1,4.9,16.5,22.2,108.2
1984,NBA,Indiana Pacers,IND,False,82,19780,42.2,85.2,0.495,41.9,83.5,0.501,21.7,28.7,0.757,14.2,30.5,44.6,25.2,9.0,5.3,18.9,22.9,106.5
1984,NBA,Kansas City Kings,KCK,True,82,19755,42.5,84.7,0.502,42.1,82.7,0.509,22.5,29.6,0.761,13.3,28.2,41.5,24.9,7.8,5.8,18.7,25.9,108.0
1984,NBA,Los Angeles Lakers,LAL,True,82,19780,43.0,88.9,0.483,42.2,86.3,0.489,20.6,27.5,0.751,14.7,25.2,39.9,26.5,9.3,4.4,16.9,23.1,107.3
1984,NBA,Milwaukee Bucks,MIL,True,82,19905,39.9,87.5,0.456,39.4,85.0,0.463,23.3,31.0,0.751,15.6,27.8,43.4,24.4,8.1,4.0,17.5,26.0,103.6
1984,NBA,New Jersey Nets,NJN,True,82,19805,40.2,82.0,0.491,39.7,79.9,0.497,24.0,31.5,0.761,12.9,27.1,40.0,22.5,9.2,4.9,19.7,25.4,105.0
1984,NBA,New York Knicks,NYK,True,82,19855,39.8,81.6,0.488,39.2,79.3,0.494,22.9,30.2,0.758,12.8,26.5,39.3,25.0,8.8,4.8,20.5,26.8,103.1
1984,NBA,Philadelphia 76ers,PHI,True,82,19955,41.4,86.2,0.48,40.8,83.7,0.488,21.2,28.6,0.742,14.9,27.0,41.9,24.9,9.7,5.8,18.8,27.0,104.6
1984,NBA,Phoenix Suns,PHO,True,82,19780,42.0,84.5,0.497,41.3,81.9,0.505,23.4,30.4,0.77,12.7,27.9,40.7,24.6,8.1,3.6,17.7,24.4,108.0
1984,NBA,Portland Trail Blazers,POR,True,82,19805,42.7,83.2,0.514,42.1,80.7,0.521,21.5,28.4,0.76,12.7,26.2,38.9,25.4,7.8,5.3,19.6,26.2,107.7
1984,NBA,San Antonio Spurs,SAS,False,82,19980,45.1,89.2,0.505,44.5,86.7,0.513,20.7,27.4,0.758,14.6,27.7,42.3,28.4,7.4,5.2,16.1,24.7,111.4
1984,NBA,San Diego Clippers,SDC,False,82,19730,45.4,89.1,0.509,44.7,86.8,0.515,21.0,26.9,0.783,13.4,26.0,39.4,28.5,8.7,5.5,14.9,24.6,112.4
1984,NBA,Seattle SuperSonics,SEA,True,82,19780,43.6,89.3,0.489,43.0,86.5,0.497,20.1,26.4,0.763,14.2,29.3,43.5,27.7,8.1,4.7,16.2,25.5,108.1
1984,NBA,Utah Jazz,UTA,True,82,19780,43.3,91.0,0.476,42.8,88.6,0.483,20.8,27.9,0.745,16.9,28.5,45.3,25.9,8.6,5.4,16.6,25.4,108.0
1984,NBA,Washington Bullets,WSB,True,82,19905,42.9,87.7,0.489,42.4,85.6,0.496,20.9,27.4,0.763,12.8,29.5,42.3,25.2,8.7,6.1,15.8,25.0,107.2
1983,NBA,Atlanta Hawks,ATL,True,82,19780,41.5,88.3,0.47,41.0,86.3,0.475,19.7,27.4,0.719,16.0,31.5,47.5,23.6,8.0,4.8,18.0,24.3,103.2
1983,NBA,Boston Celtics,BOS,True,82,19830,40.4,86.1,0.47,39.9,84.0,0.475,20.4,26.8,0.759,13.8,27.8,41.6,23.6,8.1,4.0,18.7,24.9,101.8
1983,NBA,Chicago Bulls,CHI,False,82,19905,43.4,87.6,0.495,42.8,85.6,0.5,20.7,27.7,0.749,13.6,27.9,41.5,25.3,9.6,7.2,16.6,25.7,108.0
1983,NBA,Cleveland Cavaliers,CLE,False,82,19755,42.1,86.0,0.489,41.7,84.2,0.495,22.2,29.8,0.743,12.1,29.7,41.8,25.0,7.7,5.4,15.9,22.8,106.8
1983,NBA,Dallas Mavericks,DAL,False,82,19730,44.5,88.5,0.502,43.9,86.2,0.509,20.2,27.8,0.728,14.4,28.8,43.2,27.1,7.2,6.7,16.4,26.4,109.8
1983,NBA,Denver Nuggets,DEN,True,82,19730,44.5,88.1,0.505,43.7,85.4,0.512,19.4,26.0,0.747,14.9,29.3,44.1,25.9,7.9,6.6,17.8,25.6,109.1
1983,NBA,Detroit Pistons,DET,False,82,19880,43.4,87.6,0.495,43.1,85.5,0.504,18.8,26.1,0.72,14.4,29.6,44.0,25.7,8.7,6.4,18.0,26.5,105.8
1983,NBA,Golden State Warriors,GSW,False,82,19780,43.2,84.7,0.51,42.7,82.7,0.517,20.4,27.9,0.732,14.6,29.1,43.7,25.3,8.8,5.7,19.7,23.6,107.4
1983,NBA,Houston Rockets,HOU,False,82,19730,43.3,86.2,0.503,43.0,84.8,0.507,21.2,28.3,0.75,14.3,32.3,46.5,26.8,9.2,4.8,17.9,23.0,108.3
1983,NBA,Indiana Pacers,IND,False,82,19830,43.9,84.8,0.517,43.4,83.2,0.522,21.1,28.1,0.752,14.0,29.9,43.9,26.1,8.9,5.1,19.1,22.0,109.4
1983,NBA,Kansas City Kings,KCK,False,82,19780,40.2,82.6,0.487,39.8,80.4,0.494,24.0,32.9,0.73,14.2,27.4,41.6,22.7,9.2,5.0,19.5,25.6,104.9
1983,NBA,Los Angeles Lakers,LAL,True,82,19730,43.8,89.2,0.49,43.1,86.8,0.497,17.0,23.5,0.725,15.2,25.4,40.5,28.0,9.0,4.5,18.3,21.8,105.2
1983,NBA,Milwaukee Bucks,MIL,True,82,19830,40.4,88.6,0.456,39.9,86.0,0.464,20.1,27.1,0.742,15.8,28.4,44.1,24.7,7.5,3.6,18.4,26.0,101.4
1983,NBA,New Jersey Nets,NJN,True,82,19705,39.0,81.6,0.478,38.5,79.1,0.486,20.5,27.8,0.737,12.9,25.5,38.4,23.2,10.1,5.8,21.9,24.9,98.9
1983,NBA,New York Knicks,NYK,True,82,19805,39.1,82.3,0.475,38.6,80.3,0.481,21.2,28.2,0.75,13.4,29.2,42.6,23.4,8.7,5.0,21.0,26.4,99.9
1983,NBA,Philadelphia 76ers,PHI,True,82,19830,40.6,88.0,0.461,39.9,85.1,0.469,19.1,26.6,0.721,15.6,26.7,42.3,24.6,8.9,6.0,18.7,26.5,100.9
1983,NBA,Phoenix Suns,PHO,True,82,19730,39.6,87.0,0.455,39.0,84.6,0.462,20.4,27.2,0.753,14.5,27.9,42.3,23.8,8.5,4.1,18.7,24.4,100.1
1983,NBA,Portland Trail Blazers,POR,True,82,19755,42.2,86.8,0.486,41.5,84.5,0.491,18.9,24.6,0.768,13.6,28.4,42.0,24.9,7.9,6.0,18.6,26.9,103.9
1983,NBA,San Antonio Spurs,SAS,True,82,19780,42.9,88.4,0.485,42.3,86.1,0.492,20.1,26.3,0.766,13.6,26.6,40.2,27.3,7.7,5.4,16.8,25.8,106.6
1983,NBA,San Diego Clippers,SDC,False,82,19830,42.9,81.2,0.529,42.6,79.7,0.534,23.1,30.9,0.748,12.9,27.8,40.7,24.7,9.3,6.1,20.3,23.1,109.3
1983,NBA,Seattle SuperSonics,SEA,True,82,19805,41.6,90.5,0.46,41.1,88.2,0.466,19.0,25.6,0.739,15.4,28.2,43.6,25.2,8.5,4.2,16.9,25.3,102.8
1983,NBA,Utah Jazz,UTA,False,82,19755,43.0,89.8,0.478,42.4,87.5,0.484,18.6,25.9,0.719,16.3,30.2,46.5,24.9,9.4,5.1,18.1,23.8,105.1
1983,NBA,Washington Bullets,WSB,False,82,19805,40.2,85.8,0.468,39.8,83.9,0.474,18.4,25.4,0.725,13.6,30.6,44.2,22.8,8.5,6.8,18.8,24.1,99.3
1982,NBA,Atlanta Hawks,ATL,True,82,19880,40.0,85.2,0.47,39.4,82.8,0.476,24.0,31.5,0.762,14.4,30.3,44.7,23.7,7.3,5.5,18.3,27.7,104.6
1982,NBA,Boston Celtics,BOS,True,82,19780,41.7,88.8,0.47,41.3,86.4,0.478,19.6,26.0,0.754,14.3,26.9,41.1,23.6,8.1,4.4,17.1,26.8,103.5
1982,NBA,Chicago Bulls,CHI,False,82,19880,44.6,90.1,0.495,43.9,87.7,0.501,18.7,25.0,0.747,13.8,27.1,41.0,24.9,9.8,5.7,15.3,27.1,108.6
1982,NBA,Cleveland Cavaliers,CLE,False,82,19805,44.0,86.0,0.512,43.6,84.4,0.516,23.3,30.9,0.754,13.7,30.9,44.6,26.5,8.0,5.9,17.2,25.3,111.8
1982,NBA,Dallas Mavericks,DAL,False,82,19730,43.6,85.9,0.508,43.2,84.1,0.513,22.8,30.8,0.741,13.7,29.2,42.8,24.5,7.9,6.3,16.9,27.7,110.4
1982,NBA,Denver Nuggets,DEN,True,82,19830,47.0,89.8,0.524,46.3,87.3,0.531,19.1,26.0,0.737,15.0,27.1,42.1,27.7,8.3,6.3,16.3,27.0,113.9
1982,NBA,Detroit Pistons,DET,False,82,19830,43.5,85.4,0.509,43.0,83.4,0.516,19.1,25.7,0.745,13.5,28.3,41.7,25.4,9.1,6.7,19.0,27.7,106.6
1982,NBA,Golden State Warriors,GSW,False,82,19780,42.5,86.7,0.49,42.0,84.7,0.497,22.2,29.5,0.753,13.3,28.8,42.1,24.9,7.9,4.7,16.4,25.8,107.7
1982,NBA,Houston Rockets,HOU,True,82,19780,44.5,89.6,0.497,43.9,87.1,0.504,18.8,25.1,0.747,14.6,28.7,43.3,26.6,8.5,4.4,16.7,25.5,108.3
1982,NBA,Indiana Pacers,IND,False,82,19830,42.5,86.6,0.491,42.1,84.3,0.499,19.1,26.1,0.73,14.8,31.8,46.6,25.2,8.3,4.9,18.6,24.7,104.6
1982,NBA,Kansas City Kings,KCK,False,82,19880,41.4,82.8,0.5,40.9,81.0,0.505,23.8,31.5,0.756,13.9,30.3,44.2,22.0,8.4,5.3,19.1,25.3,107.2
1982,NBA,Los Angeles Lakers,LAL,True,82,19855,43.9,90.0,0.488,43.0,87.5,0.491,16.8,23.5,0.714,14.9,26.4,41.4,27.2,8.4,5.1,17.4,23.5,105.5
1982,NBA,Milwaukee Bucks,MIL,True,82,19805,40.0,85.6,0.467,39.3,82.9,0.474,21.7,29.9,0.725,14.2,26.1,40.3,24.4,8.7,4.2,18.6,26.5,102.3
1982,NBA,New Jersey Nets,NJN,True,82,19780,39.4,81.6,0.482,38.7,79.4,0.487,22.9,30.6,0.749,13.4,27.6,41.1,22.7,9.8,6.3,21.3,25.5,102.3
1982,NBA,New York Knicks,NYK,False,82,19830,43.1,85.4,0.505,42.5,83.4,0.509,21.8,28.8,0.757,13.7,28.8,42.5,25.4,8.6,4.4,17.8,24.5,108.6
1982,NBA,Philadelphia 76ers,PHI,True,82,19855,40.5,85.1,0.476,39.8,82.6,0.483,22.3,30.0,0.742,15.5,28.2,43.7,23.6,8.4,5.6,19.4,26.6,103.9
1982,NBA,Phoenix Suns,PHO,True,82,19830,40.7,87.4,0.466,40.1,84.9,0.472,20.3,26.9,0.754,14.1,28.8,42.8,23.7,9.4,4.4,16.9,25.1,102.4
1982,NBA,Portland Trail Blazers,POR,False,82,19780,43.9,88.1,0.499,43.3,85.6,0.506,19.7,26.0,0.758,14.7,28.6,43.3,25.5,8.5,5.2,17.5,25.9,108.2
1982,NBA,San Antonio Spurs,SAS,True,82,19755,42.3,87.5,0.483,41.6,85.2,0.488,22.4,29.6,0.758,13.6,28.8,42.5,24.1,7.2,5.1,16.0,25.8,107.6
1982,NBA,San Diego Clippers,SDC,False,82,19755,44.8,85.1,0.526,44.4,83.4,0.532,23.8,31.7,0.751,12.4,27.3,39.6,25.5,9.2,5.8,16.0,25.4,113.8
1982,NBA,Seattle SuperSonics,SEA,True,82,19830,41.3,89.6,0.461,40.7,87.2,0.467,19.2,26.4,0.727,15.0,29.3,44.3,24.1,8.0,3.8,17.0,26.0,102.3
1982,NBA,Utah Jazz,UTA,False,82,19780,44.8,88.0,0.509,44.2,85.6,0.516,21.5,28.8,0.745,14.6,30.4,45.0,25.1,7.7,4.9,16.5,24.0,111.7
1982,NBA,Washington Bullets,WSB,True,82,19830,40.9,88.0,0.465,40.4,85.8,0.471,20.0,27.2,0.735,13.5,30.6,44.2,23.0,7.6,6.6,16.1,23.2,102.5
1981,NBA,Atlanta Hawks,ATL,False,82,19930,41.2,83.2,0.495,40.8,81.4,0.502,24.5,32.0,0.766,14.6,28.1,42.7,23.4,9.1,6.7,20.4,26.8,107.3
1981,NBA,Boston Celtics,BOS,True,82,19780,40.6,87.8,0.462,40.2,86.2,0.467,21.1,27.4,0.769,14.3,26.2,40.5,22.8,8.9,4.2,17.7,24.8,102.6
1981,NBA,Chicago Bulls,CHI,True,82,19780,42.5,86.9,0.489,41.9,84.2,0.497,20.1,26.7,0.755,13.8,25.3,39.1,23.5,9.5,5.3,18.1,25.7,105.8
1981,NBA,Cleveland Cavaliers,CLE,False,82,19780,43.4,86.3,0.503,42.8,84.3,0.508,21.7,28.8,0.752,13.9,30.1,44.0,26.1,8.2,5.5,17.7,23.5,109.1
1981,NBA,Dallas Mavericks,DAL,False,82,19780,44.5,86.8,0.513,44.1,85.2,0.518,21.3,28.3,0.754,14.4,30.7,45.2,25.8,8.8,5.9,17.6,26.9,110.8
1981,NBA,Denver Nuggets,DEN,False,82,19955,44.5,87.8,0.506,44.0,86.1,0.511,20.4,27.5,0.743,14.5,29.4,43.8,27.7,7.7,6.0,17.0,26.1,109.8
1981,NBA,Detroit Pistons,DET,False,82,19755,42.0,82.5,0.509,41.6,80.9,0.514,20.0,26.6,0.75,13.1,28.8,41.8,24.4,9.5,7.0,21.6,25.1,104.3
1981,NBA,Golden State Warriors,GSW,False,82,19730,43.7,86.8,0.504,43.3,84.9,0.51,21.7,29.0,0.748,13.7,26.6,40.3,26.8,8.6,4.7,16.7,25.2,109.7
1981,NBA,Houston Rockets,HOU,True,82,19805,43.6,88.5,0.493,43.0,86.4,0.498,18.9,25.4,0.744,14.2,28.5,42.7,26.4,8.3,4.4,17.2,23.8,106.7
1981,NBA,Indiana Pacers,IND,True,82,19730,41.7,85.2,0.489,41.2,83.1,0.496,21.2,27.6,0.767,15.0,29.0,44.0,25.5,8.4,5.3,19.9,24.9,105.0
1981,NBA,Kansas City Kings,KCK,True,82,19830,40.9,85.0,0.481,40.5,83.2,0.487,22.6,29.9,0.756,13.6,30.0,43.6,22.2,8.6,4.6,18.2,24.1,104.7
1981,NBA,Los Angeles Lakers,LAL,True,82,19805,42.3,90.9,0.465,41.8,88.7,0.471,18.9,25.5,0.741,16.3,26.8,43.1,26.9,8.9,4.2,17.4,22.1,103.9
1981,NBA,Milwaukee Bucks,MIL,True,82,19755,38.8,84.6,0.459,38.4,82.3,0.467,23.7,31.7,0.749,14.8,25.9,40.7,23.8,8.6,4.7,19.6,24.0,101.8
1981,NBA,New Jersey Nets,NJN,False,82,19805,41.6,82.4,0.505,41.3,80.9,0.51,23.1,30.7,0.755,12.2,28.8,41.0,24.7,9.4,5.8,18.9,24.1,106.7
1981,NBA,New York Knicks,NYK,True,82,19830,42.6,85.0,0.501,42.1,82.9,0.508,18.7,24.9,0.751,13.7,29.4,43.2,25.0,8.3,5.4,19.9,23.9,104.4
1981,NBA,Philadelphia 76ers,PHI,True,82,19855,38.7,85.8,0.451,38.1,83.4,0.457,21.6,29.1,0.744,15.0,26.7,41.8,23.8,9.6,4.4,19.2,23.9,99.5
1981,NBA,Phoenix Suns,PHO,True,82,19755,39.1,83.8,0.466,38.3,81.3,0.47,20.4,27.6,0.739,13.5,26.5,39.9,22.8,10.6,4.7,20.3,24.5,99.4
1981,NBA,Portland Trail Blazers,POR,True,82,19855,42.1,86.3,0.488,41.7,84.5,0.493,21.2,27.9,0.759,14.7,28.4,43.0,24.7,9.4,5.0,18.5,22.7,105.7
1981,NBA,San Antonio Spurs,SAS,True,82,19805,42.2,89.3,0.472,41.6,87.3,0.477,20.8,28.1,0.74,14.3,25.6,39.9,26.0,8.2,5.7,16.7,25.9,105.7
1981,NBA,San Diego Clippers,SDC,False,82,19730,42.6,84.4,0.505,42.2,82.5,0.511,22.1,29.5,0.747,13.2,28.8,42.1,25.4,8.3,4.8,18.8,24.3,107.6
1981,NBA,Seattle SuperSonics,SEA,False,82,19780,41.8,89.8,0.465,41.3,87.9,0.47,20.8,28.1,0.74,15.1,28.5,43.6,24.7,9.0,4.7,16.3,24.7,104.8
1981,NBA,Utah Jazz,UTA,False,82,19730,42.7,87.4,0.489,42.2,85.6,0.493,23.4,30.8,0.76,14.4,30.4,44.8,24.7,7.4,5.1,16.2,23.1,109.4
1981,NBA,Washington Bullets,WSB,False,82,19780,41.7,88.8,0.47,41.3,86.7,0.476,18.8,25.6,0.735,14.3,31.3,45.5,24.4,8.8,5.6,16.7,22.4,102.7
1980,NBA,Atlanta Hawks,ATL,True,82,19780,38.6,84.3,0.458,38.0,82.1,0.463,24.5,32.1,0.765,15.5,28.7,44.2,21.6,8.4,6.8,20.4,26.6,102.3
1980,NBA,Boston Celtics,BOS,True,82,19880,40.5,86.0,0.47,39.6,83.0,0.477,20.1,26.1,0.77,13.7,27.0,40.7,22.0,8.1,4.9,19.2,24.2,101.9
1980,NBA,Chicago Bulls,CHI,False,82,19905,42.4,85.5,0.496,41.8,83.1,0.503,21.4,27.9,0.768,13.7,27.8,41.5,25.0,10.0,5.9,18.3,26.1,107.0
1980,NBA,Cleveland Cavaliers,CLE,False,82,19930,43.4,86.7,0.501,42.7,84.2,0.507,18.8,24.5,0.765,14.0,30.1,44.1,25.2,8.1,5.6,19.0,23.2,106.4
1980,NBA,Denver Nuggets,DEN,False,82,19830,43.5,88.4,0.492,42.7,85.9,0.497,19.8,26.0,0.76,13.9,30.1,44.1,26.7,9.5,5.3,16.7,23.7,107.6
1980,NBA,Detroit Pistons,DET,False,82,19780,43.6,87.9,0.496,42.9,85.6,0.502,21.0,27.2,0.773,14.9,29.1,44.1,26.1,9.9,5.3,17.9,21.2,108.8
1980,NBA,Golden State Warriors,GSW,False,82,19880,41.3,83.8,0.493,40.4,81.2,0.498,22.9,30.6,0.749,12.7,30.8,43.5,25.1,8.6,4.3,17.8,21.4,106.3
1980,NBA,Houston Rockets,HOU,True,82,19930,43.5,87.9,0.496,42.9,85.3,0.502,20.2,25.6,0.788,15.4,27.6,42.9,26.5,9.3,5.1,19.0,24.4,108.0
1980,NBA,Indiana Pacers,IND,False,82,19855,42.7,87.3,0.489,42.1,84.7,0.497,20.1,26.6,0.756,16.1,29.5,45.7,26.9,8.5,5.4,20.3,23.5,106.2
1980,NBA,Kansas City Kings,KCK,True,82,19805,39.1,82.1,0.476,38.6,80.1,0.482,22.4,29.3,0.763,13.4,31.0,44.4,20.9,8.2,5.0,20.7,24.3,101.0
1980,NBA,Los Angeles Lakers,LAL,True,82,19880,43.2,91.9,0.47,42.3,88.7,0.477,16.6,21.9,0.759,15.2,26.0,41.2,27.0,9.2,4.4,16.5,21.6,103.9
1980,NBA,Milwaukee Bucks,MIL,True,82,19805,40.9,88.6,0.462,40.0,85.0,0.471,20.3,26.9,0.753,16.1,27.1,43.2,25.5,8.5,4.2,19.4,22.6,102.9
1980,NBA,New Jersey Nets,NJN,False,82,19805,39.8,84.9,0.469,39.1,82.5,0.474,22.4,29.4,0.761,14.7,29.7,44.3,25.0,9.7,5.9,19.3,23.3,102.5
1980,NBA,New York Knicks,NYK,False,82,19780,42.2,85.4,0.495,41.6,83.1,0.501,22.4,29.1,0.77,14.7,27.7,42.4,24.4,9.3,4.4,19.3,23.3,107.5
1980,NBA,Philadelphia 76ers,PHI,True,82,19855,40.4,88.7,0.455,39.5,85.5,0.463,19.2,25.2,0.765,15.5,27.6,43.1,24.5,10.3,4.6,18.3,24.6,101.0
1980,NBA,Phoenix Suns,PHO,True,82,19755,41.3,86.7,0.476,40.1,83.2,0.482,18.5,24.6,0.752,14.1,28.4,42.4,23.5,10.2,4.5,19.3,23.8,102.2
1980,NBA,Portland Trail Blazers,POR,True,82,19780,41.2,86.3,0.478,40.5,84.0,0.483,21.1,28.1,0.752,14.0,29.0,43.0,24.7,9.3,4.9,17.8,23.1,104.3
1980,NBA,San Antonio Spurs,SAS,True,82,19755,44.4,88.7,0.5,43.4,85.6,0.507,19.2,25.3,0.758,13.8,27.4,41.3,28.2,9.2,5.1,16.8,24.3,109.0
1980,NBA,San Diego Clippers,SDC,False,82,19755,45.0,90.0,0.5,44.4,87.7,0.507,19.3,25.0,0.773,14.6,29.8,44.4,24.1,9.2,4.9,16.7,22.6,109.8
1980,NBA,Seattle SuperSonics,SEA,True,82,19830,40.5,88.3,0.459,39.8,85.4,0.466,19.5,25.5,0.764,14.3,28.6,42.9,24.0,8.7,4.7,18.1,23.7,101.2
1980,NBA,Utah Jazz,UTA,False,82,19805,44.2,89.2,0.496,43.4,86.6,0.501,21.1,27.4,0.772,14.4,28.4,42.8,24.8,8.8,4.9,15.8,22.1,110.4
1980,NBA,Washington Bullets,WSB,True,82,19880,42.5,91.4,0.465,41.9,88.9,0.471,20.0,25.7,0.777,14.1,31.4,45.5,24.9,8.6,6.1,14.4,22.4,105.7
1979,NBA,Atlanta Hawks,ATL,True,82,19855,39.7,81.2,0.489,39.7,81.2,0.489,24.1,32.2,0.75,13.9,28.8,42.7,22.7,7.6,6.6,21.2,25.2,103.6
1979,NBA,Boston Celtics,BOS,False,82,19680,44.2,87.0,0.508,44.2,87.0,0.508,18.1,23.8,0.759,12.9,28.1,41.0,24.9,8.2,5.0,18.4,23.2,106.4
1979,NBA,Chicago Bulls,CHI,False,82,19780,43.4,87.3,0.497,43.4,87.3,0.497,18.3,23.9,0.763,12.9,28.0,40.9,25.3,10.0,5.9,17.3,24.7,105.1
1979,NBA,Cleveland Cavaliers,CLE,False,82,19680,42.8,84.9,0.503,42.8,84.9,0.503,21.8,28.8,0.758,13.3,30.7,44.1,24.5,7.8,6.0,18.5,23.8,107.3
1979,NBA,Denver Nuggets,DEN,True,82,19705,41.8,87.6,0.477,41.8,87.6,0.477,19.7,26.2,0.752,14.0,27.9,42.0,25.0,8.5,5.4,17.6,26.0,103.2
1979,NBA,Detroit Pistons,DET,False,82,19780,42.5,86.3,0.493,42.5,86.3,0.493,19.6,26.0,0.755,14.7,29.7,44.5,24.9,7.5,5.7,19.7,21.7,104.6
1979,NBA,Golden State Warriors,GSW,False,82,19780,41.5,86.1,0.481,41.5,86.1,0.481,19.0,25.6,0.744,13.6,30.1,43.7,24.9,7.6,4.3,18.8,22.0,102.0
1979,NBA,Houston Rockets,HOU,True,82,19780,44.4,89.1,0.498,44.4,89.1,0.498,19.0,25.8,0.736,13.9,27.1,40.9,26.6,7.7,5.0,16.4,24.0,107.7
1979,NBA,Indiana Pacers,IND,False,82,19705,41.5,86.7,0.478,41.5,86.7,0.478,21.6,27.9,0.773,15.0,30.1,45.1,25.2,7.8,5.1,18.7,24.2,104.5
1979,NBA,Kansas City Kings,KCK,True,82,19855,38.7,79.6,0.486,38.7,79.6,0.486,24.5,32.6,0.749,13.0,28.7,41.7,20.0,7.6,4.9,21.2,25.1,101.9
1979,NBA,Los Angeles Lakers,LAL,True,82,19780,43.5,89.9,0.484,43.5,89.9,0.484,16.2,22.1,0.733,14.8,28.5,43.2,25.6,8.4,4.1,17.7,22.4,103.2
1979,NBA,Milwaukee Bucks,MIL,False,82,19880,41.7,85.1,0.49,41.7,85.1,0.49,20.6,27.4,0.753,13.9,27.6,41.6,26.1,8.6,5.2,19.8,21.9,104.0
1979,NBA,New Jersey Nets,NJN,True,82,19755,38.9,81.1,0.48,38.9,81.1,0.48,24.0,31.7,0.755,13.7,29.6,43.3,24.2,9.6,5.5,21.3,24.5,101.8
1979,NBA,New Orleans Jazz,NOJ,False,82,19705,43.3,90.2,0.481,43.3,90.2,0.481,18.7,25.2,0.742,16.7,29.9,46.6,25.4,10.7,6.3,17.9,23.1,105.4
1979,NBA,New York Knicks,NYK,False,82,19780,41.6,86.3,0.483,41.6,86.3,0.483,22.1,29.0,0.761,14.2,28.8,43.0,24.5,8.7,4.4,18.0,22.7,105.4
1979,NBA,Philadelphia 76ers,PHI,True,82,19805,40.2,86.6,0.464,40.2,86.6,0.464,19.8,26.5,0.749,14.2,28.5,42.7,23.8,9.0,4.0,18.5,24.2,100.3
1979,NBA,Phoenix Suns,PHO,True,82,19780,42.2,85.3,0.495,42.2,85.3,0.495,18.0,23.8,0.755,13.8,27.1,40.9,23.4,9.9,4.5,20.6,24.0,102.4
1979,NBA,Portland Trail Blazers,POR,True,82,19780,40.5,82.8,0.488,40.5,82.8,0.488,22.2,29.3,0.755,12.7,27.6,40.2,23.0,9.4,5.0,19.4,25.9,103.1
1979,NBA,San Antonio Spurs,SAS,True,82,19830,41.6,87.2,0.477,41.6,87.2,0.477,19.3,25.6,0.751,14.2,27.7,41.9,24.4,8.6,4.4,18.6,23.7,102.4
1979,NBA,San Diego Clippers,SDC,False,82,19730,43.9,89.3,0.491,43.9,89.3,0.491,20.1,26.3,0.767,14.8,26.6,41.4,21.7,8.6,4.0,17.4,23.6,107.9
1979,NBA,Seattle SuperSonics,SEA,True,82,19755,40.8,88.2,0.463,40.8,88.2,0.463,18.4,24.8,0.743,13.6,28.8,42.4,22.4,8.9,4.8,17.5,24.2,100.1
1979,NBA,Washington Bullets,WSB,True,82,19780,43.3,91.3,0.475,43.3,91.3,0.475,16.0,21.6,0.741,13.4,29.0,42.4,24.8,8.3,4.9,15.2,24.4,102.7
1978,NBA,Atlanta Hawks,ATL,True,82,19830,37.1,78.2,0.474,37.1,78.2,0.474,25.7,34.3,0.748,13.6,30.5,44.1,20.8,8.8,5.7,23.2,24.9,99.8
1978,NBA,Boston Celtics,BOS,False,82,19830,40.4,88.7,0.456,40.4,88.7,0.456,20.0,26.0,0.769,13.0,29.4,42.5,22.6,8.7,4.3,16.1,21.4,100.9
1978,NBA,Buffalo Braves,BUF,False,82,19805,42.1,88.4,0.476,42.1,88.4,0.476,19.7,26.1,0.753,13.7,30.0,43.7,24.8,8.4,4.4,17.1,23.3,103.8
1978,NBA,Chicago Bulls,CHI,False,82,19755,42.7,87.1,0.49,42.7,87.1,0.49,17.5,23.7,0.74,12.7,28.3,41.1,24.8,9.3,5.4,17.7,26.3,102.9
1978,NBA,Cleveland Cavaliers,CLE,True,82,19880,40.5,88.9,0.456,40.5,88.9,0.456,18.4,24.7,0.745,14.2,32.4,46.6,22.3,8.1,5.2,17.2,22.8,99.4
1978,NBA,Denver Nuggets,DEN,True,82,19830,41.0,87.0,0.472,41.0,87.0,0.472,19.4,26.4,0.736,14.1,28.4,42.5,25.1,9.8,5.8,18.1,24.8,101.5
1978,NBA,Detroit Pistons,DET,False,82,19855,41.4,86.5,0.479,41.4,86.5,0.479,18.7,24.4,0.763,14.0,28.0,42.0,23.6,10.1,4.4,19.3,23.4,101.5
1978,NBA,Golden State Warriors,GSW,False,82,19780,39.2,84.4,0.465,39.2,84.4,0.465,20.8,27.6,0.756,13.6,32.0,45.6,23.3,8.3,4.7,19.9,22.6,99.3
1978,NBA,Houston Rockets,HOU,False,82,19730,42.9,88.9,0.482,42.9,88.9,0.482,20.4,26.9,0.759,14.3,30.3,44.7,23.9,7.3,4.3,16.9,21.0,106.1
1978,NBA,Indiana Pacers,IND,False,82,19830,40.7,85.7,0.474,40.7,85.7,0.474,20.6,27.5,0.75,15.1,31.3,46.4,25.3,8.1,5.2,19.7,23.9,101.9
1978,NBA,Kansas City Kings,KCK,False,82,19830,39.9,84.2,0.474,39.9,84.2,0.474,22.4,29.5,0.761,13.8,30.0,43.8,21.6,8.9,4.6,19.0,23.4,102.2
1978,NBA,Los Angeles Lakers,LAL,True,82,19805,41.7,90.0,0.463,41.7,90.0,0.463,17.5,23.4,0.746,15.6,29.7,45.3,23.7,8.6,4.3,17.9,21.9,100.8
1978,NBA,Milwaukee Bucks,MIL,True,82,19980,41.1,85.4,0.481,41.1,85.4,0.481,20.3,26.6,0.762,13.6,28.9,42.6,24.8,8.7,5.2,19.7,22.3,102.4
1978,NBA,New Jersey Nets,NJN,False,82,19905,38.5,82.8,0.465,38.5,82.8,0.465,23.2,30.8,0.754,14.3,32.6,46.8,22.5,9.3,6.1,20.3,21.7,100.2
1978,NBA,New Orleans Jazz,NOJ,False,82,19780,41.0,88.9,0.461,41.0,88.9,0.461,18.6,24.8,0.751,14.3,30.8,45.0,23.3,9.5,5.3,16.9,23.1,100.6
1978,NBA,New York Knicks,NYK,True,82,20005,40.0,84.7,0.472,40.0,84.7,0.472,22.2,30.5,0.729,13.7,28.7,42.4,23.1,9.6,3.9,18.3,21.8,102.2
1978,NBA,Philadelphia 76ers,PHI,True,82,19830,40.1,86.9,0.461,40.1,86.9,0.461,20.1,27.2,0.74,15.2,27.6,42.8,23.4,9.2,3.9,19.1,25.5,100.3
1978,NBA,Phoenix Suns,PHO,True,82,19780,39.0,83.0,0.469,39.0,83.0,0.469,19.0,25.3,0.754,13.1,29.9,43.0,21.6,10.2,4.1,21.4,23.7,97.0
1978,NBA,Portland Trail Blazers,POR,True,82,19730,38.4,85.5,0.449,38.4,85.5,0.449,20.4,26.7,0.766,13.9,29.5,43.3,21.2,8.7,4.6,19.0,24.4,97.2
1978,NBA,San Antonio Spurs,SAS,True,82,19780,42.4,89.8,0.472,42.4,89.8,0.472,16.6,22.2,0.748,15.0,28.7,43.7,23.9,9.3,4.2,18.5,22.9,101.4
1978,NBA,Seattle SuperSonics,SEA,True,82,19780,39.2,85.4,0.459,39.2,85.4,0.459,19.3,25.5,0.758,13.0,30.1,43.1,22.7,8.5,4.7,19.1,23.9,97.7
1978,NBA,Washington Bullets,WSB,True,82,19830,42.2,90.3,0.467,42.2,90.3,0.467,16.1,21.2,0.758,13.1,30.0,43.1,24.0,8.7,4.8,16.1,25.9,100.5
1977,NBA,Atlanta Hawks,ATL,False,82,19705,39.7,83.1,0.478,39.7,83.1,0.478,22.2,29.4,0.755,13.1,29.5,42.6,23.5,9.4,5.1,19.7,25.3,101.6
1977,NBA,Boston Celtics,BOS,True,82,19830,40.1,89.0,0.45,40.1,89.0,0.45,18.2,24.5,0.741,12.5,31.0,43.5,21.6,7.9,3.9,15.4,22.0,98.3
1977,NBA,Buffalo Braves,BUF,False,82,19730,42.9,89.8,0.478,42.9,89.8,0.478,15.9,21.1,0.755,14.4,30.8,45.2,24.8,8.3,5.1,18.2,24.1,101.8
1977,NBA,Chicago Bulls,CHI,True,82,19805,40.1,86.0,0.466,40.1,86.0,0.466,17.3,23.1,0.747,12.8,31.0,43.8,23.2,8.8,5.6,19.4,26.2,97.4
1977,NBA,Cleveland Cavaliers,CLE,True,82,19780,39.0,86.9,0.449,39.0,86.9,0.449,20.9,27.8,0.752,14.4,32.4,46.8,20.7,7.9,4.6,18.4,22.8,98.9
1977,NBA,Denver Nuggets,DEN,True,82,19780,39.1,84.5,0.463,39.1,84.5,0.463,17.8,24.3,0.733,13.8,27.1,40.9,22.7,10.3,5.1,21.2,24.9,96.1
1977,NBA,Detroit Pistons,DET,True,82,19730,39.8,84.3,0.472,39.8,84.3,0.472,21.6,28.4,0.76,14.7,29.5,44.2,21.8,8.9,4.3,20.4,20.4,101.3
1977,NBA,Golden State Warriors,GSW,True,82,19780,40.2,85.4,0.47,40.2,85.4,0.47,19.1,25.7,0.745,14.1,29.7,43.9,23.8,8.5,4.7,20.0,21.8,99.5
1977,NBA,Houston Rockets,HOU,True,82,19780,41.0,88.1,0.465,41.0,88.1,0.465,20.9,27.0,0.775,13.4,26.7,40.1,22.5,6.5,4.2,16.7,23.7,102.9
1977,NBA,Indiana Pacers,IND,False,82,19755,40.8,86.5,0.472,40.8,86.5,0.472,19.3,25.5,0.757,15.6,31.4,47.1,23.8,8.1,5.3,20.3,23.2,101.0
1977,NBA,Kansas City Kings,KCK,False,82,19830,38.9,82.4,0.472,38.9,82.4,0.472,21.8,28.6,0.761,12.5,31.2,43.6,19.8,8.2,4.5,20.0,23.1,99.6
1977,NBA,Los Angeles Lakers,LAL,True,82,19805,40.7,90.1,0.452,40.7,90.1,0.452,17.5,23.0,0.759,15.6,30.4,46.0,22.0,8.8,4.2,18.5,21.0,98.9
1977,NBA,Milwaukee Bucks,MIL,False,82,19705,41.8,87.2,0.479,41.8,87.2,0.479,19.4,26.2,0.739,14.2,29.4,43.6,24.7,8.3,4.6,18.5,21.8,102.9
1977,NBA,New Orleans Jazz,NOJ,False,82,19780,39.5,87.3,0.452,39.5,87.3,0.452,20.7,27.7,0.749,14.9,31.5,46.4,19.8,9.5,4.1,18.3,24.1,99.7
1977,NBA,New York Knicks,NYK,False,82,19755,40.2,85.5,0.47,40.2,85.5,0.47,19.7,26.2,0.753,13.1,30.5,43.6,20.8,8.9,4.6,18.1,22.6,100.1
1977,NBA,New York Nets,NYN,False,82,19730,38.5,83.0,0.464,38.5,83.0,0.464,21.8,29.2,0.749,13.5,34.4,47.9,22.4,9.1,6.0,20.3,23.1,98.7
1977,NBA,Philadelphia 76ers,PHI,True,82,19780,40.0,88.7,0.451,40.0,88.7,0.451,17.5,23.2,0.753,15.9,27.4,43.3,22.5,9.2,4.2,19.8,25.0,97.6
1977,NBA,Phoenix Suns,PHO,False,82,19730,37.9,82.0,0.462,37.9,82.0,0.462,21.7,28.8,0.754,13.5,29.6,43.1,21.2,10.2,5.0,20.9,26.5,97.5
1977,NBA,Portland Trail Blazers,POR,True,82,19730,38.4,83.4,0.46,38.4,83.4,0.46,21.3,28.3,0.751,13.5,28.3,41.7,20.5,9.5,5.4,19.9,25.2,98.0
1977,NBA,San Antonio Spurs,SAS,True,82,19755,42.8,87.8,0.487,42.8,87.8,0.487,16.4,22.4,0.734,14.4,29.2,43.6,23.5,8.8,4.6,19.8,23.8,102.0
1977,NBA,Seattle SuperSonics,SEA,False,82,19805,38.5,83.3,0.462,38.5,83.3,0.462,21.1,28.1,0.753,14.3,30.1,44.3,23.2,8.2,5.4,21.6,23.9,98.2
1977,NBA,Washington Bullets,WSB,True,82,19730,40.8,89.0,0.458,40.8,89.0,0.458,16.8,22.3,0.752,13.4,29.5,42.8,21.7,9.4,4.0,17.3,24.0,98.4
1976,ABA,Denver Nuggets,DNA,True,84,20310,42.8,92.2,0.464,41.6,87.8,0.474,16.6,21.9,0.76,17.7,27.4,45.0,22.7,10.1,5.2,18.7,24.3,103.4
1976,ABA,Indiana Pacers,INA,True,84,20335,42.4,89.1,0.476,41.7,86.7,0.481,18.4,23.6,0.779,16.5,34.0,50.5,23.4,8.2,5.4,19.1,22.6,103.9
1976,ABA,Kentucky Colonels,KEN,True,84,20435,39.7,89.0,0.446,38.8,85.8,0.452,22.2,28.6,0.776,16.1,30.2,46.3,21.1,8.8,4.7,16.9,23.7,102.7
1976,ABA,New York Nets,NYA,True,84,20385,39.5,87.2,0.453,38.3,83.1,0.461,21.5,28.0,0.767,15.9,31.7,47.7,22.1,9.2,5.9,19.1,22.6,101.7
1976,ABA,San Antonio Spurs,SAA,True,84,20310,41.6,89.8,0.464,40.3,85.1,0.473,19.0,25.0,0.763,14.5,29.1,43.6,22.5,9.1,5.1,16.3,23.7,103.6
1976,ABA,San Diego Sails,SDS,False,11,2640,40.4,90.3,0.447,39.3,87.5,0.449,21.2,27.6,0.767,15.9,32.6,48.6,23.1,9.7,4.8,16.8,24.7,103.1
1976,ABA,Spirits of St. Louis,SSL,False,84,20460,41.2,88.6,0.465,40.2,85.0,0.473,21.1,26.5,0.797,15.6,30.5,46.1,21.9,9.3,5.6,17.8,21.0,104.5
1976,ABA,Utah Stars,UTS,False,16,3915,43.8,89.9,0.487,42.6,86.2,0.494,21.7,28.3,0.766,15.4,28.5,43.9,25.4,5.9,5.1,16.0,27.3,110.4
1976,ABA,Virginia Squires,VIR,False,83,20120,43.2,88.2,0.489,42.1,85.3,0.494,20.6,27.2,0.757,15.6,30.7,46.3,22.5,10.2,6.7,18.3,24.6,107.9
1976,NBA,Atlanta Hawks,ATL,False,82,19805,41.3,86.1,0.48,41.3,86.1,0.48,18.6,24.6,0.757,13.9,31.9,45.8,20.8,9.1,5.0,19.5,25.5,101.2
1976,NBA,Boston Celtics,BOS,True,82,19755,39.6,88.3,0.449,39.6,88.3,0.449,17.5,23.6,0.742,11.8,30.2,42.0,20.8,7.4,3.8,16.2,21.5,96.7
1976,NBA,Buffalo Braves,BUF,True,82,19705,40.1,86.9,0.461,40.1,86.9,0.461,18.1,24.3,0.747,13.3,29.8,43.1,23.4,8.2,3.6,18.7,24.1,98.2
1976,NBA,Chicago Bulls,CHI,False,82,19780,39.3,84.1,0.467,39.3,84.1,0.467,19.5,25.9,0.753,11.3,34.0,45.3,20.2,7.4,5.6,18.0,25.2,98.0
1976,NBA,Cleveland Cavaliers,CLE,True,82,19805,38.9,85.7,0.454,38.9,85.7,0.454,19.2,25.7,0.748,13.5,33.3,46.8,20.6,7.3,3.9,18.8,22.2,97.0
1976,NBA,Detroit Pistons,DET,True,82,19780,40.3,86.3,0.467,40.3,86.3,0.467,19.7,25.5,0.772,14.0,31.0,45.1,23.2,8.3,5.0,19.3,22.1,100.2
1976,NBA,Golden State Warriors,GSW,True,82,19830,38.4,86.6,0.444,38.4,86.6,0.444,17.7,24.0,0.736,14.4,30.5,44.9,22.4,8.3,4.4,19.7,21.8,94.5
1976,NBA,Houston Rockets,HOU,False,82,19755,41.8,87.7,0.477,41.8,87.7,0.477,18.2,24.1,0.757,13.0,28.7,41.7,23.5,7.9,3.6,17.7,23.8,101.8
1976,NBA,Kansas City Kings,KCK,False,82,19755,40.0,85.7,0.466,40.0,85.7,0.466,20.1,26.5,0.759,13.3,31.9,45.2,21.0,7.8,3.7,18.8,24.4,100.1
1976,NBA,Los Angeles Lakers,LAL,False,82,19705,40.5,90.0,0.45,40.5,90.0,0.45,17.7,24.2,0.732,15.6,32.0,47.6,22.9,8.7,4.1,17.6,22.4,98.8
1976,NBA,Milwaukee Bucks,MIL,True,82,19830,39.6,88.8,0.446,39.6,88.8,0.446,19.4,25.4,0.763,14.3,30.3,44.7,22.1,8.0,3.8,17.5,21.3,98.7
1976,NBA,New Orleans Jazz,NOJ,False,82,19880,38.4,83.9,0.458,38.4,83.9,0.458,20.5,27.9,0.737,13.4,32.2,45.6,19.1,8.8,4.6,19.8,24.5,97.4
1976,NBA,New York Knicks,NYK,False,82,19805,39.7,86.4,0.459,39.7,86.4,0.459,19.8,26.5,0.75,12.4,33.7,46.1,21.1,7.1,3.9,16.9,22.7,99.2
1976,NBA,Philadelphia 76ers,PHI,True,82,19855,39.0,87.0,0.448,39.0,87.0,0.448,20.0,26.2,0.763,16.1,30.5,46.7,20.8,8.2,3.8,20.2,24.2,98.0
1976,NBA,Phoenix Suns,PHO,True,82,19880,39.4,84.1,0.468,39.4,84.1,0.468,19.2,25.9,0.743,13.1,28.7,41.8,22.6,10.4,3.8,20.0,24.7,97.9
1976,NBA,Portland Trail Blazers,POR,False,82,19730,38.5,85.1,0.452,38.5,85.1,0.452,20.6,26.4,0.782,12.7,30.0,42.7,21.7,10.4,4.4,18.2,24.0,97.6
1976,NBA,Seattle SuperSonics,SEA,True,82,19780,39.3,84.1,0.467,39.3,84.1,0.467,20.0,27.1,0.738,14.0,30.6,44.5,23.8,8.4,4.4,20.9,23.8,98.6
1976,NBA,Washington Bullets,WSB,True,82,19905,39.1,88.3,0.442,39.1,88.3,0.442,17.1,23.0,0.744,13.2,31.1,44.3,19.7,9.4,3.9,17.5,23.0,95.3
1975,ABA,Denver Nuggets,DNA,True,84,20335,41.8,88.3,0.473,40.6,84.2,0.482,17.9,23.6,0.757,16.2,25.5,41.7,22.7,10.5,6.1,20.2,23.3,102.7
1975,ABA,Indiana Pacers,INA,True,84,20260,43.2,88.4,0.488,42.3,85.5,0.495,18.5,24.0,0.773,16.3,30.9,47.3,23.2,7.7,4.7,19.3,21.5,105.7
1975,ABA,Kentucky Colonels,KEN,True,84,20360,39.4,88.4,0.446,38.3,84.8,0.451,18.3,23.2,0.792,14.7,30.0,44.7,21.2,8.4,4.4,17.8,23.1,98.3
1975,ABA,Memphis Sounds,MMS,True,84,20360,45.3,92.1,0.492,44.5,89.5,0.497,16.9,22.5,0.753,16.8,34.8,51.6,26.2,7.8,3.9,18.1,21.4,108.4
1975,ABA,New York Nets,NYA,True,84,20385,39.9,88.0,0.453,38.4,83.2,0.461,17.7,23.0,0.767,15.1,31.1,46.2,20.7,8.1,4.4,19.4,20.3,98.9
1975,ABA,San Antonio Spurs,SAA,True,84,20285,42.9,90.9,0.472,41.6,86.3,0.482,18.4,24.5,0.751,15.1,29.5,44.7,23.9,8.0,5.1,16.0,24.8,105.4
1975,ABA,San Diego Conquistadors,SDA,False,84,20385,44.4,93.5,0.475,43.4,90.1,0.481,18.5,24.1,0.769,16.6,32.5,49.1,23.4,9.1,4.4,15.4,20.0,108.2
1975,ABA,Spirits of St. Louis,SSL,True,84,20260,43.7,89.2,0.49,43.0,86.4,0.497,18.7,24.3,0.768,14.2,28.6,42.9,25.5,9.6,5.5,17.1,22.3,106.8
1975,ABA,Utah Stars,UTS,True,84,20260,42.3,92.0,0.46,41.3,87.6,0.471,18.7,24.5,0.764,16.2,29.5,45.6,22.3,9.5,4.4,15.7,24.5,104.5
1975,ABA,Virginia Squires,VIR,False,84,20260,42.6,88.9,0.479,41.9,86.5,0.484,21.9,28.3,0.772,16.2,31.6,47.7,21.7,8.4,4.5,17.5,24.0,107.9
1975,NBA,Atlanta Hawks,ATL,False,82,19805,40.6,85.5,0.475,40.6,85.5,0.475,18.3,23.9,0.765,13.3,32.5,45.8,21.8,8.5,4.8,19.6,25.8,99.5
1975,NBA,Boston Celtics,BOS,True,82,19755,39.3,88.5,0.444,39.3,88.5,0.444,16.0,21.6,0.744,12.1,30.0,42.2,21.0,6.9,3.2,16.9,21.4,94.7
1975,NBA,Buffalo Braves,BUF,True,82,19730,40.4,89.7,0.45,40.4,89.7,0.45,17.1,21.9,0.779,14.6,29.6,44.2,24.3,8.2,4.3,18.9,22.9,97.8
1975,NBA,Chicago Bulls,CHI,True,82,19880,38.4,85.6,0.448,38.4,85.6,0.448,17.6,23.0,0.767,12.2,32.1,44.3,20.4,7.6,4.9,19.1,26.3,94.4
1975,NBA,Cleveland Cavaliers,CLE,False,82,19880,39.2,87.1,0.451,39.2,87.1,0.451,19.5,25.3,0.771,14.9,32.4,47.2,21.0,8.5,3.3,19.5,23.2,98.0
1975,NBA,Detroit Pistons,DET,True,82,19705,41.3,87.9,0.47,41.3,87.9,0.47,17.1,21.7,0.786,13.4,30.9,44.3,24.4,8.0,3.7,18.5,22.7,99.7
1975,NBA,Golden State Warriors,GSW,True,82,19780,39.3,86.0,0.456,39.3,86.0,0.456,18.8,24.9,0.754,13.4,30.0,43.4,23.5,9.0,4.4,18.5,20.9,97.3
1975,NBA,Houston Rockets,HOU,True,82,19780,40.4,84.0,0.481,40.4,84.0,0.481,18.6,25.1,0.741,12.2,28.1,40.3,23.9,8.8,3.6,19.9,24.3,99.4
1975,NBA,Kansas City-Omaha Kings,KCO,True,82,19730,39.7,86.2,0.461,39.7,86.2,0.461,17.7,23.0,0.768,12.4,32.8,45.1,21.4,7.1,3.6,18.7,23.6,97.1
1975,NBA,Los Angeles Lakers,LAL,False,82,19855,40.8,89.9,0.454,40.8,89.9,0.454,18.2,24.0,0.757,16.1,31.9,48.0,25.4,9.3,5.0,18.2,22.9,99.9
1975,NBA,Milwaukee Bucks,MIL,False,82,19805,40.0,90.2,0.444,40.0,90.2,0.444,17.7,22.7,0.783,13.7,31.4,45.1,23.3,7.8,3.5,16.4,20.2,97.8
1975,NBA,New Orleans Jazz,NOJ,False,82,19730,39.5,82.7,0.478,39.5,82.7,0.478,20.6,27.4,0.753,13.3,32.5,45.8,21.0,8.7,3.9,21.4,23.6,99.7
1975,NBA,New York Knicks,NYK,True,82,19730,39.6,86.8,0.457,39.6,86.8,0.457,19.0,24.6,0.776,12.6,33.7,46.3,19.7,6.7,4.4,17.6,22.6,98.3
1975,NBA,Philadelphia 76ers,PHI,False,82,19805,40.4,87.5,0.461,40.4,87.5,0.461,18.1,23.2,0.779,13.7,32.2,45.9,22.9,8.7,4.0,18.5,23.9,98.8
1975,NBA,Phoenix Suns,PHO,False,82,19805,39.0,85.1,0.458,39.0,85.1,0.458,20.7,27.3,0.757,12.9,29.8,42.7,24.0,10.1,4.8,18.4,23.1,98.6
1975,NBA,Portland Trail Blazers,POR,False,82,19880,39.0,86.5,0.45,39.0,86.5,0.45,19.8,25.1,0.787,13.9,29.7,43.6,24.1,10.7,4.4,18.5,24.0,97.7
1975,NBA,Seattle SuperSonics,SEA,True,82,19880,39.9,87.0,0.459,39.9,87.0,0.459,17.9,23.9,0.746,14.7,31.5,46.2,25.0,7.9,4.0,20.1,22.3,97.7
1975,NBA,Washington Bullets,WSB,True,82,19805,37.1,84.7,0.438,37.1,84.7,0.438,17.1,22.5,0.762,13.5,32.2,45.7,20.7,8.1,3.0,21.0,22.9,91.3
1974,ABA,Carolina Cougars,CAR,True,84,20360,40.5,85.7,0.472,39.5,81.9,0.482,20.3,26.6,0.764,15.5,28.6,44.1,20.6,8.6,4.8,20.8,24.0,102.3
1974,ABA,Denver Rockets,DNR,True,84,20285,42.1,89.9,0.468,40.9,85.8,0.477,18.2,24.0,0.758,14.2,31.2,45.3,26.6,8.7,6.3,16.2,23.8,103.5
1974,ABA,Indiana Pacers,INA,True,84,20360,41.3,92.3,0.447,40.3,88.5,0.456,17.4,23.2,0.75,16.8,31.9,48.7,21.2,7.5,5.1,16.9,23.3,100.9
1974,ABA,Kentucky Colonels,KEN,True,84,20235,41.0,91.8,0.447,39.8,87.7,0.454,16.3,21.6,0.755,16.1,32.1,48.2,20.0,8.1,3.6,16.8,22.6,99.5
1974,ABA,Memphis Tams,MMT,False,84,20260,42.8,90.1,0.475,41.9,87.1,0.481,21.7,28.4,0.761,14.9,30.0,45.0,23.2,9.5,4.8,16.5,23.8,108.1
1974,ABA,New York Nets,NYA,True,84,20285,39.2,88.0,0.445,37.9,83.6,0.454,18.9,25.5,0.742,16.0,30.4,46.4,20.9,8.3,3.7,19.2,20.7,98.4
1974,ABA,San Antonio Spurs,SAA,True,84,20360,39.1,86.4,0.452,37.7,81.8,0.461,21.4,28.1,0.759,13.1,31.7,44.8,21.9,7.5,5.1,17.2,24.4,100.8
1974,ABA,San Diego Conquistadors,SDA,True,84,20285,44.6,95.5,0.467,43.7,91.7,0.476,15.0,19.5,0.77,17.3,34.2,51.4,24.0,7.8,4.5,16.1,21.1,105.2
1974,ABA,Utah Stars,UTS,True,84,20310,42.8,92.8,0.461,41.1,87.4,0.471,18.0,23.3,0.77,17.1,31.1,48.2,22.0,7.6,3.2,16.4,22.9,105.2
1974,ABA,Virginia Squires,VIR,True,84,20260,42.1,90.5,0.465,40.9,87.0,0.471,20.4,26.5,0.769,16.3,30.2,46.6,21.2,8.7,5.4,17.4,24.8,105.6
1974,NBA,Atlanta Hawks,ATL,False,82,19755,39.2,83.6,0.468,39.2,83.6,0.468,20.6,26.2,0.787,12.5,30.2,42.7,22.2,9.0,4.3,20.2,23.3,99.0
1974,NBA,Boston Celtics,BOS,True,82,19780,39.3,88.8,0.443,39.3,88.8,0.443,16.5,21.4,0.772,12.5,28.7,41.2,21.3,6.0,3.4,17.6,20.5,95.1
1974,NBA,Buffalo Braves,BUF,True,82,19830,41.1,87.9,0.467,41.1,87.9,0.467,17.3,21.8,0.791,13.8,29.6,43.4,24.5,8.7,4.7,19.1,21.6,99.4
1974,NBA,Capital Bullets,CAP,True,82,19730,40.0,88.8,0.451,40.0,88.8,0.451,14.2,18.8,0.756,13.8,33.4,47.1,21.7,7.4,4.0,18.9,21.1,94.2
1974,NBA,Chicago Bulls,CHI,True,82,19780,38.6,83.8,0.46,38.6,83.8,0.46,16.5,21.3,0.772,13.1,31.6,44.7,21.2,7.1,4.7,21.7,25.4,93.6
1974,NBA,Cleveland Cavaliers,CLE,False,82,19755,40.2,85.7,0.469,40.2,85.7,0.469,19.8,25.2,0.784,13.3,32.7,46.0,24.7,7.4,4.0,19.3,21.6,100.1
1974,NBA,Detroit Pistons,DET,True,82,19755,38.5,85.5,0.45,38.5,85.5,0.45,16.8,22.0,0.763,13.4,30.0,43.4,22.6,8.8,4.7,20.8,22.8,93.8
1974,NBA,Golden State Warriors,GSW,False,82,19705,40.5,89.4,0.453,40.5,89.4,0.453,17.5,23.0,0.761,13.7,30.2,43.9,22.7,8.0,5.2,16.5,20.4,98.4
1974,NBA,Houston Rockets,HOU,False,82,19855,40.4,84.7,0.478,40.4,84.7,0.478,19.6,26.6,0.736,13.2,29.8,43.1,24.2,8.1,4.3,19.8,22.7,100.5
1974,NBA,Kansas City-Omaha Kings,KCO,False,82,19705,41.1,86.2,0.476,41.1,86.2,0.476,17.4,22.4,0.775,13.9,30.4,44.3,22.0,8.3,4.3,20.3,21.9,99.5
1974,NBA,Los Angeles Lakers,LAL,True,82,19755,39.9,91.0,0.438,39.9,91.0,0.438,16.8,22.2,0.756,16.6,30.3,46.9,22.4,8.7,4.7,18.7,23.2,96.6
1974,NBA,Milwaukee Bucks,MIL,True,82,19755,38.2,89.9,0.425,38.2,89.9,0.425,17.3,22.7,0.761,14.6,28.7,43.3,22.0,8.3,3.6,17.9,19.7,93.6
1974,NBA,New York Knicks,NYK,True,82,19780,38.6,86.5,0.446,38.6,86.5,0.446,17.5,23.1,0.758,12.2,32.7,44.9,18.5,5.6,4.1,18.2,21.0,94.7
1974,NBA,Philadelphia 76ers,PHI,False,82,19730,40.4,86.3,0.468,40.4,86.3,0.468,18.2,23.2,0.783,14.7,34.9,49.6,21.7,8.5,5.0,20.5,22.4,99.0
1974,NBA,Phoenix Suns,PHO,False,82,19755,40.4,86.6,0.467,40.4,86.6,0.467,20.4,26.1,0.782,13.5,30.7,44.3,24.2,9.0,4.4,18.2,22.2,101.3
1974,NBA,Portland Trail Blazers,POR,False,82,19730,41.1,84.9,0.484,41.1,84.9,0.484,20.5,25.8,0.794,13.4,30.0,43.4,25.9,9.7,4.7,19.2,22.0,102.6
1974,NBA,Seattle SuperSonics,SEA,False,82,19755,39.2,84.6,0.463,39.2,84.6,0.463,20.7,26.8,0.773,12.9,32.3,45.3,24.9,8.1,3.9,19.8,22.2,99.1
